Source.Name,SKUID,Description,QTY Sold,Total,Vat,Discount
  1/5/25 ,5.00E+12,Allevia Fexofenadine,1,10.49,1.75,0
  1/5/25 ,5.06E+12,ALMUS CALAMINE LOTION ,1,3.29,0.55,0
  1/5/25 ,5.06E+12,ALMUS hayfever & allergy relief tablets 10mg  30,1,2.49,0.42,0
  1/5/25 ,5.06E+12,ALMUS period pain reliever tablets g/r 250mg  9,1,5.49,0.73,1.1
  1/5/25 ,5.06E+12,ALVITA beauty & toiletries cotton wool balls  100,1,1.49,0.25,0
  1/5/25 ,5.06E+12,ALVITA diagnostic thermometers flexible digital MT509,1,3.99,0.67,0
  1/5/25 ,3.57E+12,Benylin Mucus Relief Ngt 150ml,1,9.09,1.52,0
  1/5/25 ,3.09E+12,Bic 1 Sens 5pk,2,1.78,0.3,0
  1/5/25 ,5.00E+12,Bonjela Cool Mint 15g,1,5.9,0.98,0
  1/5/25 ,5.01E+12,Calamine Lotion 200ml,2,6.58,1.1,0
  1/5/25 ,5.01E+12,CALPOL 2M+ 100ML,1,4.59,0.77,0
  1/5/25 ,5.02E+12,Calypso Kids Sun Lotion Spf 50,3,20.97,3.51,0
  1/5/25 ,8.70E+12,CLAIROL nice n easy care colour dark brown 4,1,7.99,1.33,0
  1/5/25 ,5.06E+12,CO CODAMOL,1,5.99,1,0
  1/5/25 ,5.00E+12,Co Codamol 8/500mg Eff,1,5.99,1,0
  1/5/25 ,8.72E+12,COLGATE toothpaste total active fresh 75ml,2,5,0.84,0
  1/5/25 ,8.71E+12,COLGATE toothpaste total freshening 75ml,1,3.5,0.58,0
  1/5/25 ,5.00E+12,Corsodyl M/wash Alc Free 300ml,2,11.7,1.96,0
  1/5/25 ,5.01E+12,COVONIA CHESTY CGH MIX 150ml,1,6,1,0
  1/5/25 ,5.06E+12,Difflam Spray 30ml,1,8.49,1.42,0
  1/5/25 ,5.00E+12,Dulcolax 5mg Gastro Tabs 20,1,3.14,0.52,0
  1/5/25 ,5.06E+12,EPIMAX,1,4.99,0.83,0
  1/5/25 ,4.01E+12,Eplast Fab/wsh/proof18s,1,2.63,0.44,0
  1/5/25 ,4.01E+12,EUCERIN dry skin with lactate replenshing face cream 5% 50ml,1,13.75,2.29,0
  1/5/25 ,6.10E+11,FINGER & TOE NAIL POLISH WITH ACETONE,1,1,0.17,0
  1/5/25 ,96091722,Fishermans Friend,1,0.79,0.13,0
  1/5/25 ,50084470,Fishermans Friend B/curt 25g,2,1.58,0.26,0
  1/5/25 ,50357475,Fishermens Friend Cherry Loz 25g,1,0.79,0.13,0
  1/5/25 ,5.00E+12,Fybogel HI/ Fibre Orange,1,10.99,1.83,0
  1/5/25 ,5.02E+12,GALPHARM treathay tablets f/c 120mg  30,1,6.99,1.17,0
  1/5/25 ,50658053,Halls Cherry,7,5.95,0.99,0
  1/5/25 ,96043509,Halls Citrus sf,2,1.7,0.28,0
  1/5/25 ,5.03E+12,Halls Soothers Peach,2,1.7,0.28,0
  1/5/25 ,5.03E+12,Halls Soothers S/Berry,1,0.85,0.14,0
  1/5/25 ,4.08E+12,Head&should S/poo 225ml,1,3.25,0.54,0
  1/5/25 ,5.03E+12,Hydrocortisone 1% Cream,1,8.19,1.37,0
  1/5/25 ,5.06E+12,IBUPROFEN AMD CODEINE,4,33.96,5.68,0
  1/5/25 ,3.57E+12,Imodium Instants 12s,1,8.24,1.37,0
  1/5/25 ,5.03E+12,JAKEMANS menthol sweets throat & chest 41g,1,0.99,0.17,0
  1/5/25 ,5.00E+12,KALMS DAY,1,6.87,1.15,0
  1/5/25 ,5.02E+12,KIDS HOT COLD PACK,1,4.99,0.83,0
  1/5/25 ,7.21E+11,KLIARVAX OLIVEOIL DROPS,1,3.99,0.67,0
  1/5/25 ,5.06E+12,Lactulose 3.3g/5ml Oral Solusion,1,6.29,1.05,0
  1/5/25 ,5.06E+12,LORATADINE 10MG,1,3.73,0.62,0
  1/5/25 ,8.71E+12,LYNX antiperspirant black 150ml ,1,3.29,0.55,0
  1/5/25 ,33984006232,MENOPRIME,1,7.95,1.33,0
  1/5/25 ,7.32E+12,MEPORE DRESSING 9X20CM/3.6X8IN,3,3,0.5,0
  1/5/25 ,5.06E+12,MIGRAINE RELIEF BUCCAL,1,6.99,1.17,0
  1/5/25 ,5.01E+12,Migraleve Complete 24 Tabs,1,13.49,2.25,0
  1/5/25 ,5.06E+12,MINIONS MEGA MULTI VITAMINS 60,1,7.99,1.33,0
  1/5/25 ,991,MISC,2,17.11,2.86,0
  1/5/25 ,6.10E+11,NAIL POLISH REMOVER ACETONE FREE,1,1.49,0.25,0
  1/5/25 ,7.06E+11,Neilmed Sinus Rinse Refill Kit,1,18.25,3.04,0
  1/5/25 ,3.57E+12,NICORETTE lozenges mint 2mg  40,1,10,0.48,0
  1/5/25 ,5.01E+12,Night Time Sleep Aid 25mg 20 Tabs,1,3.89,0.65,0
  1/5/25 ,5.01E+12,NUMARK toiletries & personal care lens wipes  50,1,2.49,0.42,0
  1/5/25 ,5.00E+12,Nurofen 200mg Caplets,1,2.43,0.41,0
  1/5/25 ,5.01E+12,NUROFEN PLUS IBUPROFEN.CODEINE 24TAB,1,9.8,1.63,0
  1/5/25 ,5.01E+12,OPTICROM ALLERGY 2%,1,5.99,1,0
  1/5/25 ,5.02E+12,Otex Olive Oil Ear Drops 10ml Olive Oil Ear Drops,1,3.99,0.67,0
  1/5/25 ,8.00E+12,PAMPERS baby wipes fresh clean  52,1,1.2,0.2,0
  1/5/25 ,5.06E+12,PARACETAMOL,4,6,1,0
  1/5/25 ,5.02E+12,PARACETAMOL CAPS 500mg 16,2,1.1,0.18,0
  1/5/25 ,5.06E+12,PARACETAMOL CAPSULES 32S,2,4,0.67,0
  1/5/25 ,5.04E+12,Paramol Tabs Ets 32,1,9.99,1.67,0
  1/5/25 ,5.02E+12,Peptac Liquid,1,5.92,0.99,0
  1/5/25 ,5.05E+12,Piriton Allergy Tabs 30 Tabs,1,4.99,0.83,0
  1/5/25 ,5.00E+12,Piriton Syrup 2mg/5ml 150ml,5,29.95,4.8,1.2
  1/5/25 ,5.06E+12,POCKET TISSUES,1,1.49,0.25,0
  1/5/25 ,5.03E+12,PRETTY COTTON WOOL BALLS,1,1,0.17,0
  1/5/25 ,5.01E+12,Rennie Tabs 24 Peppermint,1,3.09,0.52,0
  1/5/25 ,7.61E+12,RICOLA lozenges sugar free blackcurrant 45g,4,5.8,0.96,0
  1/5/25 ,5.02E+12,SAFE SOUND SELF ADHESIVE BANDAGE,1,3.45,0.58,0
  1/5/25 ,5.01E+12,SOLPADEINE MAX 24,6,54.42,9.06,0
  1/5/25 ,5.01E+12,SOLPADINE PLUS 24,2,14.54,2.42,0
  1/5/25 ,3.57E+12,SUDAFED DECONG TABS 12s,1,4.79,0.8,0
  1/5/25 ,5.02E+12,SUDOCREM ANTISEPT CRM 125G antiseptic cream,1,4.35,0.73,0
  1/5/25 ,1.05E+18,SURGICAL TAPE,2,2.98,0.5,0
  1/5/25 ,5.06E+12,TEATREE & PEPPERMINT FOOT PACK,1,2.5,0.42,0
  1/5/25 ,5.06E+12,Ultra Chlora Blkcrt Spry 15ml,1,6.15,1.03,0
  1/5/25 ,5.06E+12,Ultra Chlora Cherry Spy 15ml,1,6.15,1.03,0
  1/5/25 ,5.02E+12,Valupak Multivit/iron Tabs 50 Tablets,1,1.48,0.25,0
  1/5/25 ,5.01E+12,Vicks First Def Nasal Spry 15ml,1,7.65,1.28,0
  1/5/25 ,5.01E+12,Vira Soothe 75g,2,19.98,3.34,0
  1/5/25 ,5.06E+12,Vizulize Dry Eyes Intensive Drops 10ml,2,9.18,1.54,0
  1/5/25 ,5.05E+12,Voltarol 12hr EmugeL/P 50g,1,11.99,2,0
  1/5/25 ,5.10E+12,WATER WIPES,2,5.72,0.96,0
  1/5/25 ,5.02E+12,WIDE VELVET ALICE BAND BROWN/BLACK,1,2.59,0.43,0
  1/5/25 ,1.04E+18,ZETUVIT 10CMX20CM,4,2,0.33,0
  1/7/25 ,7.61E+12,A.VOGEL coughs colds &amp; flu tablets echinacea forte  40,1,13.49,2.25,0
  1/7/25 ,5.06E+12,A/Z MULTIVITAMINS & MINERALS,1,1.8,0.3,0
  1/7/25 ,9.34E+12,AEROPAD low adherent pad 5cm x 5cm 5,1,2.5,0.42,0
  1/7/25 ,5.06E+12,ALMUS CLOTRIMAZOLE 1% 20G,1,3.99,0.67,0
  1/7/25 ,5.06E+12,ALMUS cold sore cream 5% 2g,1,2.99,0.5,0
  1/7/25 ,5.04E+12,Anbesol Adult Strength Gel 0.02%/0.10% W/w/2.0% 10g,1,3.65,0.61,0
  1/7/25 ,5.01E+12,Anusol Ointment 25g,1,4.29,0.72,0
  1/7/25 ,5.06E+12,AQUEOUS CREAM,1,1,0.17,0
  1/7/25 ,5.06E+12,BAG FOR LIFE,1,2.49,0.42,0
  1/7/25 ,5.01E+12,Beconase H/fever Ad100 Spray,1,7.99,1.33,0
  1/7/25 ,5.02E+12,BELLS OTC medicines analgesics paracetamol caplets 500mg  32,1,1.5,0.25,0
  1/7/25 ,5.01E+12,Benylin Child Night Cough,1,5.59,0.93,0
  1/7/25 ,5.01E+12,BF HAND CREAM,1,1,0.17,0
  1/7/25 ,5.00E+12,Buscopan Ibs Relief 40tabs,2,16.68,2.78,0
  1/7/25 ,5.01E+12,Calpol Inf S/f 120mg/5ml 100ml,1,4.59,0.77,0
  1/7/25 ,5.02E+12,CALYPSO after sun moisturising lotion with insect repellent 500ml ,1,5.99,1,0
  1/7/25 ,5.02E+12,Calypso Insect Repellent Spray 150ml,1,5.99,1,0
  1/7/25 ,5.01E+12,Canesten Soft Gel Pessary,1,14.79,2.47,0
  1/7/25 ,5.01E+12,CANESTEN vaginal tablets 200mg  3,1,5.99,1,0
  1/7/25 ,5.01E+12,Carnation Corn Cap Plasters,2,8.5,1.42,0
  1/7/25 ,5.02E+12,Cetirizine 10mg 30 Tablets,1,3.99,0.67,0
  1/7/25 ,5.03E+12,CHLORAMPHENICOL 1% ANTIBIOTIC EYE OINTMENT,1,10.35,1.73,0
  1/7/25 ,8.00E+12,Clearblue _brand Clearblue Early Detecti Early Detection Visual,2,22.98,3.84,0
  1/7/25 ,5.06E+12,CO CODAMOL 8MG/500MG,2,7.98,1.34,0
  1/7/25 ,3.66E+12,COMPEED blister plasters high heel  5,1,7.07,1.18,0
  1/7/25 ,5.01E+12,CREPE BANDAGE,1,3.29,0.55,0
  1/7/25 ,5.01E+12,Cystitis Sachets X 6 Sachets,1,3.99,0.67,0
  1/7/25 ,5.03E+12,Dental Sticks,1,2.39,0.4,0
  1/7/25 ,5.39E+12,DIORALYTE oral powder sachets blackcurrant 0.53g/3.56g/0.30g/0.47g  6,1,4.99,0.83,0
  1/7/25 ,5.39E+12,DIORALYTE oral powder sachets citrus 0.53g/3.56g/0.30g/0.47g  6,1,4.99,0.83,0
  1/7/25 ,27122301,DISPENSARY SALE,2,4.84,0.81,0
  1/7/25 ,7.33E+12,EPADERM JUNIOR CREAM,1,7.29,1.22,0
  1/7/25 ,4.01E+12,Eplast Fab/wsh/proof18s,1,2.63,0.44,0
  1/7/25 ,5.00E+12,EUMOVATE ECZ&DER CRM 15g,1,9.98,1.66,0
  1/7/25 ,96190968,EURAX HC CREAM,2,9.98,1.66,0
  1/7/25 ,4.01E+12,FABRIC 1M BY 6CM,1,4.49,0.75,0
  1/7/25 ,5.01E+12,FLEXITOL for heels 25% urea balm 40g,1,3.99,0.67,0
  1/7/25 ,5.02E+12,GALPHARM treathay tablets f/c 120mg  30,1,6.99,1.17,0
  1/7/25 ,5.02E+12,Grays Herbal Tablets,1,1.39,0.23,0
  1/7/25 ,5.03E+12,Halls Soothers S/Berry,1,0.85,0.14,0
  1/7/25 ,5.03E+12,Hydrocortisone 1% Cream,1,8.19,1.37,0
  1/7/25 ,5.03E+12,HYDROCORTISONE OINTMENT,1,8.19,1.37,0
  1/7/25 ,5.06E+12,IBUPROFEN AMD CODEINE,2,16.98,2.84,0
  1/7/25 ,8.72E+12,Impulse Tease 75ml,1,2.24,0.37,0
  1/7/25 ,5.03E+12,Jakemans Throat/chest Stick,1,0.99,0.17,0
  1/7/25 ,5.02E+12,Laxido 30,1,8,1.33,0
  1/7/25 ,5.06E+12,LORATADINE 10MG,1,3.73,0.62,0
  1/7/25 ,5.02E+12,LUNOX sleep aid tablets 50mg  20,1,5.49,0.92,0
  1/7/25 ,5.06E+12,MELBOURNE SPRING WATER,1,1,0.17,0
  1/7/25 ,7.32E+12,MEPORE 11X15,6,4.2,0.7,0
  1/7/25 ,991,MISC,1,1.29,0.17,0.26
  1/7/25 ,5.02E+12,MOTUSOL gel 1.16% 30g,1,4.79,0.8,0
  1/7/25 ,5.02E+12,MURRAYS nail scissors stainless steel straight nail,1,3.49,0.58,0
  1/7/25 ,5.02E+12,NEUTRAL CLAW CLIPS ASSORT 3,1,3.49,0.58,0
  1/7/25 ,5.00E+12,Night Nurse 160ml,1,8.99,1.5,0
  1/7/25 ,5.01E+12,Night Time Sleep Aid 25mg 20 Tabs,1,3.89,0.65,0
  1/7/25 ,5.01E+12,NUROFEN PLUS IBUPROFEN.CODEINE 24TAB,1,9.8,1.63,0
  1/7/25 ,5.00E+12,NUROFEN PLUS TABLETS 32,1,11.29,1.88,0
  1/7/25 ,5.01E+12,Olive Oil,1,3.99,0.67,0
  1/7/25 ,5.06E+12,Orajel Mouth Gel 10% Blue 5.3g,1,4.79,0.8,0
  1/7/25 ,5.06E+12,Ors Blackcurrant,1,5.39,0.9,0
  1/7/25 ,3.57E+12,OVEX SUSPENSION FAMILY PK 30ml,1,15.99,2.67,0
  1/7/25 ,10181032806,PALMERS COCONUT OIL BODY LOTION 250ML,1,4.99,0.83,0
  1/7/25 ,5.05E+12,Piriton Allergy Tabs 30 Tabs,1,4.99,0.83,0
  1/7/25 ,5.05E+12,Piriton Allergy Tabs 4mg 60 Allergy Tablets  4mg,1,8.49,1.42,0
  1/7/25 ,5.00E+12,Piriton Syrup 2mg/5ml 150ml,1,5.99,1,0
  1/7/25 ,5.01E+12,Rennie Orange Chewable 24,1,3.09,0.52,0
  1/7/25 ,5.01E+12,Rennie Sugar Free Tablets,1,3.29,0.55,0
  1/7/25 ,5.01E+12,SAVLON 15G,1,1.79,0.3,0
  1/7/25 ,5.01E+12,SAVLON bites & stings gel 0.5%/2%/1% 20g,1,5.99,1,0
  1/7/25 ,5.01E+12,Senokot Max Strength,2,11.98,2,0
  1/7/25 ,8.01E+12,SEVEN SEAS OMEGA 3 MULTIVITAMIN MAN,1,16.99,2.83,0
  1/7/25 ,5.06E+12,SILEX covid self test  1,1,2.49,0.42,0
  1/7/25 ,5.04E+12,SKIN CLOSURE STRIPS,1,2.99,0.5,0
  1/7/25 ,5.01E+12,SOLPADINE PLUS 24,3,21.81,3.63,0
  1/7/25 ,5.01E+12,SOLPAONE EFFERVESCENT PARACETAMOL,1,5.59,0.93,0
  1/7/25 ,5.02E+12,SUDOCREM,1,10.79,1.8,0
  1/7/25 ,7.32E+12,TEPE interdental brushes orange 0.45mm 6,1,4.3,0.72,0
  1/7/25 ,5.02E+12,Valupak Zinc 10mg 60,1,1.14,0.19,0
  1/7/25 ,4.03E+12,VICKS TRIPLE ACTION LOZ,1,2.29,0.38,0
  1/7/25 ,33984032804,VITAMIN C 1000MG,1,8.92,1.49,0
  1/7/25 ,5.05E+12,Voltarol 12hr Emugel P 30g,1,8.49,1.42,0
  1/7/25 ,5.10E+12,WATER WIPES,1,2.86,0.48,0
  1/7/25 ,5.03E+12,WISDOM toothbrushes step by step 3/5,1,1.29,0.22,0
  10/6/25  ,5.04E+12,ALLERGY RELIEVER,4,20,3.32,0
  10/6/25  ,5.00E+12,Arnicare Crm 50g,4,34.76,5.8,0
  10/6/25  ,5.00E+12,Beechams AlL/IN/One 160ml,4,24,4,0
  10/6/25  ,5.01E+12,Calpol Inf S/f 120mg/5ml 100ml,4,18.36,3.08,0
  10/6/25  ,5.05E+12,CENTRUM ADVANCE ADULTS,4,22.88,3.8,0
  10/6/25  ,4.06E+12,CLAIROL tone+gloss 811/73 medium ash blonde 135ml,4,27.96,4.68,0
  10/6/25  ,8.00E+12,Clearblue _brand Clearblue Early Detecti Early Detection Visual,4,45.96,7.68,0
  10/6/25  ,1.05E+18,CLINIPORE SURGICAL TAPE,4,5.16,0.88,0
  10/6/25  ,1.05E+18,CLINIPORE TAPE 5X5,4,7.56,1.28,0
  10/6/25  ,5.06E+12,CO CODAMOL 8MG/500MG,12,47.88,8.04,0
  10/6/25  ,3.66E+12,COMPEED,8,50.4,8.4,0
  10/6/25  ,5.03E+12,COTTON WOOL BALLS,4,4,0.68,0
  10/6/25  ,5.01E+12,Cotton Wool Roll,8,9.2,1.52,0
  10/6/25  ,5.01E+12,Covonia Throat Spray 30ml,4,36,6,0
  10/6/25  ,9.00E+12,Cow/gate Instant Carobel 135g Instant Carobel,12,52.2,0,0
  10/6/25  ,5.71E+12,D/PEARLS 800IU,4,29,4.84,0
  10/6/25  ,5.00E+12,DULCOLAX ADULT PICO LIQUID,4,17.64,2.96,0
  10/6/25  ,5.03E+12,EARCALM,4,35.96,6,0
  10/6/25  ,5.01E+12,FACIAL WIPES SOFT APRICOT,4,4,0.68,0
  10/6/25  ,50084470,Fishermans Friend B/curt 25g,4,3.16,0.52,0
  10/6/25  ,50357475,Fishermens Friend Cherry Loz 25g,4,3.16,0.52,0
  10/6/25  ,6.92E+12,FLOWFLEX lateral flow test kits  5,4,36,6,0
  10/6/25  ,5.02E+12,Fluconazole 150mg Capsule,4,15.96,2.68,0
  10/6/25  ,5.00E+12,Gaviscon Double Act Liq 300ml Peppermint,4,35.96,6,0
  10/6/25  ,5.06E+12,IBUPROFEN 400MG TABLETS,4,23.96,4,0
  10/6/25  ,5.06E+12,IBUPROFEN AMD CODEINE,4,33.96,5.68,0
  10/6/25  ,5.01E+12,Ibuprofen Tablets 200mg 24,4,12.76,2.12,0
  10/6/25  ,5.03E+12,JAKEMANS menthol lozenges peppermint 73g,4,3.96,0.68,0
  10/6/25  ,5.03E+12,JAKEMANS menthol lozenges throat & chest 73g,4,3.96,0.68,0
  10/6/25  ,5.01E+12,MAC sore throat lozenges honey & lemon flavour  12,4,5.68,0.96,0
  10/6/25  ,5.02E+12,NEUTRAL CLAW CLIPS ASSORT 3,4,13.96,2.32,0
  10/6/25  ,5.05E+12,Night Nurse Capsules 10,4,28.64,4.76,0
  10/6/25  ,5.01E+12,NYTOL ONE A NGT 20 TABLETS,8,65.52,10.96,0
  10/6/25  ,5.01E+12,OPTICROM ALLERGY 2%,8,47.92,8,0
  10/6/25  ,5.01E+12,OPTREX eye drops double action rehydrating dry eyes 10ml,4,42,7,0
  10/6/25  ,5.06E+12,PARACETAMOL,4,6,1,0
  10/6/25  ,5.04E+12,Paramol Ets 24 Tabs,4,33.96,5.68,0
  10/6/25  ,5.04E+12,Paramol Tabs Ets 32,4,39.96,6.68,0
  10/6/25  ,5.06E+12,PEPPA PIG PLASTERS,4,6.36,0.84,1.28
  10/6/25  ,5.00E+12,POLI/GRIP denture fixative cream ultra hold & neutral tasting 40g,4,15.68,2.6,0
  10/6/25  ,5.01E+12,SAVLON wound cleansing wipe sachets  10,4,11.96,2,0
  10/6/25  ,5.01E+12,Senokot Max Strength,4,23.96,4,0
  10/6/25  ,8.72E+12,SIMPLE face kind to skin cleansing wipes  25,20,40,6.6,0
  10/6/25  ,5.01E+12,Sinutab Tablets 15s,4,25.96,4.32,0
  10/6/25  ,1.05E+18,SKIN OINTMENT,4,69.04,11.52,0
  10/6/25  ,5.01E+12,SOLPADEINE MAX 24,4,36.28,6.04,0
  10/6/25  ,5.01E+12,SOLPADEINE MAX SOL 24,8,68,11.36,0
  10/6/25  ,5.01E+12,SOLPADINE PLUS 24,4,29.08,4.84,0
  10/6/25  ,5.01E+12,STUGERON 15 TABS,4,21.16,3.52,0
  10/6/25  ,3.57E+12,Sudafed Block Nose Spray 15ml,4,23.16,3.88,0
  10/6/25  ,1.05E+18,SURGICAL TAPE,4,5.96,1,0
  10/6/25  ,5.06E+12,TEA TREE FACIAL WIPES,4,6.4,1.08,0
  10/6/25  ,7.35E+12,TEPE interdental brushes mixed  6,4,17.2,2.88,0
  10/6/25  ,42182634,Vaseline Petro Jelly 100ml,4,7.96,1.32,0
  10/6/25  ,5.05E+12,Voltarol 12hr EmugeL/P 50g,4,47.96,8,0
  10/6/25  ,42211471,WRIGLEYS EXTRA WHITE CHEWING GUM,4,3.16,0.52,0
  10/7/25 ,5.01E+12,Acriflex Cooling Gel 30g,1,4.99,0.83,0
  10/7/25 ,5.01E+12,Actifed MultI/Action Tabs 12s,1,5.79,0.97,0
  10/7/25 ,9.34E+12,AEROFILMPLUS waterproof island dressing 9cm x 10cm 3,1,6.35,1.06,0
  10/7/25 ,9.34E+12,AEROPAD low adherent pad 5cm x 5cm 5,1,2.5,0.42,0
  10/7/25 ,9.34E+12,AEROPLAST butterfly wound closures 10mm x 45mm 10,1,1.58,0.26,0
  10/7/25 ,5.00E+12,ALLEVIA 120MG,1,5.32,0.89,0
  10/7/25 ,5.00E+12,Allevia Fexofenadine,1,10.49,1.75,0
  10/7/25 ,5.06E+12,ALMUS erectile dysfunction relief tablets f/c 50mg  8,1,26.99,4.5,0
  10/7/25 ,5.06E+12,ALVITACOTTON PADS,1,1.49,0.25,0
  10/7/25 ,5.02E+12,AQUEOUS CREAM WITH ALOE VERA,2,2.98,0.5,0
  10/7/25 ,5.01E+12,Aspirin Disp Tabs 75mg,1,0.85,0.14,0
  10/7/25 ,5.02E+12,BELLS OTC medicines analgesics paracetamol caplets 500mg  32,3,4.5,0.75,0
  10/7/25 ,3.57E+12,Benylin Mucus Relief Ngt 150ml,1,9.09,1.52,0
  10/7/25 ,5.02E+12,BluE/Detectable Plasters,1,3.15,0.53,0
  10/7/25 ,5.01E+12,CALIFIG SYR FIG W/ FIBRE 100ml,1,5.99,1,0
  10/7/25 ,5.02E+12,Calypso 50 High 150ml,1,8.99,1.5,0
  10/7/25 ,5.02E+12,Calypso Insect Repellent Spray 150ml,2,11.98,2,0
  10/7/25 ,5.02E+12,CALYPSO sun protection continuous spray spf30 175ml,2,14.98,2.5,0
  10/7/25 ,5.01E+12,CANESTEN 2% CREAM 20g,1,10.59,1.77,0
  10/7/25 ,5.01E+12,Cetraben Emoll Crm 50g,1,5.99,1,0
  10/7/25 ,1.05E+18,CLINIGRIP ELASTICATED TUBULAR BANDAGE B 0.5M,1,1.4,0.23,0
  10/7/25 ,5.06E+12,CO CODAMOL,1,5.99,1,0
  10/7/25 ,5.06E+12,CO CODAMOL 8MG/500MG,2,7.98,1.34,0
  10/7/25 ,8.71E+12,COLGATE mouthrinse max white one 500ml,1,2.5,0.42,0
  10/7/25 ,5.06E+12,Difflam Spray 30ml,1,8.49,1.42,0
  10/7/25 ,5.01E+12,Disp Asprin 75mg 100s,1,2.55,0.43,0
  10/7/25 ,4.01E+12,FABRIC 1M BY 6CM,1,4.49,0.75,0
  10/7/25 ,5.02E+12,FABRIC PLASTERS,1,2.39,0.4,0
  10/7/25 ,5.02E+12,Fluconazole 150mg Capsule,2,7.98,1.34,0
  10/7/25 ,5.02E+12,FREESTYLE LIBRE 2,1,50,8.33,0
  10/7/25 ,5.01E+12,FYBOCALM wind & bloating relief capsules 60mg  30,1,14.99,2.5,0
  10/7/25 ,7.35E+12,HC45 HYDROCORTISONE CREAM,1,5.99,1,0
  10/7/25 ,5.41E+12,Head&should S/poo 250ml,1,3,0.5,0
  10/7/25 ,5.06E+12,HURRYCANE WALKING STICK,1,22.45,3.74,0
  10/7/25 ,5.03E+12,Hydrocortisone 1% Cream,1,8.19,1.37,0
  10/7/25 ,5.02E+12,IBULEVE 5% 50G,1,6.5,1.08,0
  10/7/25 ,5.03E+12,Imodium Caps 2mg 6 Tabs,1,4.18,0.7,0
  10/7/25 ,6.00E+12,KEDLEY FOAM ARM SLING,1,9.99,1.67,0
  10/7/25 ,5.00E+12,Lemsip Max AlL/IN/One Sach Lemon 8 Sachets,1,5.99,1,0
  10/7/25 ,5.00E+12,LEMSIP MAX COLD/FLU CAPS 16s,1,4.49,0.75,0
  10/7/25 ,5.06E+12,LEVONORGESTREL 1.5MG TAB,1,20,3.33,0
  10/7/25 ,5.00E+12,MELOLIN ADHESIVE low/adhesive absorbent dressing pads consumer/OTC pack  8.3cm x 6cm 5,1,3.54,0.59,0
  10/7/25 ,7.32E+12,MEPORE 11X15,6,4.2,0.71,0
  10/7/25 ,5.01E+12,MOVICOL EASE powder for oral solution sachets flavour free 13.125g/46.6mg/178.5mg/350.7mg  20,1,10.89,1.82,0
  10/7/25 ,5.00E+12,Night Nurse 160ml,3,26.97,3.9,3.6
  10/7/25 ,5.05E+12,Night Nurse Capsules 10,1,7.16,1.19,0
  10/7/25 ,5.00E+12,Nurofen Child Strwbry 100ml,1,4.25,0.71,0
  10/7/25 ,5.01E+12,NYTOL ONE A NGT 20 TABLETS,1,8.19,1.37,0
  10/7/25 ,5.01E+12,Nytol Orginal 25mg 20s,1,5.99,1,0
  10/7/25 ,5.05E+12,OPTREX eye drops hayfever relief 2% 10ml,1,6.49,1.08,0
  10/7/25 ,5.01E+12,OPTREX eye spray actimist for tired & strained eyes 10ml,1,15.99,2.67,0
  10/7/25 ,50483464,Optrex Infected Eye Drops,1,7.99,1.33,0
  10/7/25 ,50007592,Optrex Refreshing Eye Drops 10ml,1,4.99,0.83,0
  10/7/25 ,8.70E+12,ORAL/B toothpaste kids pro kids 0/6yrs 50ml,1,2,0.33,0
  10/7/25 ,3.57E+12,ORALDENE medicated relief for mouth & throat infections 200ml ,1,5,0.83,0
  10/7/25 ,10181032356,PALMERS C/OIL H/CREAM,1,3.99,0.67,0
  10/7/25 ,5.04E+12,Paramol Tabs Ets 32,1,9.99,1.67,0
  10/7/25 ,4.08E+12,Pepto Bismol 240ml,1,4.59,0.77,0
  10/7/25 ,5.05E+12,Piriton Allergy Tabs 30 Tabs,1,4.99,0.67,1
  10/7/25 ,5.03E+12,PYROCALM CONTROL 20MG 7TAB,1,6.42,1.07,0
  10/7/25 ,5.01E+12,Rennie Orange Chewable 24,1,3.09,0.52,0
  10/7/25 ,5.06E+12,RICE AND ROSEWATER CONDITIONER,1,1,0.17,0
  10/7/25 ,7.61E+12,Ricola Drops 45g S/f Elderflower Box,2,2.9,0.48,0
  10/7/25 ,7.61E+12,Ricola Drops 45g S/f Lemon Mint Box,1,1.45,0.24,0
  10/7/25 ,7.61E+12,RICOLA lozenges sugar free raspberry mint 45g,2,2.9,0.48,0
  10/7/25 ,5.00E+12,ROBITUSSIN CHESTY COUGH 100ml,1,3.93,0.66,0
  10/7/25 ,5.02E+12,SAFE SOUND NIT COMB,1,1.35,0.23,0
  10/7/25 ,5.03E+12,SKINCALM 1% BITE AND STING CREAM HYDROCORTISONE,3,11.67,1.95,0
  10/7/25 ,5.01E+12,SOLPADEINE MAX 24,2,18.14,3.02,0
  10/7/25 ,5.01E+12,SOLPADEINE MAX SOL 24,2,17,2.84,0
  10/7/25 ,5.01E+12,SOLPADINE PLUS 24,1,7.27,1.21,0
  10/7/25 ,5.01E+12,SOLPADINE PLUSE 24CAP,2,13.78,2.3,0
  10/7/25 ,5.01E+12,Steradent Active Plus 30 Tabs,1,1.3,0.22,0
  10/7/25 ,5.01E+12,Steradentpro White Pro White,1,1.79,0.3,0
  10/7/25 ,5.00E+12,Strepsils Extra Triple Action Cherry Lozenges,1,5.89,0.98,0
  10/7/25 ,3.57E+12,Sudafed Block Nose Spray 15ml,1,5.79,0.97,0
  10/7/25 ,3.57E+12,SUDAFED DECONG TABS 12s,3,14.37,2.4,0
  10/7/25 ,5.02E+12,Sudocrem Antisept Cream 250g,1,9.99,1.67,0
  10/7/25 ,42182627,VASELINE PETRO JELLY 50ML,1,1.39,0.23,0
  11/6/25  ,5.02E+12,4head Top H/ache Rel Stk 3.6g,8,48.64,8.12,0
  11/6/25  ,5.06E+12,AACULOSE eye drops 0.5% 10ml,4,7.12,1.2,0
  11/6/25  ,5.01E+12,Acetone Solvent 50ml,8,23.12,3.84,0
  11/6/25  ,5.00E+12,Allevia Fexofenadine,4,41.96,7,0
  11/6/25  ,8.00E+12,ALWAYS incontinence range discreet pads long  10,4,11,0,0
  11/6/25  ,5.00E+12,Anadin Extra 32,4,18,3,0
  11/6/25  ,5.05E+12,APTAMIL milk powder comfort infant 800g,4,71.96,0,0
  11/6/25  ,5.02E+12,BALANCE ACTIV thrush cream 30ml,4,39.96,6.68,0
  11/6/25  ,5.02E+12,BELLS OTC medicines analgesics paracetamol caplets 500mg  32,12,18,3,0
  11/6/25  ,5.00E+12,Buscopan Cramps,4,29.16,4.88,0
  11/6/25  ,5.06E+12,CANESTEN THRUSH2%,4,42.36,7.08,0
  11/6/25  ,96186893,CHAP STICK STRAWBERRY,4,5.96,1,0
  11/6/25  ,5.02E+12,CHILDRENS ALLERGY RELIEF,4,19.16,3.2,0
  11/6/25  ,4.06E+12,CLAIROL tone+gloss 811/73 medium ash blonde 135ml,4,27.96,4.68,0
  11/6/25  ,5.01E+12,CLARINAZE NASAL SPRAY,4,49.24,8.2,0
  11/6/25  ,4.08E+12,Clearblue Digital Preg Test Sngle,4,49.16,8.2,0
  11/6/25  ,1.05E+18,CLINIPORE TAPE 5X5,4,7.56,1.28,0
  11/6/25  ,5.06E+12,CO CODAMOL 8MG/500MG,4,15.96,2.68,0
  11/6/25  ,5.06E+12,CO/Codamol Eff 8/500mg 32s,4,23.96,4,0
  11/6/25  ,5.01E+12,COVONIA DRY TICKLY SF,4,27.96,4.68,0
  11/6/25  ,5.03E+12,Daktacort Hc Cream 15g,4,30.76,5.12,0
  11/6/25  ,5.05E+12,DAY NURSE tablets f/c 500mg/30mg  18,4,34,5.68,0
  11/6/25  ,5.01E+12,DEEP FREEZE muscle rescue cold spray 72.5ml,4,23.96,4,0
  11/6/25  ,76111570,Dextro Lemon,4,3.16,0.52,0
  11/6/25  ,5.06E+12,EPIMAX excetra cream 500g ,4,23.8,3.96,0
  11/6/25  ,5.02E+12,FACIAL WIPES ,4,4,0.68,0
  11/6/25  ,5.01E+12,FACIAL WIPES SOFT APRICOT,4,4,0.68,0
  11/6/25  ,5.06E+12,FLARIN soft capsules 200mg  30,4,51.96,8.68,0
  11/6/25  ,4.00E+12,Floradix Liquid Fmla 250ml,4,45.56,7.6,0
  11/6/25  ,5.41E+12,HEAD & SHOULDERS shampoo itchy scalp 250ml,4,15.96,2.68,0
  11/6/25  ,5.01E+12,Hedrin 4% Lotion,4,27.96,4.68,0
  11/6/25  ,5.06E+12,IBUPROFEN 400MG TABLETS,4,23.96,4,0
  11/6/25  ,5.06E+12,IBUPROFEN AMD CODEINE,8,67.92,11.36,0
  11/6/25  ,5.03E+12,JAKEMANS menthol lozenges honey & lemon 73g,4,3.96,0.68,0
  11/6/25  ,5.03E+12,KLEENEX original tissues  64,4,5,0.84,0
  11/6/25  ,5.02E+12,Laxido Orange (keep),4,23.68,3.96,0
  11/6/25  ,8.10E+11,MEDIHONEY,12,106.2,17.72,0
  11/6/25  ,5.06E+12,MELBOURNE SPRING WATER,4,4,0.68,0
  11/6/25  ,991,MISC,4,5.16,0.88,0
  11/6/25  ,3.57E+12,Nicorette 15mg Inhalator,4,132.76,6.32,0
  11/6/25  ,5.00E+12,Night Nurse 160ml,4,35.96,4.8,7.2
  11/6/25  ,5.01E+12,NYTOL ONE A NGT 20 TABLETS,4,32.76,5.48,0
  11/6/25  ,5.00E+12,Olbas Inhaler 695mg,4,13.16,2.2,0
  11/6/25  ,5.39E+12,OPTASE allergy eye drops 0.5ml 20,4,51.8,8.64,0
  11/6/25  ,5.01E+12,OPTREX eye drops soothing for itchy eyes 10ml,4,23.96,4,0
  11/6/25  ,10181041709,PALMERS BODY OIL,4,27.96,4.68,0
  11/6/25  ,5.00E+12,Panadol Actifast Sol 24,4,19.8,3.32,0
  11/6/25  ,5.04E+12,Paramol Tabs Ets 32,4,39.96,6.68,0
  11/6/25  ,5.00E+12,Piriton Syrup 2mg/5ml 150ml,8,47.92,8,0
  11/6/25  ,5.02E+12,PLUSH HOT WATER BOTTLE,4,31.96,5.32,0
  11/6/25  ,7.61E+12,RICOLA lozenges sugar free raspberry mint 45g,4,5.8,0.96,0
  11/6/25  ,5.02E+12,SAFE & SOUND eye pad Adhesive,4,7.56,1.28,0
  11/6/25  ,5.02E+12,SAFE&SOUND STER ADHESIVE WATERPROOF,4,4,0.68,0
  11/6/25  ,5.02E+12,SHARPENER,4,4.92,0.84,0
  11/6/25  ,5.02E+12,SKIN DEEP SELF TANNING WIPES 20 PACK,4,4,0.68,0
  11/6/25  ,5.01E+12,SOLPADEINE MAX 24,16,145.12,24.16,0
  11/6/25  ,5.01E+12,SOLPADEINE MAX SOL 24,4,34,5.68,0
  11/6/25  ,5.01E+12,SOLPADINE PLUS 24,4,29.08,4.84,0
  11/6/25  ,3.57E+12,Sudafed Block Nose Spray 15ml,4,23.16,3.88,0
  11/6/25  ,3.57E+12,SUDAFED DECONG TABS 12s,4,19.16,3.2,0
  11/6/25  ,5.02E+12,SUDOCREM 60G,4,13.4,2.24,0
  11/6/25  ,5.06E+12,SURESIGN blood pressure monitor pulse & irregular heartbeat functions LD588,4,119.96,20,0
  11/6/25  ,5.06E+12,Suresign Thermometers 30 Second Digital,4,16.28,2.72,0
  11/6/25  ,8.00E+12,Tampax Compak Reg 18s,4,12.76,0,0
  11/6/25  ,5.02E+12,Valupak Clo Caps 1000mg 30 Capsules 1000mg  1000mg,4,8.24,1.36,0
  11/6/25  ,5.02E+12,Valupak Vit D3 1000iu 60s,4,4.56,0.76,0
  11/6/25  ,5.01E+12,ZIPAMOL PLUS effervescent tablets 8/500mg  32,4,23.96,4,0
  11/7/25 ,5.01E+12,ACRIFLEX CREAM 30g,1,3.99,0.67,0
  11/7/25 ,5.06E+12,ALMUS cold sore cream 5% 2g,1,2.99,0.5,0
  11/7/25 ,4.01E+12,Aqua Protect 100% Waterproof 20s,1,4.99,0.83,0
  11/7/25 ,5.06E+12,ARM BLOOD PRESSURE MONITOR,1,32.99,5.5,0
  11/7/25 ,5.01E+12,Aspirin Disp Tabs 75mg,1,0.85,0.14,0
  11/7/25 ,5.02E+12,BELLS OTC medicines analgesics paracetamol caplets 500mg  32,1,1.5,0.25,0
  11/7/25 ,7.93E+11,BURTS BEES HONEY LIP BALM,1,4.2,0.7,0
  11/7/25 ,5.02E+12,Calypso 50 High 150ml,1,8.99,1.5,0
  11/7/25 ,5.01E+12,CANESTEN 2% CREAM 20g,1,10.59,1.77,0
  11/7/25 ,5.06E+12,CETIRIZINE 10MG,1,3.99,0.67,0
  11/7/25 ,5.02E+12,Cetirizine 10mg 30 Tablets,1,3.99,0.67,0
  11/7/25 ,96186886,Chapstick Cherry,1,1.49,0.25,0
  11/7/25 ,5.06E+12,CO CODAMOL 8MG/500MG,2,7.98,1.34,0
  11/7/25 ,96199480,COTTON BUDS,1,1,0.17,0
  11/7/25 ,5.01E+12,Cotton Wool Roll,1,1.15,0.19,0
  11/7/25 ,9.00E+12,Cow/gate Instant Carobel 135g Instant Carobel,1,4.35,0,0
  11/7/25 ,5.00E+12,Cuprofen 24s,1,3.99,0.67,0
  11/7/25 ,8.91E+12,CURALENE JELLY,1,1.49,0.25,0
  11/7/25 ,76111587,Dextro Energy Classic 47g,6,4.74,0,0
  11/7/25 ,80466437,DOVE ROLL ON ORIGINAL,1,3.55,0.59,0
  11/7/25 ,5.06E+12,EPIMAX cream 100g ,1,1.49,0.25,0
  11/7/25 ,4.01E+12,Eplast Fab/wsh/proof18s,1,2.63,0.44,0
  11/7/25 ,5.06E+12,FLARIN soft capsules 200mg  30,1,12.99,2.17,0
  11/7/25 ,5.00E+12,Gaviscon Adv Tabs 60 Mint,2,12.64,2.1,0
  11/7/25 ,5.06E+12,GLUCORX HCT blood glucose & ketone monitoring system,1,19.99,3.33,0
  11/7/25 ,5.02E+12,GRADUAL TANNING LOTION,1,3.49,0.58,0
  11/7/25 ,5.03E+12,Hydrocortisone 1% Cream,1,8.19,1.37,0
  11/7/25 ,4.03E+12,Hylo Tear Eye Drops,2,30.6,5.1,0
  11/7/25 ,5.01E+12,Ibuprofen Tablets 200mg 24,1,3.19,0.53,0
  11/7/25 ,6.00E+12,KEDLEY KNEE SUPPORT L,1,6.49,1.08,0
  11/7/25 ,6.00E+12,KEDLEY KNEE SUPPORT XL,1,6.49,1.08,0
  11/7/25 ,5.00E+12,Melolin Single 10x10,2,1.12,0.18,0
  11/7/25 ,991,MISC,1,55,9.17,0
  11/7/25 ,5.01E+12,MOVICOL EASE powder for oral solution sachets flavour free 13.125g/46.6mg/178.5mg/350.7mg  20,1,10.89,1.82,0
  11/7/25 ,5.06E+12,O.R.S. oral rehydration salt for children tablets strawberry  24,1,7.99,1.33,0
  11/7/25 ,5.06E+12,O.r.s. Oral Rehydration Salt Tablets Blackcurrant   12,1,4.5,0.75,0
  11/7/25 ,945,œ1 Lines,1,1,0.17,0
  11/7/25 ,5.06E+12,Ors,1,4.5,0.75,0
  11/7/25 ,3.57E+12,OVEX SUSPENSION FAMILY PK 30ml,1,15.99,2.67,0
  11/7/25 ,5.02E+12,PARACETAMOL EFFERVESCENT TABLETS,1,4.1,0.68,0
  11/7/25 ,5.04E+12,Paramol Ets 24 Tabs,1,8.49,1.42,0
  11/7/25 ,5.01E+12,Phenergan Elixir 100ml,1,5.62,0.94,0
  11/7/25 ,5.05E+12,Piriton Allergy Tabs 4mg 60 Allergy Tablets  4mg,1,8.49,1.42,0
  11/7/25 ,5.00E+12,Radox Shower Active 250ml,1,2.15,0.36,0
  11/7/25 ,5.02E+12,Safe+sound Antiseptic Wips X10,1,1.69,0.28,0
  11/7/25 ,8.70E+12,SILVIKRIN hairspray power extreme hold 75ml,1,1.99,0.33,0
  11/7/25 ,5.01E+12,SOLPADEINE MAX 24,1,9.07,1.51,0
  11/7/25 ,5.01E+12,SOLPADINE PLUS 24,2,14.54,2.42,0
  11/7/25 ,5.01E+12,STUGERON 15 TABS,1,5.29,0.88,0
  11/7/25 ,5.06E+12,SURESIGN 6 day early midstream pregnancy test  2,1,6.99,1.17,0
  11/7/25 ,5.39E+12,SYNDOL tablets 30mg/10mg/5mg/450mg  10,1,4.59,0.77,0
  11/7/25 ,5.02E+12,Valupak Magnesium 187.5mg 30,1,1.14,0.19,0
  11/7/25 ,42182627,VASELINE PETRO JELLY 50ML,1,1.39,0.23,0
  11/7/25 ,8.01E+12,VICKS inhaler 0.5ml,1,2.6,0.43,0
  12/5/25 ,5.06E+12,ALMUS erectile dysfunction relief tablets f/c 50mg  4,4,59.96,10,0
  12/5/25 ,5.06E+12,ALMUS ibuprofen tablets 200mg  24,2,2,0.34,0
  12/5/25 ,5.06E+12,ALMUS paracetamol caplets 500mg  16,2,0.98,0.16,0
  12/5/25 ,5.06E+12,ALMUS sleep aid tablets 50mg  20,4,21.96,3.68,0
  12/5/25 ,5.06E+12,ALVITA surgical dressings crepe bandage cotton BP 7.5cm x 4.5m,2,10.64,1.78,0
  12/5/25 ,5.06E+12,ASPIRIN 75MG,4,2.4,0.4,0
  12/5/25 ,3.57E+12,Aveeno Daily Org Moist Ltn 300ml,2,17.82,2.98,0
  12/5/25 ,5.02E+12,Bazuka Gel Extra Strength,2,14.8,2.46,0
  12/5/25 ,5.00E+12,BUSCOPAN IBS 20S,2,14.58,2.44,0
  12/5/25 ,5.01E+12,CALPOL 2M+ 100ML,2,9.18,1.54,0
  12/5/25 ,5.01E+12,Calpol Six Plus Sfree 200ml,2,17.98,3,0
  12/5/25 ,7.64E+12,CANDEREL TABS,2,3.98,0.66,0
  12/5/25 ,5.01E+12,Canesten 500mg Pessary,2,24.38,4.06,0
  12/5/25 ,5.01E+12,Carnation Bunion Pads,2,3.98,0.66,0
  12/5/25 ,5.06E+12,CETIRIZINE 10MG 30TAB,2,7.98,1.34,0
  12/5/25 ,5.03E+12,Cetraben Emoll Crm 50g,2,5.4,0.9,0
  12/5/25 ,5.01E+12,Cetraben Emoll Crm 50g,2,11.98,2,0
  12/5/25 ,4.08E+12,Clearblue Digital Preg Test Sngle,2,24.58,4.1,0
  12/5/25 ,5.06E+12,CO CODAMOL,4,15.96,2.68,0
  12/5/25 ,8.71E+12,Colgate Mouthrinse Plax Coolmint A/f 250ml,2,3.98,0.66,0
  12/5/25 ,5.71E+12,Compeed For Bunions,2,16.26,2.72,0
  12/5/25 ,5.01E+12,Cotton Wool Roll,2,2.3,0.38,0
  12/5/25 ,5.03E+12,Daktacort Hc Cream 15g,4,30.76,5.12,0
  12/5/25 ,5.06E+12,DIABLO SUGAR FREE GUMMY DROPS,2,3.78,0.64,0
  12/5/25 ,5.06E+12,Difflam Spray 30ml,2,16.98,2.84,0
  12/5/25 ,40883007,DOVE BODY LOVE  SILKY TUB 300ML,4,22.76,3.8,0
  12/5/25 ,5.00E+12,Dulcolax 5mg Gastro Tabs 20,2,6.28,1.04,0
  12/5/25 ,4.01E+12,ELASTOPLAST 10 PLASTERS,2,6.2,1.04,0
  12/5/25 ,4.01E+12,ELASTOPLAST plasters water resistant  20,2,5.52,0.92,0
  12/5/25 ,4.01E+12,Eplast Tough 12,4,13.56,2.26,0
  12/5/25 ,5.02E+12,Feroglobin,2,22.3,3.72,0
  12/5/25 ,5.01E+12,FERROUS SULPHATE 200MG,2,4.38,0.74,0
  12/5/25 ,8.81E+12,FINE TEST LITE,2,22.6,3.76,0
  12/5/25 ,5.06E+12,FLARIN JOINT & MUSCULAR PAIN RELIEF soft capsules 200mg  16,2,13.9,2.32,0
  12/5/25 ,5.06E+12,FLARIN soft capsules 200mg  30,2,25.98,4.34,0
  12/5/25 ,5.02E+12,FOSTER & GRANT 2.50,2,40,6.66,0
  12/5/25 ,5.02E+12,GALPHARM treathay tablets f/c 120mg  30,2,13.98,2.34,0
  12/5/25 ,5.01E+12,GAVISCON ADVANCE liquid aniseed 200mg/1000mg 150ml ,2,12.98,2.16,0
  12/5/25 ,5.00E+12,Gaviscon Advance P/Mint Tabs,2,18.58,3.1,0
  12/5/25 ,5.01E+12,GAVISCON ADVANCE PEPPERMINT,2,20.98,3.5,0
  12/5/25 ,9.30E+12,Gaviscon Infant 30 Sachets,2,21.76,3.62,0
  12/5/25 ,7.35E+12,HC45 HYDROCORTISONE CREAM,2,11.98,2,0
  12/5/25 ,5.06E+12,IBUPROFEN 400MG TABLETS,4,23.96,4,0
  12/5/25 ,5.06E+12,IBUPROFEN AMD CODEINE,10,84.9,14.2,0
  12/5/25 ,5.02E+12,Infacol 85ml,4,31.96,5.32,0
  12/5/25 ,6.00E+12,KEDLEY ELBOW SUPPORT,2,15.98,2.66,0
  12/5/25 ,5.06E+12,Lactulose 500ml,2,17.98,3,0
  12/5/25 ,5.02E+12,LOPERAMIDE 2MG,2,7.68,1.28,0
  12/5/25 ,5.06E+12,LORATADINE 10MG,2,7.46,1.24,0
  12/5/25 ,5.01E+12,Lyclear Treatment S/poo 200ml,2,29.98,5,0
  12/5/25 ,8.10E+11,MEDIHONEY,2,17.7,2.96,0
  12/5/25 ,50621910,Menthol bp,2,4.38,0.74,0
  12/5/25 ,3.57E+12,Migraleve Pink 12 Tabs,4,31.96,5.32,0
  12/5/25 ,5.01E+12,Migraleve Pink Tabs 24,2,23.98,4,0
  12/5/25 ,991,MISC,4,12,2,0
  12/5/25 ,5.01E+12,MOVICOL PLAIN tubular stick pads powder sachet 13.1250g/0.0502g/0.3508g/0.1786g  30,2,30.92,5.16,0
  12/5/25 ,5.00E+12,Nurofen Migraine Pain Tabs 12 Tablets  342mg,2,6.46,1.08,0
  12/5/25 ,5.00E+12,NUROFEN PLUS TABLETS 32,2,22.58,3.76,0
  12/5/25 ,5.01E+12,Nytol Herbal Oan 21 Tabs,2,12.98,2.16,0
  12/5/25 ,5.01E+12,NYTOL ONE A NGT 20 TABLETS,2,16.38,2.74,0
  12/5/25 ,5.01E+12,Nytol Orginal 25mg 20s,2,11.98,2,0
  12/5/25 ,5.01E+12,OILATUM JUNIOR emollient bath additive 63.4% 600ml,2,30.98,5.16,0
  12/5/25 ,5.00E+12,Olbas Inhaler 695mg,2,6.58,1.1,0
  12/5/25 ,5.01E+12,OPTICLEAR LENS WIPES,6,6,1,0
  12/5/25 ,50007592,Optrex Refreshing Eye Drops 10ml,2,9.98,1.66,0
  12/5/25 ,10181044397,PALMERS HAND CREAM,2,5,0.84,0
  12/5/25 ,5.00E+12,Panadol Extra Advance Tablets 32 Tablets,2,10,1.66,0
  12/5/25 ,5.02E+12,Paracetamol Caplets 32,4,6,1,0
  12/5/25 ,5.06E+12,PARACETAMOL CAPSULES 32S,2,4,0.66,0
  12/5/25 ,5.01E+12,Paracetamol Plus 500mg/65mg Tablets,2,4.4,0.74,0
  12/5/25 ,5.04E+12,Paramol Ets 24 Tabs,4,33.96,5.68,0
  12/5/25 ,5.05E+12,Piriton Allergy Tabs 4mg 60 Allergy Tablets  4mg,2,16.98,2.84,0
  12/5/25 ,5.00E+12,Piriton Syrup 2mg/5ml 150ml,6,35.94,6,0
  12/5/25 ,5.02E+12,PREGNACARE new mum tablets  56,2,27.9,4.66,0
  12/5/25 ,5.03E+12,PYROCALM CONTROL 20MG 14TAB,2,22.98,3.84,0
  12/5/25 ,5.01E+12,Rennie Orange Chewable 24,2,6.18,1.04,0
  12/5/25 ,5.70E+12,Rieman P20 Spf30 Lotion,2,51.58,8.6,0
  12/5/25 ,5.00E+12,SENSODYNE toothpaste pronamel whitening 75ml,2,9,1.5,0
  12/5/25 ,5.03E+12,SKINCALM 1% BITE AND STING CREAM HYDROCORTISONE,2,7.78,1.3,0
  12/5/25 ,5.01E+12,SOLPADEINE MAX 24,6,54.42,9.06,0
  12/5/25 ,5.01E+12,SOLPADEINE MAX SOL 24,4,34,5.68,0
  12/5/25 ,5.01E+12,SOLPADINE PLUS 24,2,14.54,2.42,0
  12/5/25 ,5.01E+12,STERIMAR nasal spray hayfever 50ml ,2,9.98,1.66,0
  12/5/25 ,5.06E+12,SURESIGN 6 day early midstream pregnancy test  2,2,13.98,2.34,0
  12/5/25 ,7.32E+12,TENA discreet pads extra duo  20,2,9.5,0,0
  12/5/25 ,7.32E+12,Tena Pants Maxi Large,2,32.5,0,0
  12/5/25 ,7.32E+12,TEPE interdental brushes pink 0.4mm 6,2,8.6,1.44,0
  12/5/25 ,5.02E+12,TOE NAIL PROTECTOR,2,5.98,1,0
  12/5/25 ,7.33E+12,Tubigrip Size E 1m,2,9.98,1.66,0
  12/5/25 ,5.02E+12,ULTRA herbal tablets turmeric  60,2,31.7,5.28,0
  12/5/25 ,6.94E+12,URINARY TRACT INFECTIONS 1 TEST,2,4,0.66,0
  12/5/25 ,5.00E+12,Vicks Sinex Micromist 15ml,2,11.56,1.92,0
  12/5/25 ,5.02E+12,Vitabiotics Pregnacare B/feed,2,31.9,5.32,0
  12/5/25 ,5.05E+12,Voltarol 12hr Emugel P 30g,2,16.98,2.84,0
  12/5/25 ,3.06E+12,VOLVIC,2,2,0.34,0
  12/6/25 ,5.02E+12,3PLUS MONHS PARACETAMOL,4,10.2,1.72,0
  12/6/25 ,5.01E+12,Acetone Solvent 50ml,4,11.56,1.92,0
  12/6/25 ,9.34E+12,AEROFIX non/woven island dressing 10cm x 15cm 3,8,52,8.64,0
  12/6/25 ,5.05E+12,Allercrom 2% Sodium Crom Eyedrop,4,17.96,3,0
  12/6/25 ,5.00E+12,ALLEVIA 120MG,8,42.56,7.12,0
  12/6/25 ,5.02E+12,Antiseptic Spray 100ml,4,15.96,2.68,0
  12/6/25 ,5.01E+12,Anusol Suppositories 12s,4,17.96,3,0
  12/6/25 ,5.01E+12,B/cup Broncho Past 10s,4,15.96,2.68,0
  12/6/25 ,5.05E+12,BEECHAMS ALL/IN/ONE max capsules 100mg/500mg/6.1mg  16,4,24,4,0
  12/6/25 ,5.05E+12,BEECHAMS oral powder sachets 600mg/50mg  10,4,12,2,0
  12/6/25 ,5.02E+12,BELLS OTC medicines analgesics paracetamol caplets 500mg  32,20,30,5,0
  12/6/25 ,5.01E+12,BEPANTHEN NAPPY OINT 100g,4,36.76,6.12,0
  12/6/25 ,6.00E+12,BiO/Oil Liquid  200ml,4,91.96,15.32,0
  12/6/25 ,5.01E+12,CALPOL 2M+ 100ML,4,18.36,3.08,0
  12/6/25 ,5.02E+12,Calypso Kids Sun Lotion Spf 50,4,27.96,4.68,0
  12/6/25 ,5.06E+12,CANESTEN THRUSH2%,4,42.36,7.08,0
  12/6/25 ,5.01E+12,Care Chlorhexidine M/wash,4,17.96,3,0
  12/6/25 ,5.06E+12,CO CODAMOL 8MG/500MG,4,15.96,2.68,0
  12/6/25 ,5.05E+12,CORSODYL daily toothpaste original 75ml,4,16,2.68,0
  12/6/25 ,5.00E+12,Cuprofen 400mg Tablets 48,4,25.96,4.32,0
  12/6/25 ,5.03E+12,Daktacort Hc Cream 15g,4,30.76,5.12,0
  12/6/25 ,6.10E+11,DEAD SEA BATH SALTS,4,4,0.68,0
  12/6/25 ,5.01E+12,DEEP FREEZE cold gel 35g,4,10.36,1.72,0
  12/6/25 ,5.06E+12,Difflam Spray 30ml,4,33.96,5.68,0
  12/6/25 ,5.39E+12,DIORALYTE oral powder sachets citrus 0.53g/3.56g/0.30g/0.47g  6,8,39.92,6.64,0
  12/6/25 ,7.33E+12,EPADERM JUNIOR CREAM,4,29.16,4.88,0
  12/6/25 ,4.01E+12,Eplast Finger Strips 16s,4,13.96,2.32,0
  12/6/25 ,5.01E+12,FLEXITOL for heels 25% urea balm 40g,4,15.96,2.68,0
  12/6/25 ,9.30E+12,Gaviscon Infant 30 Sachets,4,43.52,7.24,0
  12/6/25 ,50658053,Halls Cherry,4,3.4,0.56,0
  12/6/25 ,96043509,Halls Citrus sf,4,3.4,0.56,0
  12/6/25 ,5.03E+12,Halls Soothers S/Berry,8,6.8,1.12,0
  12/6/25 ,5.39E+12,HYDROGEN PEROXIDE 6%,4,15.96,2.68,0
  12/6/25 ,5.06E+12,IBUPROFEN 400MG,4,11.16,1.88,0
  12/6/25 ,5.06E+12,IBUPROFEN 400MG TABLETS,8,47.92,8,0
  12/6/25 ,5.06E+12,IBUPROFEN AMD CODEINE,4,33.96,5.68,0
  12/6/25 ,5.03E+12,Imodium Instants 6,4,21.56,3.6,0
  12/6/25 ,8.72E+12,Impulse Tease 75ml,4,8.96,1.48,0
  12/6/25 ,3.57E+12,Johnsons Face Care Face Care Makeup Be Extra Sensitive Wipes,4,13.2,1.76,2.64
  12/6/25 ,5.02E+12,Lactulose 500ml,4,35.96,6,0
  12/6/25 ,5.00E+12,Lemsip Max AlL/IN/One Sach Lemon 8 Sachets,4,23.96,4,0
  12/6/25 ,5.02E+12,Menopace Tabs,4,65.8,10.96,0
  12/6/25 ,5.01E+12,Night Time Sleep Aid 25mg 20 Tabs,12,46.68,7.8,0
  12/6/25 ,4.01E+12,Nivea Pearl & Beauty Deo 150ml,4,13.16,2.2,0
  12/6/25 ,5.00E+12,Nurofen Exp Lqd Caps 16 200mg,4,17.16,2.88,0
  12/6/25 ,5.01E+12,NYTOL ONE A NGT 20 TABLETS,4,32.76,5.48,0
  12/6/25 ,5.01E+12,Nytol Orginal 25mg 20s,4,23.96,4,0
  12/6/25 ,5.70E+12,Okeefes Working Hnds 85g,4,35.96,6,0
  12/6/25 ,50483488,OPTREX BLOODSHOT EYE DROPS 10ml,4,19.96,3.32,0
  12/6/25 ,5.02E+12,Otex Ear Drops 5%,4,22.4,3.72,0
  12/6/25 ,5.01E+12,OXYWATCH FINGERTIP OXIMETER,8,199.92,33.36,0
  12/6/25 ,5.00E+12,Panadol Nght Tabs 20 Tablets,4,24,4,0
  12/6/25 ,5.06E+12,PARACETAMOL,4,6,1,0
  12/6/25 ,5.06E+12,paracetamol 500mg,4,27.8,4.64,0
  12/6/25 ,5.06E+12,PARACETAMOL TABLETS 500MG,4,6,1,0
  12/6/25 ,5.04E+12,Paramol Ets 24 Tabs,4,33.96,5.68,0
  12/6/25 ,5.04E+12,Paramol Tabs Ets 32,4,39.96,6.68,0
  12/6/25 ,5.01E+12,Phenergan Elixir 100ml,4,22.48,3.76,0
  12/6/25 ,5.05E+12,Piriton Allergy Tabs 4mg 60 Allergy Tablets  4mg,4,33.96,5.68,0
  12/6/25 ,5.00E+12,Piriton Syrup 2mg/5ml 150ml,8,47.92,8,0
  12/6/25 ,5.03E+12,PYROCALM CONTROL 20MG 14TAB,4,45.96,7.68,0
  12/6/25 ,5.00E+12,REVLON Charlie Pink body spray  75ml,4,6.92,1.16,0
  12/6/25 ,5.01E+12,Savlon A/sept Crm 100g Antiseptic Cream,4,21.96,3.68,0
  12/6/25 ,5.05E+12,SENSODYNE ORIGINAL 75ML,4,22,3.68,0
  12/6/25 ,5.05E+12,SENSODYNE toothpaste repair & protect whitening 75ml,8,46,7.68,0
  12/6/25 ,5.01E+12,SOLPADEINE MAX SOL 24,4,34,5.68,0
  12/6/25 ,5.01E+12,SOLPADINE PLUS 24,4,29.08,4.84,0
  12/6/25 ,5.00E+12,Strepsils S/berry Sf 36s,4,23.56,3.92,0
  12/6/25 ,5.02E+12,SUDOCREM 60G,4,13.4,2.24,0
  12/6/25 ,5.06E+12,SURESIGN 2 PREGNANCY TEST,4,14,2.32,0
  12/6/25 ,4.01E+12,Tabac Orig Deod Stck 75ml Deodorant Stick,4,24.76,4.12,0
  12/6/25 ,7.32E+12,TEPE interdental brushes blue 0.6mm 6,8,34.4,5.76,0
  12/6/25 ,5.02E+12,VALUPAK PLUS vitamin E vitamin E 400iu  30,8,23.92,4,0
  12/6/25 ,42182634,Vaseline Petro Jelly 100ml,4,7.96,1.32,0
  12/6/25 ,4.03E+12,VICKS vapodrops menthol  10,4,9.16,1.52,0
  12/6/25 ,5.00E+12,Vicks Vapour Rub 100g,4,21.16,3.52,0
  12/7/25 ,9.34E+12,AEROFILMPLUS waterproof island dressing 4cm x 5cm 3,1,3.99,0.67,0
  12/7/25 ,9.34E+12,AEROFILMPLUS waterproof island dressing 6cm x 7cm 3,1,6.05,1.01,0
  12/7/25 ,5.06E+12,ALMUS CLOTRIMAZOLE 1% 20G,1,3.99,0.67,0
  12/7/25 ,5.06E+12,ALMUS ibuprofen tablets 200mg  16,1,0.59,0.1,0
  12/7/25 ,5.01E+12,Aspirin Disp Tabs 75mg,1,0.85,0.14,0
  12/7/25 ,5.00E+12,BUSCOPAN IBS 20S,1,7.29,1.22,0
  12/7/25 ,5.00E+12,Buscopan Ibs Relief 40tabs,1,8.34,1.39,0
  12/7/25 ,3.57E+12,CALPOL MELTS 6PLUS,1,5.68,0.95,0
  12/7/25 ,5.02E+12,Calypso Insect Repellent Spray 150ml,1,5.99,1,0
  12/7/25 ,5.02E+12,CALYPSO tanning deep tanning oil monoi tahiti SPF15 200ml,1,10.99,1.83,0
  12/7/25 ,5.01E+12,Carnation Corn Cap Plasters,1,4.25,0.71,0
  12/7/25 ,5.02E+12,Cetirizine 10mg 30 Tablets,1,3.99,0.67,0
  12/7/25 ,50309443,Chapstick Original,2,2.78,0.46,0
  12/7/25 ,5.01E+12,CLARITYN tablets 10mg  20,1,8,1.33,0
  12/7/25 ,1.05E+18,CLINIPORE SURGICAL TAPE,1,1.29,0.22,0
  12/7/25 ,1.05E+18,CLINIPORE SURGICAL TAPE 2.5X10M,1,1.89,0.32,0
  12/7/25 ,5.02E+12,CO/Codamol 32s,2,7.98,1.34,0
  12/7/25 ,5.00E+12,Corsodyl Dly Mw Frsh Mint 500ml,1,4.5,0.75,0
  12/7/25 ,5.39E+12,DIORALYTE oral powder sachets natural 0.53g/3.56g/0.30g/0.47g  6,2,9.98,1.66,0
  12/7/25 ,5.06E+12,EAROL ear wax remover almond oil aftercare spray 10ml,1,6.99,1.17,0
  12/7/25 ,4.01E+12,Elastoplast Wound Spray,1,4.32,0.72,0
  12/7/25 ,5.02E+12,EMERY BOARD,1,1.49,0.25,0
  12/7/25 ,5.06E+12,EPIMAX ointment 125g,1,3.69,0.62,0
  12/7/25 ,4.01E+12,FABRIC 1M BY 6CM,2,8.98,1.5,0
  12/7/25 ,50357475,Fishermens Friend Cherry Loz 25g,1,0.79,0.13,0
  12/7/25 ,5.02E+12,GALPHARM treathay tablets f/c 120mg  10,2,7.98,1.34,0
  12/7/25 ,7.35E+12,HC45 HYDROCORTISONE CREAM,3,17.97,3,0
  12/7/25 ,5.01E+12,Ibuprofen 200mg 48s,1,2.79,0.47,0
  12/7/25 ,5.06E+12,IBUPROFEN 400MG,2,5.58,0.94,0
  12/7/25 ,5.06E+12,IBUPROFEN AMD CODEINE,2,16.98,2.84,0
  12/7/25 ,5.03E+12,Imodium Caps 2mg 6 Tabs,1,4.18,0.7,0
  12/7/25 ,5.03E+12,Imodium Instants 6,1,5.39,0.9,0
  12/7/25 ,5.01E+12,J/form PluG/In Mosq Killer,1,10.99,1.83,0
  12/7/25 ,4.99E+12,KOOL N SOOTHE MIGRAINE roll/on 5ml ,1,4.99,0.83,0
  12/7/25 ,5.06E+12,Lactulose 3.3g/5ml Oral Solusion,2,12.58,2.1,0
  12/7/25 ,1.05E+18,MEDI DERMA/S,1,9.46,1.58,0
  12/7/25 ,8.10E+11,MEDIHONEY,1,8.85,1.48,0
  12/7/25 ,5.00E+12,MELOLIN 5CMX5CM,1,2.1,0.35,0
  12/7/25 ,5.00E+12,MELOLIN ADHESIVE dressing consumer/OTC pack  10cm x 8cm 5,3,15.27,2.55,0
  12/7/25 ,5.02E+12,MERIDIANA nail brush plastic double sided,1,1.55,0.26,0
  12/7/25 ,5.02E+12,MERIDIANA white soap box,1,1.89,0.32,0
  12/7/25 ,991,MISC,1,10,1.67,0
  12/7/25 ,5.02E+12,MURRAYS scissors & clippers scissors toe nail angle stainless steel,1,9.45,1.58,0
  12/7/25 ,5.02E+12,NAIL CLIPPER CURVED,1,2.99,0.4,0.6
  12/7/25 ,8.72E+12,Nailner Fungal Nail Infection Brush 5ml Brush,1,19.99,3.33,0
  12/7/25 ,4.01E+12,Nivea After Sun 200ml,1,7.85,1.31,0
  12/7/25 ,5.01E+12,NUMARK OTC medicines allergy relief non/drowsy tablets 10mg  60,1,10.34,1.72,0
  12/7/25 ,5.00E+12,Nurofen Children S/berry 200ml,1,7.49,1.25,0
  12/7/25 ,5.01E+12,NYTOL ONE A NGT 20 TABLETS,2,16.38,2.74,0
  12/7/25 ,50483464,Optrex Infected Eye Drops,1,7.99,1.33,0
  12/7/25 ,5.06E+12,PARACETAMOL,3,4.5,0.75,0
  12/7/25 ,5.02E+12,PARACETAMOL CAPS 500mg 16,1,0.55,0.09,0
  12/7/25 ,5.04E+12,Paramol Ets 24 Tabs,1,8.49,1.42,0
  12/7/25 ,8.72E+12,SANEX shower gel zero % sensitive 450ml,1,3,0.5,0
  12/7/25 ,5.01E+12,SAVLON wound cleansing wipe sachets  10,1,2.99,0.5,0
  12/7/25 ,5.01E+12,SCHOLL BLISTER PLASTER ,1,3.99,0.67,0
  12/7/25 ,5.01E+12,SOLPADEINE MAX SOL 24,3,25.5,4.26,0
  12/7/25 ,5.01E+12,SOLPADINE PLUS 24,3,21.81,3.63,0
  12/7/25 ,3.57E+12,SUDAFED DECONG TABS 12s,1,4.79,0.8,0
  12/7/25 ,1.05E+18,SURGICAL TAPE,1,1.49,0.25,0
  12/7/25 ,5.39E+12,SYNDOL tablets 30mg/10mg/5mg/450mg  10,1,4.59,0.77,0
  12/7/25 ,5.02E+12,TROPICAL SHOWER CAP,1,3.99,0.67,0
  12/7/25 ,7.33E+12,Tubigrip Size D 1m,1,4.99,0.83,0
  12/7/25 ,5.02E+12,Valupak Calcium & Vit D 400mg 30s,2,2.28,0.38,0
  12/7/25 ,8.45E+12,VITAL PROTEINS COLLAGEN PEPTIDES 284G,1,15,2.5,0
  12/7/25 ,5.05E+12,Voltarol 12hr EmugeL/P 50g,1,11.99,2,0
  12/7/25 ,5.01E+12,Voltarol Emulgel P Gel 30g Gel  1.16%,2,11.58,1.94,0
  12/7/25 ,5.10E+12,WATER WIPES,3,8.58,1.44,0
  13/5/25 ,5.02E+12,ADJUSTABLE FINGER SPLINT,2,9.98,1.66,0
  13/5/25 ,9.34E+12,AEROPAD low adherent pad 5cm x 5cm 5,2,5,0.84,0
  13/5/25 ,5.06E+12,ALMUS hayfever & allergy relief tablets 10mg  30,4,9.96,1.5,1
  13/5/25 ,5.04E+12,ALVITA surgical dispensing aids pill cutter,2,5.98,1,0
  13/5/25 ,5.01E+12,Anusol Plus Hc Suppositories 12,4,27.16,4.52,0
  13/5/25 ,5.02E+12,BELLS OTC medicines analgesics paracetamol caplets 500mg  32,4,6,1,0
  13/5/25 ,3.57E+12,Benadryl Relief Plus 12s,2,13.98,2.34,0
  13/5/25 ,5.01E+12,Calpol Sfree Inf Susp 200ml,4,30.36,5.08,0
  13/5/25 ,5.01E+12,Calpol Six Plus Sfree 200ml,2,17.98,3,0
  13/5/25 ,3.57E+12,CALPROFEN suspension 100mg/5ml 100ml,2,9.18,1.54,0
  13/5/25 ,5.02E+12,Calypso After Sun Aloe Gel,2,7.98,1.34,0
  13/5/25 ,5.02E+12,CALYPSO travel pack sun lotion SPF15 & 20 after sun 100ml 3,2,15.38,2.56,0
  13/5/25 ,5.01E+12,CANESTEN ORAL capsule 150mg  1,2,26.78,4.46,0
  13/5/25 ,5.01E+12,Carnation Fng/toe Bnd 4m,2,7.3,1.22,0
  13/5/25 ,96186886,Chapstick Cherry,2,2.98,0.5,0
  13/5/25 ,5.03E+12,CHILDS FARM baby care wash 250ml ,2,7.98,1.34,0
  13/5/25 ,1.05E+18,CLINIPORE SURGICAL TAPE,2,2.58,0.44,0
  13/5/25 ,5.06E+12,CO CODAMOL,12,47.88,8.04,0
  13/5/25 ,5.01E+12,Daktarin Cream,4,19.96,3.32,0
  13/5/25 ,5.01E+12,Deep Heat Patch x4,2,16.5,2.76,0
  13/5/25 ,5.02E+12,DENTAL FLOSS PICKS,2,6.98,0.94,1.4
  13/5/25 ,87111842,Dextro Energy Org & Vitc 47g,2,1.5,0,0
  13/5/25 ,21022404,EAR WAX REMOVAL,2,100,16.66,0
  13/5/25 ,5.03E+12,EARCALM,2,17.98,3,0
  13/5/25 ,4.01E+12,ELASTOPLAST 10 PLASTERS,2,6.2,1.04,0
  13/5/25 ,4.01E+12,ELASTOPLAST plasters water resistant  20,2,5.52,0.92,0
  13/5/25 ,4.01E+12,Eplast Fabric Plasters 10,2,5.78,0.96,0
  13/5/25 ,5.00E+12,EUMOVATE ECZ&DER CRM 15g,2,19.96,3.32,0
  13/5/25 ,5.01E+12,EURAX CREAM W CROTAMITON10%,4,19.96,3.32,0
  13/5/25 ,5.01E+12,FACIAL WIPES SOFT APRICOT,2,2,0.34,0
  13/5/25 ,50084470,Fishermans Friend B/curt 25g,6,4.74,0.8,0
  13/5/25 ,5.01E+12,FLEXITOL for heels 25% urea balm 40g,2,7.98,1.34,0
  13/5/25 ,5.02E+12,Fluconazole 150mg Capsule,4,15.96,2.68,0
  13/5/25 ,5.02E+12,GALPHARM treathay tablets f/c 120mg  30,2,13.98,2.34,0
  13/5/25 ,5.01E+12,GAVISCON ADVANCE 600ML,2,40.16,6.7,0
  13/5/25 ,5.03E+12,Halls Soothers S/Berry,2,1.7,0.28,0
  13/5/25 ,5.02E+12,Hayfever relief wipes,2,2,0.34,0
  13/5/25 ,5.02E+12,IBULEVE max strength pain relief gel 10% 30g,2,12,2,0
  13/5/25 ,5.06E+12,IBUPROFEN AMD CODEINE,2,16.98,2.84,0
  13/5/25 ,5.02E+12,Infacol Drops 50ml,2,11.98,2,0
  13/5/25 ,5.03E+12,JAKEMANS menthol lozenges throat & chest 73g,2,3.98,0.66,0
  13/5/25 ,6.00E+12,KEDLEY BACK SUPPORT ,2,29.98,5,0
  13/5/25 ,50375301,Kleenex Tissues,12,7.2,1.2,0
  13/5/25 ,5.02E+12,Laxido Orange (keep),2,11.84,1.98,0
  13/5/25 ,5.02E+12,LONG HANDLED NAIL CLIPPER,2,4.18,0.7,0
  13/5/25 ,5.00E+12,MELOLIN ADHESIVE dressing consumer/OTC pack  10cm x 8cm 5,4,20.36,3.4,0
  13/5/25 ,5.00E+12,MELOLIN ADHESIVE low/adhesive absorbent dressing pads consumer/OTC pack  8.3cm x 6cm 5,4,14.16,2.36,0
  13/5/25 ,991,MISC,4,24,4,0
  13/5/25 ,5.00E+12,Nelsons Tea Tree Crm 30ml,2,11.9,1.98,0
  13/5/25 ,5.05E+12,Night Nurse Capsules 10,2,14.32,2.38,0
  13/5/25 ,5.01E+12,NUMARK toiletries & personal care lens wipes  50,2,4.98,0.84,0
  13/5/25 ,5.00E+12,Nurofen 200mg Caplets,2,4.86,0.82,0
  13/5/25 ,5.01E+12,NUROFEN FOR CHILDREN oral suspension orange flavour 7/12 years 200mg/5ml 100ml,2,14.2,2.36,0
  13/5/25 ,5.00E+12,Nurofen For Children Orange 100ml,2,8.5,1.42,0
  13/5/25 ,5.00E+12,NUROFEN PLUS TABLETS 32,6,67.74,11.28,0
  13/5/25 ,5.01E+12,NYTOL ONE A NGT 20 TABLETS,2,16.38,2.74,0
  13/5/25 ,5.06E+12,O.r.s. Oral Rehydration Salt Tablets Blackcurrant   12,2,9,1.5,0
  13/5/25 ,5.00E+12,Optrex Actimist 2in1 Eye Spray,2,31.98,5.34,0
  13/5/25 ,5.05E+12,Optrex Allergy Eye Drps 10ml Eye Drops  2%w/v,2,11.98,2,0
  13/5/25 ,5.01E+12,OPTREX eye spray actimist for tired & strained eyes 10ml,2,31.98,5.34,0
  13/5/25 ,5.06E+12,Orajel Ex Dental Gel 5.3g,2,12.98,2.16,0
  13/5/25 ,10181041808,Palmers Body Lotion 250ml,2,9.98,1.66,0
  13/5/25 ,10181043352,PALMERS COCOA BUTTER HAND CREAM,4,13.16,2.2,0
  13/5/25 ,5.06E+12,PARACETAMOL,6,9,1.5,0
  13/5/25 ,5.02E+12,PEPTAC LIQUID antacid liquid peppermint 80mg/5ml/250mg/5ml/133.5mg/5ml 500ml,2,11.84,1.98,0
  13/5/25 ,5.02E+12,PREGNACARE CONCEPTION him & her tablets  60,2,41.5,6.92,0
  13/5/25 ,9.31E+12,QV emollient cream 500g,2,28.98,4.84,0
  13/5/25 ,7.61E+12,RICOLA lozenges sugar free raspberry mint 45g,2,2.9,0.48,0
  13/5/25 ,5.01E+12,SAVLON 15G,2,3.58,0.6,0
  13/5/25 ,5.06E+12,SCHOLL CRACKED HEEL REPAIR ,2,15.98,2.66,0
  13/5/25 ,5.04E+12,SKIN CLOSURE STRIPS,4,11.96,2,0
  13/5/25 ,5.01E+12,SNUFFLEBABE nasal drops 10ml,2,6.4,1.06,0
  13/5/25 ,5.01E+12,SNUFFLEBABE saline spray 15ml,2,8.5,1.42,0
  13/5/25 ,5.01E+12,SOLPADEINE MAX 24,2,18.14,3.02,0
  13/5/25 ,5.01E+12,SOLPADEINE MAX SOL 24,2,17,2.84,0
  13/5/25 ,5.01E+12,SOLPADINE PLUS 24,2,14.54,2.42,0
  13/5/25 ,5.01E+12,SOLPADINE PLUSE 24CAP,2,13.78,2.3,0
  13/5/25 ,5.01E+12,Steradent Act Fresh 30 Tabs,4,5.2,0.88,0
  13/5/25 ,5.02E+12,STERILE NON STICK WOUND PAD,4,1.56,0.26,0
  13/5/25 ,8.71E+12,STERISTRIP,2,30,5,0
  13/5/25 ,5.00E+12,STREPSILS honey & lemon lozenges 0.6mg/1.2mg  36,2,11.78,1.96,0
  13/5/25 ,5.00E+12,Strepsils S/berry Sf 36s,2,11.78,1.96,0
  13/5/25 ,3.57E+12,Sudafed Block Nose Spray 15ml,2,11.58,1.94,0
  13/5/25 ,3.57E+12,SUDAFED PLUS blocked nose spray 50mg/ml/1mg/ml 10ml,2,13.98,2.34,0
  13/5/25 ,5.02E+12,SUDOCREM 60G,2,6.7,1.12,0
  13/5/25 ,5.39E+12,SYNDOL tablets 30mg/10mg/5mg/450mg  10,2,9.18,1.54,0
  13/5/25 ,5.06E+12,TEA TREE FACIAL WIPES,6,9.6,1.6,0
  13/5/25 ,7.32E+12,TENA lady extra plus instadry absorbent pads duo  16,2,9.5,0,0
  13/5/25 ,6.01E+12,THUMB WRAP,2,15.98,2.66,0
  13/5/25 ,5.01E+12,Vagisil Ph Balance Wash 250ml,2,11.9,1.98,0
  13/5/25 ,5.02E+12,Valupak Calcium & Vit D 400mg 30s,2,2.28,0.38,0
  13/5/25 ,5.02E+12,Valupak Garlic 30s Tabs,4,4.56,0.76,0
  13/5/25 ,5.02E+12,Valupak Magnesium 187.5mg 30,2,2.28,0.38,0
  13/5/25 ,5.02E+12,VALUPAK PLUS vitamin E vitamin E 400iu  30,4,11.96,2,0
  13/5/25 ,5.06E+12,VITAMIN B12 10UG,2,3.98,0.66,0
  13/5/25 ,5.06E+12,Vizulize Dry Eyes Intensive Drops 10ml,2,9.18,1.54,0
  13/5/25 ,5.05E+12,voltarol 12hr gel,2,38.98,6.5,0
  13/5/25 ,5.03E+12,Wisdom Clean Between Brushes 20 Interdental Brushes,6,17.94,3,0
  13/5/25 ,5.03E+12,WISDOM TRIPLE PACK ,2,2.98,0.5,0
  13/5/25 ,5.01E+12,ZIPAMOL PLUS effervescent tablets 8/500mg  32,4,23.96,4,0
  13/6/25 ,5.01E+12,Actifed MultI/Action Tabs 12s,4,23.16,3.88,0
  13/6/25 ,5.06E+12,ALMUS cold sore cream 5% 2g,4,11.96,2,0
  13/6/25 ,5.06E+12,ALVITA silicone ear plugs  3pairs,4,19.56,3.28,0
  13/6/25 ,5.39E+12,ANTHISAN BITE & STING cream 2% 20g,4,21.96,3.68,0
  13/6/25 ,5.05E+12,AQUAFRESH toothpaste childrens splash strawberry 50ml,4,6.84,1.16,0
  13/6/25 ,5.02E+12,BELLS OTC medicines analgesics paracetamol caplets 500mg  32,8,12,2,0
  13/6/25 ,5.00E+12,Bonjela Cool Mint 15g,8,47.2,7.84,0
  13/6/25 ,5.01E+12,Calamine Lotion 200ml,4,13.16,2.2,0
  13/6/25 ,3.57E+12,CALPOL MELTS 6PLUS,4,22.72,3.8,0
  13/6/25 ,5.01E+12,Canesten Oasis For Cystitis Relief Cystitis Relief,4,27.56,4.6,0
  13/6/25 ,5.02E+12,CHILDRENS ALLERGY RELIEF,4,19.16,3.2,0
  13/6/25 ,5.01E+12,CLARITYN allergy tablets 10mg  60,4,72.76,12.12,0
  13/6/25 ,5.01E+12,Clotrimazole 1% Cream,8,34.32,5.76,0
  13/6/25 ,5.06E+12,CO CODAMOL 8MG/500MG,4,15.96,2.68,0
  13/6/25 ,5.06E+12,CO/Codamol Eff 8/500mg 32s,4,23.96,4,0
  13/6/25 ,9.00E+12,Cow/gate Instant Carobel 135g Instant Carobel,4,17.4,0,0
  13/6/25 ,5.01E+12,Cystitis Sachets X 6 Sachets,4,15.96,2.68,0
  13/6/25 ,5.01E+12,DEEP FREEZE glide/on cold gel 50g,4,23.4,3.92,0
  13/6/25 ,8.71E+12,DOVE BODY LOVE RESTORING CARE HANDCREAM,4,11.96,2,0
  13/6/25 ,5.01E+12,FACIAL WIPES SOFT APRICOT,4,4,0.68,0
  13/6/25 ,5.00E+12,GAVISCON ADVANCE liquid peppermint 200mg/1000mg 500ml,4,43.8,7.32,0
  13/6/25 ,5.01E+12,Germoloids Crm 25g,4,18.76,3.12,0
  13/6/25 ,50658053,Halls Cherry,4,3.4,0.56,0
  13/6/25 ,96043509,Halls Citrus sf,8,6.8,1.12,0
  13/6/25 ,5.06E+12,IBUPROFEN AMD CODEINE,4,33.96,5.68,0
  13/6/25 ,5.06E+12,Ibuprofen Tablets 200mg 24,4,8.2,1.36,0
  13/6/25 ,5.02E+12,Infacol 85ml,4,31.96,5.32,0
  13/6/25 ,5.03E+12,JAKEMANS menthol lozenges blackcurrant 73g,4,3.96,0.68,0
  13/6/25 ,6.00E+12,KEDLEY ANKLE SUPPORT L,4,23.96,4,0
  13/6/25 ,6.00E+12,KEDLEY FABRIC ARM POUCH,4,27.96,4.68,0
  13/6/25 ,5.03E+12,KWELLS 12 TABLETS,4,15.96,2.68,0
  13/6/25 ,5.02E+12,Lactulose 500ml,4,35.96,6,0
  13/6/25 ,5.06E+12,Lactulose 500ml,4,35.96,6,0
  13/6/25 ,5.06E+12,LORATADINE 10MG,4,14.92,2.48,0
  13/6/25 ,5.01E+12,Magnesium & Vitamin B6 Tablets,8,16,2.64,0
  13/6/25 ,5.06E+12,MELBOURNE SPRING WATER,4,4,0.68,0
  13/6/25 ,991,MISC,4,7.96,1.32,0
  13/6/25 ,5.02E+12,Na Eve Primrose Oil 1000mg 90s,4,39.96,6.68,0
  13/6/25 ,5.01E+12,NUMARK OTC medicines ibuprofen tablets 200mg  96,4,30.36,5.08,0
  13/6/25 ,5.00E+12,NUROFEN PLUS TABLETS 32,4,45.16,7.52,0
  13/6/25 ,5.01E+12,OPTICROM ALLERGY 2%,4,23.96,4,0
  13/6/25 ,50483464,Optrex Infected Eye Drops,4,31.96,5.32,0
  13/6/25 ,5.06E+12,Orajel Ex Dental Gel 5.3g,4,25.96,4.32,0
  13/6/25 ,5.06E+12,Orajel Mouth Gel 10% Blue 5.3g,4,19.16,3.2,0
  13/6/25 ,5.06E+12,Paracetamol Caps 500mg 32,8,16,2.68,0
  13/6/25 ,5.02E+12,PARACETAMOL CAPSULES,8,16,2.68,0
  13/6/25 ,5.06E+12,PARACETAMOL CAPSULES 32S,8,16,2.64,0
  13/6/25 ,5.05E+12,Piriton Allergy Tabs 4mg 60 Allergy Tablets  4mg,4,33.96,5.68,0
  13/6/25 ,5.01E+12,POLYTAR scalp shampoo 4% 150ml,4,31.96,5.32,0
  13/6/25 ,6.00E+12,POXCLIN COOL MOUSSE,4,43.96,7.32,0
  13/6/25 ,5.03E+12,PYROCALM CONTROL 20MG 14TAB,4,45.96,7.68,0
  13/6/25 ,5.01E+12,SAVLON 15G,4,7.16,1.2,0
  13/6/25 ,5.01E+12,SOLPADEINE MAX 24,4,36.28,6.04,0
  13/6/25 ,5.01E+12,SOLPADEINE MAX SOL 24,4,34,5.68,0
  13/6/25 ,5.01E+12,SOLPADINE PLUSE 24CAP,4,27.56,4.6,0
  13/6/25 ,3.33E+12,Sterimar Baby,4,19.96,3.32,0
  13/6/25 ,3.57E+12,SUDAFED sinus ease nasal spray 0.14ml 15ml,4,24.2,4.04,0
  13/6/25 ,5.02E+12,ULTRA minerals tablets magnesium 375mg  60,4,23.8,3.96,0
  13/6/25 ,5.02E+12,VALUPAK FOLIC ACID 90S,4,4.56,0.76,0
  13/6/25 ,5.02E+12,VALUPAK PREGNANCY 30 TABLETS,4,13.16,2.2,0
  13/6/25 ,5.02E+12,Valupak Vit B6 60s,4,5.92,1,0
  13/6/25 ,8.71E+12,VASELINE hand cream 75ml 6,4,9.56,1.6,0
  13/6/25 ,1.21E+12,VIAGRA 4,8,153.84,25.68,0
  13/6/25 ,3.06E+12,VOLVIC,4,4,0.68,0
  14/5/25 ,5.06E+12,A/Z MULTIVITAMINS & MINERALS,2,3.6,0.6,0
  14/5/25 ,9.34E+12,AEROFILMPLUS waterproof island dressing 4cm x 5cm 3,2,7.98,1.34,0
  14/5/25 ,9.34E+12,AEROFILMPLUS waterproof island dressing 9cm x 10cm 3,2,12.7,2.12,0
  14/5/25 ,9.34E+12,AEROPAD low adherent pad 10cm x 10cm 3,2,6.9,1.16,0
  14/5/25 ,9.34E+12,AEROPLAST transparent standard strip  50,2,5.26,0.88,0
  14/5/25 ,5.06E+12,ALMUS erectile dysfunction relief tablets f/c 50mg  4,4,59.96,10,0
  14/5/25 ,5.06E+12,ALMUS ibuprofen tablets 200mg  24,2,2,0.34,0
  14/5/25 ,5.06E+12,ALMUS paracetamol caplets 500mg  16,2,0.98,0.16,0
  14/5/25 ,5.06E+12,ALVITA diagnostic thermometers flexible digital MT509,2,7.98,1.34,0
  14/5/25 ,5.39E+12,ANTHISAN BITE & STING cream 2% 20g,2,10.98,1.84,0
  14/5/25 ,5.00E+12,Arnicare Crm 50g,2,17.38,2.9,0
  14/5/25 ,5.04E+12,AVOMINE 25MG TAB,2,15.16,2.52,0
  14/5/25 ,5.01E+12,Beconase Hayfever Nasal Spray 0.05% 180 Doses,2,21.98,3.66,0
  14/5/25 ,5.02E+12,BELLS OTC medicines analgesics paracetamol caplets 500mg  32,4,6,1,0
  14/5/25 ,5.01E+12,BF HAND CREAM,4,4,0.68,0
  14/5/25 ,7.31E+11,Biofreeze Pain Rlf RolL/On 89ml,2,19.98,3.34,0
  14/5/25 ,8.10E+11,BREATHE RIGHT ORIGINAL L,2,28.58,4.76,0
  14/5/25 ,5.01E+12,Calpol Six Plus Sfree 200ml,2,17.98,3,0
  14/5/25 ,3.57E+12,CALPOL vapour plug refill pads  10,2,23.98,4,0
  14/5/25 ,5.02E+12,CALYPSO sun protection scalp protector SPF30 50ml,2,7.98,1.34,0
  14/5/25 ,8.47E+12,CANESTEN 2% CREAM,2,21.18,3.54,0
  14/5/25 ,5.02E+12,Capasal Shampoo,2,15.02,2.5,0
  14/5/25 ,83078009076,CARMEX STRAWBEY 4.25G,2,5.14,0.86,0
  14/5/25 ,5.05E+12,CENTRUM WOMAN 50 PLUS,2,12.88,2.14,0
  14/5/25 ,1.05E+18,CLINIPORE TAPE 5X5,2,3.78,0.64,0
  14/5/25 ,5.02E+12,CO/Codamol 32s,4,15.96,2.68,0
  14/5/25 ,5.01E+12,CO/CODAMOL 8/500MG,2,7.98,1.34,0
  14/5/25 ,5.71E+12,Compeed Medium Blister Plasters,2,11.96,2,0
  14/5/25 ,5.01E+12,Cystitis Sachets X 6 Sachets,2,7.98,1.34,0
  14/5/25 ,5.01E+12,Deep Heat Heat Rub 100g Heat Rub,2,10.9,1.82,0
  14/5/25 ,87111842,Dextro Energy Org & Vitc 47g,4,3,0,0
  14/5/25 ,50184491,Dextro Energy Tropical,2,1.58,0,0
  14/5/25 ,5.06E+12,Difflam Spray 30ml,2,16.98,2.84,0
  14/5/25 ,7.35E+12,E45 PUMP CREAM,2,31.98,5.34,0
  14/5/25 ,4.01E+12,ELASTOPLAST 10 PLASTERS,2,6.2,1.04,0
  14/5/25 ,4.01E+12,ELASTOPLAST dressings sensitive xl 6cm x 7cm 5,2,8.64,1.44,0
  14/5/25 ,4.01E+12,Eplast Fab/wsh/proof18s,2,5.26,0.88,0
  14/5/25 ,5.06E+12,Epsom Salt Bath,2,11.98,2,0
  14/5/25 ,5.00E+12,EUMOVATE ECZ&DER CRM 15g,2,19.96,3.32,0
  14/5/25 ,5.02E+12,EXTRA LARGE  FABRC PLASTER,2,4.98,0.84,0
  14/5/25 ,4.01E+12,FABRIC 1M BY 6CM,2,8.98,1.5,0
  14/5/25 ,5.02E+12,GALPHARM treathay tablets f/c 120mg  30,6,41.94,7.02,0
  14/5/25 ,5.00E+12,Gaviscon Double Act Liq 300ml Peppermint,2,17.98,3,0
  14/5/25 ,5.00E+12,GAVISCON DOUBLE ACTION liquid peppermint 325mg/500mg/213mg 600ml ,2,27.98,4.66,0
  14/5/25 ,7.62E+12,Halls Soothers Honey&lemon 10 Honey And Lemon,4,3.4,0.56,0
  14/5/25 ,5.01E+12,Ibuprofen 200mg 48s,2,5.58,0.94,0
  14/5/25 ,5.06E+12,IBUPROFEN 400MG TABLETS,2,11.98,2,0
  14/5/25 ,5.06E+12,Ibuprofen 400mg Tablets 24TAB,2,5.58,0.94,0
  14/5/25 ,5.06E+12,IBUPROFEN AMD CODEINE,2,16.98,2.84,0
  14/5/25 ,5.06E+12,INFECTED EYE OINTMENT,2,11.98,2,0
  14/5/25 ,5.00E+12,KALMS DAY,2,13.74,2.3,0
  14/5/25 ,5.03E+12,KLEENEX allergy comfort tissues  56,4,8,1.32,0
  14/5/25 ,5.06E+12,Lactulose 3.3g/5ml Oral Solusion,2,12.58,2.1,0
  14/5/25 ,5.06E+12,Lactulose 500ml,2,17.98,3,0
  14/5/25 ,5.10E+12,LIP BALM TROPICAL SPF30,2,7,1.16,0
  14/5/25 ,50620814,Magnesium Paste,4,21.96,3.68,0
  14/5/25 ,8.10E+11,MEDIHONEY,2,17.7,2.96,0
  14/5/25 ,5.00E+12,MELOLIN ADHESIVE dressing consumer/OTC pack  10cm x 8cm 5,2,10.18,1.7,0
  14/5/25 ,5.00E+12,Melolin Dressing Pads 10x10cm,4,18.72,3.12,0
  14/5/25 ,87108132,MENTOS,6,3.9,0.66,0
  14/5/25 ,5.02E+12,MERIDIANA nail brush plastic double sided,2,3.1,0.52,0
  14/5/25 ,5.02E+12,MINI HANDBAG BARREL BRUSH,2,3.98,0.66,0
  14/5/25 ,3.57E+12,Nicorette Quickmist 1mg,2,70.58,3.36,0
  14/5/25 ,5.05E+12,Night Nurse Capsules 10,2,14.32,2.38,0
  14/5/25 ,5.01E+12,Night Time Sleep Aid 25mg 20 Tabs,2,7.78,1.3,0
  14/5/25 ,5.01E+12,Numark Dress Strip 6cmx1m Fabric,2,3.18,0.54,0
  14/5/25 ,5.01E+12,NUMARK first aid plasters assorted fabric  24,2,3.18,0.54,0
  14/5/25 ,5.00E+12,Nurofen 200mg Tablets 16s,2,5.32,0.88,0
  14/5/25 ,5.05E+12,Optrex Allergy Eye Drps 10ml Eye Drops  2%w/v,2,11.98,2,0
  14/5/25 ,5.10E+12,PARACETAMOL,2,6.9,1.16,0
  14/5/25 ,5.02E+12,PARACETAMOL CAPS 500mg 16,2,1.1,0.18,0
  14/5/25 ,5.06E+12,PHORPAIN GEL 10% 50G,2,12.98,2.16,0
  14/5/25 ,5.05E+12,Piriton Allergy Tabs 4mg 60 Allergy Tablets  4mg,2,16.98,2.84,0
  14/5/25 ,5.02E+12,Rainbow Detangler Slim Brush,2,5.98,1,0
  14/5/25 ,5.02E+12,SAFE & SOUND medicine organisers 7 day pill box reminder,2,2.78,0.46,0
  14/5/25 ,8.70E+12,SILVIKRIN hairspray power extreme hold 75ml,2,3.98,0.66,0
  14/5/25 ,8.72E+12,SIMPLE face kind to skin cleansing wipes  25,2,4,0.66,0
  14/5/25 ,5.01E+12,SOLPADEINE MAX 24,10,90.7,15.1,0
  14/5/25 ,5.01E+12,SOLPADEINE MAX SOL 24,2,17,2.84,0
  14/5/25 ,3.33E+12,Sterimar Baby,2,9.98,1.66,0
  14/5/25 ,5.00E+12,Strepsils Orange & Vit C 36 Orange & Vitamin C,2,11.78,1.96,0
  14/5/25 ,5.02E+12,Sudocrem Antisept Cream 250g,2,19.98,3.34,0
  14/5/25 ,7.32E+12,TENA unisex pants maxi medium 10,2,33.9,0,0
  14/5/25 ,7.32E+12,TENA unisex pants maxi x large 10,2,33.9,0,0
  14/5/25 ,7.32E+12,TEPE interdental brushes pink 0.4mm 6,2,8.6,1.44,0
  14/5/25 ,8.71E+12,Vaseline Lip Rosy 20g,2,3.86,0.64,0
  14/5/25 ,5.06E+12,VITAMIN B12 10UG,2,3.98,0.66,0
  14/5/25 ,5.03E+12,WISDOM TRIPLE PACK ,2,2.98,0.5,0
  14/5/25 ,5.01E+12,Witch Hazel 200ml,2,7.98,1.34,0
  14/6/25 ,5.10E+12,ADULT WATERWIPES,8,28,4.68,0
  14/6/25 ,5.06E+12,ALMUS sleep aid tablets 50mg  20,4,21.96,3.68,0
  14/6/25 ,4.02E+12,ALWAYS incontinence range discreet pads long plus  16,4,19.56,0,0
  14/6/25 ,5.06E+12,Antihistamine Tablets 4mg 28s,4,11.96,2,0
  14/6/25 ,5.01E+12,Anusol Cream 43g,4,27.56,4.6,0
  14/6/25 ,5.01E+12,Beconase Hayfever Nasal Spray 0.05% 180 Doses,4,43.96,7.32,0
  14/6/25 ,5.02E+12,BELLS OTC medicines analgesics paracetamol caplets 500mg  32,16,24,4,0
  14/6/25 ,3.57E+12,Benadryl Relief Plus 12s,16,111.84,18.68,0
  14/6/25 ,96032893,Betteryou Boost B12,4,49.8,8.32,0
  14/6/25 ,3.01E+12,Brut Orginal Deo 200ml,4,13.16,2.2,0
  14/6/25 ,5.02E+12,CALYPSO kids sun lotion coloured roll on spf50 50ml,4,15.96,2.68,0
  14/6/25 ,5.01E+12,Canesten Crm 1% 20g,4,28.76,4.8,0
  14/6/25 ,5.06E+12,CETIRIZINE 10MG 30TAB,12,47.88,8.04,0
  14/6/25 ,5.03E+12,Cetraben Cream 500g,4,45.92,7.64,0
  14/6/25 ,5.03E+12,Cetraben Emoll Crm 50g,4,10.8,1.8,0
  14/6/25 ,5.06E+12,CHLORALIEVE lozenges honey & lemon 0.6mg/1.2mg/2mg  24,4,23.96,4,0
  14/6/25 ,5.01E+12,CLARITYN allergy tablets 10mg  30,4,43.96,7.32,0
  14/6/25 ,5.06E+12,CO CODAMOL 8MG/500MG,8,31.92,5.36,0
  14/6/25 ,5.06E+12,CO/Codamol Eff 8/500mg 32s,4,23.96,4,0
  14/6/25 ,4.01E+12,Complan Shake Banana 4x57g,4,14.56,0,0
  14/6/25 ,4.01E+12,Complan Shake Flavoured Shakes Strawberry 57g 4,12,43.68,0,0
  14/6/25 ,4.01E+12,Complan Shake Vanilla 4x57g,4,14.56,0,0
  14/6/25 ,5.01E+12,DEEP FREEZE cold gel 35g,4,10.36,1.72,0
  14/6/25 ,5.01E+12,Deep Relief Gel Trip Act 50g,4,25,4.16,0
  14/6/25 ,50184491,Dextro Energy Tropical,8,6.32,0,0
  14/6/25 ,5.39E+12,DIORALYTE oral powder sachets blackcurrant 0.53g/3.56g/0.30g/0.47g  6,4,19.96,3.32,0
  14/6/25 ,27122301,DISPENSARY SALE,16,22.24,3.68,0
  14/6/25 ,5.00E+12,Dulcolax 5mg Tabs,4,24.8,4.12,0
  14/6/25 ,5.03E+12,EARCALM,4,35.96,6,0
  14/6/25 ,4.01E+12,Eplast Finger Strips 16s,4,13.96,2.32,0
  14/6/25 ,5.02E+12,FENBID GEL 5%,4,11.6,1.92,0
  14/6/25 ,5.02E+12,FINGER & TOE STRAPPING,4,14.2,2.36,0
  14/6/25 ,8.70E+12,FIXODENT denture adhesive cream complete fresh 70g,4,18,3,0
  14/6/25 ,5.02E+12,FLANNELS,4,9.96,1.68,0
  14/6/25 ,6.92E+12,FLOWFLEX lateral flow test kits  5,4,36,6,0
  14/6/25 ,5.05E+12,Fresh Step Shoe Spray,4,15.96,2.68,0
  14/6/25 ,5.02E+12,GALPHARM treathay tablets f/c 120mg  30,4,27.96,4.68,0
  14/6/25 ,7.70E+11,GAUZE SWABS,4,53.76,8.96,0
  14/6/25 ,5.01E+12,GAVISCON DOUBLE ACTION liquid mixed berries 325mg/500mg/213mg 150ml,4,23.96,4,0
  14/6/25 ,50658053,Halls Cherry,8,6.8,1.12,0
  14/6/25 ,96043509,Halls Citrus sf,4,3.4,0.56,0
  14/6/25 ,5.03E+12,Halls Soothers Peach,4,3.4,0.56,0
  14/6/25 ,5.03E+12,Halls Soothers S/Berry,4,3.4,0.56,0
  14/6/25 ,7.35E+12,HC45 HYDROCORTISONE CREAM,4,23.96,4,0
  14/6/25 ,5.02E+12,IBULEVE max strength pain relief gel 10% 50g,4,32,5.32,0
  14/6/25 ,5.06E+12,IBUPROFEN 400MG TABLETS,4,23.96,4,0
  14/6/25 ,5.06E+12,IBUPROFEN AMD CODEINE,16,135.84,22.72,0
  14/6/25 ,5.03E+12,JAKEMANS menthol lozenges menthol & eucalyptus 73g,4,3.96,0.68,0
  14/6/25 ,5.03E+12,JAKEMANS menthol sweets throat & chest 41g,8,7.92,1.36,0
  14/6/25 ,5.02E+12,KIDS HOT COLD COMPRESS,4,35.96,6,0
  14/6/25 ,5.02E+12,KINETIK BLOODGLUCOSE MONITOR,4,99.96,16.68,0
  14/6/25 ,5.02E+12,Laxido Orange (keep),4,23.68,3.96,0
  14/6/25 ,5.06E+12,LEVONORGESTREL 1.5MG TAB,4,80,13.32,0
  14/6/25 ,5.01E+12,Magnesium & Vitamin B6 Tablets,4,8,1.32,0
  14/6/25 ,8.10E+11,MEDIHONEY,16,141.6,23.6,0
  14/6/25 ,5.06E+12,MELBOURNE SPRING WATER,4,4,0.68,0
  14/6/25 ,5.00E+12,MELOLIN ADHESIVE low/adhesive absorbent dressing pads consumer/OTC pack  8.3cm x 6cm 5,4,14.16,2.36,0
  14/6/25 ,5.00E+12,Night Nurse 160ml,4,35.96,4.8,7.2
  14/6/25 ,5.05E+12,Night Nurse Capsules 10,4,28.64,4.76,0
  14/6/25 ,5.01E+12,NYTOL ONE A NGT 20 TABLETS,8,65.52,10.96,0
  14/6/25 ,5.01E+12,OPTICROM HAYFEVER 2%,4,23.96,4,0
  14/6/25 ,50483488,OPTREX BLOODSHOT EYE DROPS 10ml,4,19.96,3.32,0
  14/6/25 ,5.05E+12,OPTREX eye drops hayfever relief 2% 10ml,4,25.96,4.32,0
  14/6/25 ,50483464,Optrex Infected Eye Drops,12,95.88,15.96,0
  14/6/25 ,5.02E+12,OSTEOCARE tablets 25ug  30,4,21.8,3.64,0
  14/6/25 ,3.57E+12,OVEX SUSPENSION FAMILY PK 30ml,8,127.92,21.32,0
  14/6/25 ,5.05E+12,PANADOL,4,8,1.32,0
  14/6/25 ,5.06E+12,paracetamol 500mg,4,27.8,4.64,0
  14/6/25 ,5.04E+12,Paramol Ets 24 Tabs,4,33.96,5.68,0
  14/6/25 ,4.08E+12,PeptO/Bismol 120ml,4,13.8,2.32,0
  14/6/25 ,5.00E+12,POLI/GRIP denture fixative cream ultra hold & neutral tasting 40g,8,31.36,5.2,0
  14/6/25 ,5.02E+12,Salactol Paint 15ml,4,10.96,1.84,0
  14/6/25 ,5.04E+12,Scholl Toenail Scissors,4,31.96,5.32,0
  14/6/25 ,4.06E+12,Silvikrin Hairspray Maximum Hold 250ml,4,10.76,1.8,0
  14/6/25 ,5.01E+12,Sinutab Tablets 15s,4,25.96,4.32,0
  14/6/25 ,5.04E+12,SKIN CLOSURE STRIPS,4,11.96,2,0
  14/6/25 ,5.01E+12,SOLPADEINE MAX 24,4,36.28,6.04,0
  14/6/25 ,5.01E+12,SOLPADINE PLUS 24,4,29.08,4.84,0
  14/6/25 ,5.01E+12,Steradent Act Fresh 30 Tabs,4,5.2,0.88,0
  14/6/25 ,3.33E+12,Sterimar Congest Rlf Spy 50ml,4,19.96,3.32,0
  14/6/25 ,5.01E+12,STUGERON 15 TABS,4,21.16,3.52,0
  14/6/25 ,5.02E+12,SUDOCREM,4,43.16,7.2,0
  14/6/25 ,5.02E+12,VALUPAK MULTIVIT 50 one/a/day tablets,4,5.92,1,0
  14/6/25 ,5.02E+12,Valupak Omega 3 Fish Oiul Caps 90S,4,22.04,3.68,0
  14/6/25 ,5.02E+12,Valupak Vit E 100iu 30 Caps,4,5.92,1,0
  14/6/25 ,42182634,Vaseline Petro Jelly 100ml,4,7.96,1.32,0
  14/6/25 ,5.00E+12,Zovirax Cold Sore Crm Pmp 2g,4,35.96,6,0
  14/7/25 ,5.06E+12,3 IN 1 MAKE UP REMOVAL WIPES,1,1,0.17,0
  14/7/25 ,9.34E+12,AEROPAD low adherent pad 5cm x 5cm 5,1,2.5,0.42,0
  14/7/25 ,9.34E+12,AEROPLAST transparent standard strip  50,1,2.63,0.44,0
  14/7/25 ,5.06E+12,ALMUS ibuprofen tablets 200mg  16,2,1.18,0.2,0
  14/7/25 ,5.06E+12,ALVITA beauty & toiletries cotton wool balls  100,1,1.49,0.25,0
  14/7/25 ,5.06E+12,ALVITA PREGNANCY TEST TWIN,1,3.99,0.67,0
  14/7/25 ,5.01E+12,Anusol Cream 43g,1,6.89,1.15,0
  14/7/25 ,5.01E+12,Beconase Hayfever Nasal Spray 0.05% 180 Doses,1,10.99,1.83,0
  14/7/25 ,5.02E+12,BELLS OTC medicines analgesics paracetamol caplets 500mg  32,2,3,0.5,0
  14/7/25 ,3.09E+12,Bic 1 Sens 5pk,1,0.89,0.15,0
  14/7/25 ,5.00E+12,Buscopan Ibs Relief 40tabs,1,8.34,1.39,0
  14/7/25 ,5.01E+12,Carnation Fng/toe Bnd 4m,1,3.65,0.61,0
  14/7/25 ,5.06E+12,CB 12 spray 15ml ,1,2.59,0.43,0
  14/7/25 ,5.02E+12,CLEAREAR olive oil ear drops 10ml,1,3.99,0.67,0
  14/7/25 ,50632725,Clove Oil 10ml,1,3.99,0.67,0
  14/7/25 ,5.02E+12,CO/Codamol 32s,3,11.97,2.01,0
  14/7/25 ,5.02E+12,Colpermin Ibs Capsules 20,2,15.98,2.66,0
  14/7/25 ,5.01E+12,COVONIA CHESTY CGH MIX 150ml,2,12,2,0
  14/7/25 ,5.01E+12,Covonia Throat Spray 30ml,1,9,1.5,0
  14/7/25 ,5.00E+12,Cuprofens 400mg 96s,1,9.89,1.65,0
  14/7/25 ,5.01E+12,Deep Heat Heat Rub 100g Heat Rub,1,5.45,0.91,0
  14/7/25 ,76111570,Dextro Lemon,1,0.79,0.13,0
  14/7/25 ,5.01E+12,Disp Asprin 75mg 100s,1,2.55,0.43,0
  14/7/25 ,8.72E+12,DOVE CLASSIC  ,1,2.5,0.42,0
  14/7/25 ,80466437,DOVE ROLL ON ORIGINAL,1,3.55,0.59,0
  14/7/25 ,5.01E+12,EURAX CREAM W CROTAMITON10%,2,9.98,1.66,0
  14/7/25 ,5.06E+12,EVOLVE eyelid wipes p/f 2.25ml 20,1,7.36,1.23,0
  14/7/25 ,6.92E+12,FLOWFLEX lateral flow test kits  5,1,9,1.5,0
  14/7/25 ,5.02E+12,Fluconazole 150mg Capsule,1,3.99,0.67,0
  14/7/25 ,5.01E+12,GERMOLENE ANTISEPT CREAM 30g,1,3.2,0.53,0
  14/7/25 ,5.01E+12,Glycerin Adult Suppos 12s,1,4.98,0.83,0
  14/7/25 ,5.03E+12,Halls Soothers Peach,1,0.85,0.14,0
  14/7/25 ,5.03E+12,Hydrocortisone 1% Cream,2,16.38,2.74,0
  14/7/25 ,5.02E+12,Ibuleve Max Strength 50g,1,8.79,1.47,0
  14/7/25 ,5.06E+12,IBUPROFEN 400MG,1,2.79,0.47,0
  14/7/25 ,5.06E+12,IBUPROFEN AMD CODEINE,3,25.47,4.26,0
  14/7/25 ,5.03E+12,Imodium Instants 6,1,5.39,0.9,0
  14/7/25 ,8.71E+12,IMPULSE body spray very pink  75ml,1,2.24,0.37,0
  14/7/25 ,6.00E+12,KEDLEY HAND SUPPORT,1,4.99,0.83,0
  14/7/25 ,5.06E+12,Lactulose 3.3g/5ml Oral Solusion,1,6.29,1.05,0
  14/7/25 ,5.01E+12,LISTERINE mouthwash antiseptic total care 250ml,1,3.1,0.52,0
  14/7/25 ,5.02E+12,MURRAYS emery boards 11cm  11cm,1,1.05,0.18,0
  14/7/25 ,8.72E+12,NAILNER fungal nail infection pen 2/in/1 4ml,1,26.99,4.5,0
  14/7/25 ,5.00E+12,NEXIUM CONTROL 20MG,2,25.98,4.34,0
  14/7/25 ,5.05E+12,Night Nurse Capsules 10,1,7.16,1.19,0
  14/7/25 ,5.01E+12,NUMARK first aid kit 39pcs,1,9.99,1.67,0
  14/7/25 ,5.00E+12,NUROFEN PLUS TABLETS 32,1,11.29,1.88,0
  14/7/25 ,5.01E+12,NYTOL ONE A NGT 20 TABLETS,3,24.57,4.11,0
  14/7/25 ,5.01E+12,Ovex Family Pack 4 Tabs,3,39.87,6.66,0
  14/7/25 ,5.02E+12,PARACETAMOL CAPLETS,2,3,0.5,0
  14/7/25 ,5.02E+12,PARACETAMOL CAPS 500mg 16,1,0.55,0.09,0
  14/7/25 ,5.06E+12,PARACETAMOL CAPSULES 32S,3,6,0.99,0
  14/7/25 ,5.04E+12,Paramol Ets 24 Tabs,1,8.49,1.42,0
  14/7/25 ,5.02E+12,SAFE SOUND NIT COMB,1,1.35,0.23,0
  14/7/25 ,5.02E+12,Salactol Paint 15ml,1,2.74,0.46,0
  14/7/25 ,5.01E+12,SAVLON wound cleansing wipe sachets  10,1,2.99,0.5,0
  14/7/25 ,5.04E+12,SKIN CLOSURE STRIPS,1,2.99,0.5,0
  14/7/25 ,5.01E+12,SOLPADEINE MAX 24,6,54.42,9.06,0
  14/7/25 ,5.01E+12,SOLPADEINE MAX SOL 24,2,17,2.84,0
  14/7/25 ,5.00E+12,Strepsils Extra Blackc 24s,1,5.89,0.98,0
  14/7/25 ,5.01E+12,STUGERON 15 TABS,1,5.29,0.88,0
  14/7/25 ,5.06E+12,SURESIGN 6 day early midstream pregnancy test  2,1,6.99,1.17,0
  14/7/25 ,5.02E+12,Valupak Clo Caps 1000mg 30 Capsules 1000mg  1000mg,1,2.06,0.34,0
  14/7/25 ,5.02E+12,Valupak Magnesium 187.5mg 30,1,1.14,0.19,0
  14/7/25 ,5.02E+12,Valupak Multivit/iron Tabs 50 Tablets,1,1.48,0.25,0
  14/7/25 ,5.02E+12,Valupak Vit D3 1000iu 60s,1,1.14,0.19,0
  14/7/25 ,42182627,VASELINE PETRO JELLY 50ML,1,1.39,0.23,0
  14/7/25 ,5.01E+12,Voltarol Emulgel P Gel 30g Gel  1.16%,1,5.79,0.97,0
  14/7/25 ,6.01E+12,WRIST & THUMB SPLINT RIGHT,1,18.99,3.17,0
  14/7/25 ,,WRIST SPLINT,1,12.99,2.17,0
  14/7/25 ,5.06E+12,XAILIN GEL eye gel 0.2%w/w 10g,2,8.28,1.38,0
  15/5/25 ,5.02E+12,4head Top H/ache Rel Stk 3.6g,2,12.16,2.02,0
  15/5/25 ,5.00E+12,Allevia Fexofenadine,2,20.98,3.5,0
  15/5/25 ,5.06E+12,ALVITA PREGNANCY TEST TWIN,2,7.98,1.34,0
  15/5/25 ,5.06E+12,APRODERM ointment 50g,2,2.9,0.48,0
  15/5/25 ,5.00E+12,Arnicare Crm 50g,2,17.38,2.9,0
  15/5/25 ,5.06E+12,BAG FOR LIFE,2,4.98,0.84,0
  15/5/25 ,5.02E+12,Bazuka Extra Gel 6g,2,16,2.66,0
  15/5/25 ,5.02E+12,BELLS OTC medicines analgesics paracetamol caplets 500mg  32,2,3,0.5,0
  15/5/25 ,5.01E+12,Benylin Day & Night Cold Treatment Tablets 25mg /500mg /500mg /60mg  16,2,11.98,2,0
  15/5/25 ,3.09E+12,Bic Disp Raz Twin Lady 5 Twin Lady,2,3.9,0.66,0
  15/5/25 ,6.00E+12,BIO/OIL dry skin gel 200ml,2,29.98,5,0
  15/5/25 ,5.01E+12,Calpol Inf S/f 120mg/5ml 100ml,2,9.18,1.54,0
  15/5/25 ,5.01E+12,Calpol Six Plus Sf 100ml,2,10.98,1.84,0
  15/5/25 ,5.01E+12,Canesbalance Bv Gel 7s,2,32.38,5.4,0
  15/5/25 ,5.01E+12,Canesten Internal Cream,2,25.98,4.34,0
  15/5/25 ,83078911171,CARMEX MOIST LIP BLM4.25G,2,6,1,0
  15/5/25 ,8.00E+12,Clearblue _brand Clearblue Early Detecti Early Detection Visual,2,22.98,3.84,0
  15/5/25 ,5.01E+12,Clotrimazole 1% Cream,2,8.58,1.44,0
  15/5/25 ,50601714,CLOVE OIL,2,6.2,1.04,0
  15/5/25 ,5.02E+12,CO/Codamol 32s,2,7.98,1.34,0
  15/5/25 ,5.01E+12,CO/CODAMOL 8/500MG,4,15.96,2.68,0
  15/5/25 ,5.02E+12,DENTAL FLOSS PICKS,2,6.98,1.16,0
  15/5/25 ,7.35E+12,E45 itch relief gel 100ml,2,19.98,3.34,0
  15/5/25 ,4.01E+12,Elastoplast Water Resis 10s,2,3.9,0.66,0
  15/5/25 ,5.02E+12,EMERY BOARD,2,2.98,0.5,0
  15/5/25 ,4.01E+12,Eplast Tough 12,2,6.78,1.14,0
  15/5/25 ,5.01E+12,Femfresh Wipes 25s,2,5.98,1,0
  15/5/25 ,50658053,Halls Cherry,2,1.7,0.28,0
  15/5/25 ,5.01E+12,Ibuprofen 400mg Tablets,2,5.58,0.94,0
  15/5/25 ,5.02E+12,Iglu Pastilles S/free Past 24s,2,12.24,2.04,0
  15/5/25 ,5.02E+12,KINETIK BLOOD PRESSURE MONITOR,2,49.98,8.34,0
  15/5/25 ,7.21E+11,Kliar Vax Ear Drops,2,7.94,1.32,0
  15/5/25 ,7.31E+12,LAMISIL 1% ONCE,2,21.98,3.66,0
  15/5/25 ,5.00E+12,Lemsip Max Cold/flu Sach 5 Blackcurrant,2,7.78,1.3,0
  15/5/25 ,5.03E+12,MALIBU SPF 30 LIP BALM 3PK WATERMELON/MINT/VANILLA,2,5.98,1,0
  15/5/25 ,8.00E+12,MARVIS WHITENING MINT TOOTHPASTE 85ML,2,18,2.4,3.6
  15/5/25 ,8.10E+11,MEDIHONEY,4,35.4,5.92,0
  15/5/25 ,87108132,MENTOS,4,2.6,0.44,0
  15/5/25 ,5.01E+12,Night Time Sleep Aid 25mg 20 Tabs,2,7.78,1.3,0
  15/5/25 ,5.00E+12,NUROFEN PLUS TABLETS 32,2,22.58,3.76,0
  15/5/25 ,5.01E+12,OPTREX eye wash multi action 100ml,2,10.78,1.8,0
  15/5/25 ,5.06E+12,Orajel Ex Dental Gel 5.3g,2,12.98,2.16,0
  15/5/25 ,5.06E+12,Orajel Mouth Gel 10% Blue 5.3g,6,28.74,4.8,0
  15/5/25 ,5.05E+12,OTRIVINE nasal spray with khone spray sinusitis relief 0.1% 10ml,2,11,1.84,0
  15/5/25 ,5.01E+12,Ovex Family Pack 4 Tabs,4,53.16,8.86,0
  15/5/25 ,5.06E+12,PARACETAMOL CAPSULES 32S,4,8,1.34,0
  15/5/25 ,5.06E+12,PHORPAIN GEL 10% 50G,2,12.98,2.16,0
  15/5/25 ,5.05E+12,Scholl Frsh Stp Foot Spr 150ml,2,7.98,1.34,0
  15/5/25 ,5.02E+12,SHARPENER,2,2.46,0.42,0
  15/5/25 ,5.02E+12,SHELL NAIL BRUSH,2,2.58,0.44,0
  15/5/25 ,5.01E+12,SOLPADEINE MAX 24,6,54.42,9.06,0
  15/5/25 ,5.01E+12,SOLPADEINE MAX SOL 24,4,34,5.68,0
  15/5/25 ,5.01E+12,SOLPADINE PLUS 24,2,14.54,2.42,0
  15/5/25 ,3.33E+12,Sterimar Congest Rlf Spy 50ml,2,9.98,1.66,0
  15/5/25 ,5.03E+12,STRAWBERRY LIP BALM,2,3.98,0.66,0
  15/5/25 ,3.57E+12,Sudafed Block Nose Spray 15ml,2,11.58,1.94,0
  15/5/25 ,3.57E+12,SUDAFED DECONG TABS 12s,2,9.58,1.6,0
  15/5/25 ,3.57E+12,SUDAFED PLUS blocked nose spray 50mg/ml/1mg/ml 10ml,2,13.98,2.34,0
  15/5/25 ,7.32E+12,Tena Pants Super Large,2,26.5,0,0
  15/5/25 ,5.02E+12,Valupak Magnesium 187.5mg 30,2,2.28,0.38,0
  15/5/25 ,5.01E+12,ZIPAMOL PLUS effervescent tablets 8/500mg  32,2,11.98,2,0
  15/7/25 ,5.06E+12,AACULOSE eye drops 0.5% 10ml,1,1.78,0.3,0
  15/7/25 ,5.06E+12,AIRPURE CANDLE JAR RASPBERRY BLISS,1,7.99,1.33,0
  15/7/25 ,4.02E+12,ALWAYS CLASSIC,1,1.59,0.27,0
  15/7/25 ,5.01E+12,Aspirin Disp Tabs 300mg 32s,1,2.5,0.42,0
  15/7/25 ,5.01E+12,BEAUTY FORMULAS intensive foot cream  100ml,1,1.39,0.23,0
  15/7/25 ,5.01E+12,BEPANTHEN NAPPY OINT 100g,1,9.19,1.53,0
  15/7/25 ,5.00E+12,Bonjela Junior Gel 15g,1,3.99,0.67,0
  15/7/25 ,5.00E+12,Buscopan Ibs Relief 40tabs,1,8.34,1.39,0
  15/7/25 ,3.57E+12,CALPROFEN oral suspension 100mg/5ml 200ml,2,15.18,2.54,0
  15/7/25 ,5.01E+12,Carnation Toenail Sft Ltn 14ml,1,3.49,0.58,0
  15/7/25 ,5.02E+12,Cetirizine 10mg 30 Tablets,2,7.98,1.34,0
  15/7/25 ,50309443,Chapstick Original,1,1.39,0.23,0
  15/7/25 ,1.05E+18,CLINIPORE SURGICAL TAPE,1,1.29,0.22,0
  15/7/25 ,5.02E+12,CO/Codamol 32s,4,15.96,2.68,0
  15/7/25 ,3.57E+12,Compeed Blister Mix Pack,1,5.98,1,0
  15/7/25 ,5.00E+12,Corsodyl M/wash Alc Free 300ml,1,5.85,0.98,0
  15/7/25 ,5.01E+12,Covonia Throat Spray 30ml,1,9,1.5,0
  15/7/25 ,5.01E+12,CUTICURA body powder mildly medicated 150g,1,2.75,0.46,0
  15/7/25 ,5.01E+12,Cystopurin Granules 6 X 7g Cranberry  3g,1,8.39,1.4,0
  15/7/25 ,5.03E+12,Daktarin Crm 2% 15g,1,5.69,0.95,0
  15/7/25 ,5.01E+12,DEEP RELIEF ANTI/INFLAM GEL,1,12.6,2.1,0
  15/7/25 ,27122301,DISPENSARY SALE,1,15.3,2.55,0
  15/7/25 ,5.05E+12,DUREX contraceptive sheaths thin feel  12,1,10.99,0.52,0
  15/7/25 ,7.35E+12,E45 PUMP CREAM,1,15.99,2.67,0
  15/7/25 ,4.01E+12,Elastoplast Wound Spray,1,4.32,0.72,0
  15/7/25 ,5.06E+12,EMLA 5% CREAM,1,4.05,0.68,0
  15/7/25 ,4.01E+12,Eplast Fabric Plasters 10,1,2.89,0.48,0
  15/7/25 ,50173686,Extra Chewing Gum Spearmint,1,0.79,0.13,0
  15/7/25 ,5.02E+12,EXTRA LARGE  FABRC PLASTER,1,2.49,0.42,0
  15/7/25 ,5.02E+12,FABRIC PLASTERS,1,2.39,0.4,0
  15/7/25 ,5.01E+12,FACIAL WIPES SOFT APRICOT,1,1,0.17,0
  15/7/25 ,5.02E+12,FACIAL WIPES ULTRA SENSITIVE,1,1,0.17,0
  15/7/25 ,96091722,Fishermans Friend,1,0.79,0.13,0
  15/7/25 ,50357475,Fishermens Friend Cherry Loz 25g,1,0.79,0.13,0
  15/7/25 ,5.02E+12,Fluconazole 150mg Capsule,1,3.99,0.67,0
  15/7/25 ,5.02E+12,Galpharm Nightcalm 50mg 20s,2,10.98,1.84,0
  15/7/25 ,4.03E+12,GEL TEARS 0.2%,1,3.27,0.55,0
  15/7/25 ,5.01E+12,GERMOLENE ANTISEPT CREAM 30g,1,3.2,0.53,0
  15/7/25 ,50658053,Halls Cherry,1,0.85,0.14,0
  15/7/25 ,4.03E+12,Hycosan Plus Eye Drops 7.5ml Eye Drops,1,11.18,1.86,0
  15/7/25 ,5.03E+12,Hydrocortisone 1% Cream,2,16.38,2.74,0
  15/7/25 ,5.06E+12,IBUPROFEN 400MG,1,2.79,0.47,0
  15/7/25 ,5.06E+12,IBUPROFEN 400MG TABLETS,2,11.98,2,0
  15/7/25 ,5.03E+12,JAKEMANS menthol lozenges honey & lemon 160g,1,1.99,0.33,0
  15/7/25 ,5.03E+12,JAKEMANS menthol lozenges throat & chest 73g,1,0.99,0.17,0
  15/7/25 ,5.03E+12,JAKEMANS menthol sweets throat & chest 41g,2,1.98,0.34,0
  15/7/25 ,6.00E+12,KEDLEY ANKLE SUPPORT ,1,7.99,1.33,0
  15/7/25 ,5.06E+12,Lactulose 500ml,1,8.99,1.5,0
  15/7/25 ,8.10E+11,MEDIHONEY,1,8.85,1.48,0
  15/7/25 ,3.83E+11,MICROFINE NEEDLES 0.3,1,25.14,4.19,0
  15/7/25 ,5.06E+12,MIGRAINE RELIEF BUCCAL,1,6.99,1.17,0
  15/7/25 ,3.10E+11,Mitchum Roll on,1,1.99,0.33,0
  15/7/25 ,5.02E+12,Murrays Hard Skin Remover,1,2.59,0.43,0
  15/7/25 ,5.02E+12,NAIL CLIPPER CURVED,1,2.99,0.5,0
  15/7/25 ,7.06E+11,Neilmed Sinus Rinse Starter ki,1,10.99,0,0
  15/7/25 ,5.00E+12,Niquitin Clear 14mg Patch,1,17.99,0.86,0
  15/7/25 ,5.00E+12,NUROFEN PLUS TABLETS 32,3,33.87,5.64,0
  15/7/25 ,5.01E+12,NYTOL ONE A NGT 20 TABLETS,1,8.19,1.37,0
  15/7/25 ,5.01E+12,Nytol Orginal 25mg 20s,1,5.99,1,0
  15/7/25 ,5.06E+12,PARACETAMOL,4,6,1,0
  15/7/25 ,5.04E+12,Paramol Tabs E/t/s 12 Easy To Swallow,2,9.7,1.62,0
  15/7/25 ,4.08E+12,Pepto Bismol 240ml,1,4.59,0.77,0
  15/7/25 ,5.05E+12,Piriton Allergy Tabs 4mg 60 Allergy Tablets  4mg,1,8.49,1.42,0
  15/7/25 ,5.00E+12,Piriton Syrup 2mg/5ml 150ml,1,5.99,1,0
  15/7/25 ,5.00E+12,POLI/GRIP denture fixative cream ultra hold & neutral tasting 40g,1,3.92,0.65,0
  15/7/25 ,5.02E+12,Salivix 50 Sf Pastilles,3,19.38,3.23,0
  15/7/25 ,5.01E+12,SOLPADEINE MAX 24,3,27.21,4.53,0
  15/7/25 ,5.01E+12,SOLPADEINE MAX SOL 24,3,25.5,4.26,0
  15/7/25 ,5.01E+12,SOLPADINE PLUS 24,3,21.81,3.63,0
  15/7/25 ,5.01E+12,Sterimar Isotonic Nasal Spry 100ml,1,6.79,1.13,0
  15/7/25 ,4.00E+12,SULA LIQUORICE DROPS SF,1,1.15,0.19,0
  15/7/25 ,5.06E+12,SURESIGN,1,2.49,0.42,0
  15/7/25 ,7.32E+12,Tena For Men Pants Level4 x8,1,8.5,0,0
  15/7/25 ,4.03E+12,Viscotears Liquid Gel,1,4.72,0.79,0
  15/7/25 ,5.05E+12,VOLTAROL EMULGEL gel 2.32% 30g ,1,7.69,1.28,0
  15/7/25 ,5.01E+12,Voltarol Paineze Emulgel 30g,1,5.79,0.97,0
  15/7/25 ,5.10E+12,WATER WIPES,2,5.72,0.96,0
  16/5/25 ,5.06E+12,ALMUS CALAMINE LOTION ,2,6.58,1.1,0
  16/5/25 ,5.06E+12,ALMUS hayfever & allergy relief tablets 10mg  30,4,9.96,1.68,0
  16/5/25 ,5.06E+12,ALMUS ibuprofen tablets 200mg  24,2,2,0.34,0
  16/5/25 ,5.06E+12,ALMUS sleep aid tablets 50mg  20,2,10.98,1.84,0
  16/5/25 ,5.01E+12,Anusol Ointment 25g,2,8.58,1.44,0
  16/5/25 ,3.57E+12,Aveeno Daily Org Moist Ltn 300ml,2,17.82,2.98,0
  16/5/25 ,5.06E+12,AYMES shake compact strawberry 57g 7,2,15.08,0,0
  16/5/25 ,5.01E+12,Beconase H/fever Ad100 Spray,4,31.96,5.32,0
  16/5/25 ,5.01E+12,Beconase Hayfever Nasal Spray 0.05% 180 Doses,2,21.98,3.66,0
  16/5/25 ,5.02E+12,BELLS OTC medicines analgesics paracetamol caplets 500mg  32,2,3,0.5,0
  16/5/25 ,3.57E+12,Benadryl Relief Plus 12s,2,13.98,2.34,0
  16/5/25 ,5.01E+12,Calpol Inf S/f 120mg/5ml 100ml,4,18.36,3.08,0
  16/5/25 ,5.02E+12,Calypso Kids Sun Lotion Spf 50,2,13.98,2.34,0
  16/5/25 ,5.03E+12,Cetraben Emollient Cream,2,15.22,2.54,0
  16/5/25 ,5.01E+12,CLARITYN tablets 10mg  20,2,16,2.66,0
  16/5/25 ,4.02E+12,Clearblue Dig Ovulation Test,2,46.96,7.82,0
  16/5/25 ,5.06E+12,COTTONBUDS,2,2.58,0.44,0
  16/5/25 ,5.01E+12,Cuticua Crisp & Fresh Antibac Hand Gel,2,3.78,0.64,0
  16/5/25 ,5.02E+12,Dermol Cream 100g,2,10.3,1.72,0
  16/5/25 ,42405962,DEXTRO BLUEBERRY,10,7.9,1.3,0
  16/5/25 ,76111570,Dextro Lemon,10,7.9,1.3,0
  16/5/25 ,5.06E+12,Difflam Spray 30ml,2,16.98,2.84,0
  16/5/25 ,5.06E+12,EPIMAX ISOMOL GEL,2,7.4,1.24,0
  16/5/25 ,5.06E+12,EPIMAX moisturising cream 100g,2,7.26,1.22,0
  16/5/25 ,5.02E+12,FOSTER & GRANT 2.00,2,30,5,0
  16/5/25 ,5.03E+12,Halls Soothers Peach,2,1.7,0.28,0
  16/5/25 ,7.35E+12,HC45 HYDROCORTISONE CREAM,2,11.98,2,0
  16/5/25 ,4.03E+12,HYCOSAN EXTRA 7.5ML,2,21.98,3.66,0
  16/5/25 ,5.06E+12,Ibuprofen 400mg 84s,4,23.96,4,0
  16/5/25 ,5.06E+12,IBUPROFEN AMD CODEINE,2,16.98,2.84,0
  16/5/25 ,5.03E+12,Imodium Instants 6,2,10.78,1.8,0
  16/5/25 ,5.06E+12,ISPAGHULA HUSK,4,16.6,2.76,0
  16/5/25 ,5.03E+12,JAKEMANS menthol sweets throat & chest 41g,2,1.98,0.34,0
  16/5/25 ,6.00E+12,KNEE STABILZER,2,29.98,5,0
  16/5/25 ,5.03E+12,KWELLS KIDS,2,7.98,1.34,0
  16/5/25 ,5.02E+12,Laxido Orange (keep),2,11.84,1.98,0
  16/5/25 ,5.02E+12,LOPERAMIDE 2MG,2,7.68,1.28,0
  16/5/25 ,10126165,LYCLEAR CREME RINSE,2,23.98,4,0
  16/5/25 ,5.01E+12,MAC sore throat lozenges honey & lemon flavour  12,2,2.84,0.48,0
  16/5/25 ,50620814,Magnesium Paste,2,10.98,1.84,0
  16/5/25 ,5.01E+12,Movicol Sachets,2,30.92,5.16,0
  16/5/25 ,7.06E+11,Neilmed Sinus Rinse Starter ki,2,21.98,0,0
  16/5/25 ,5.01E+12,NUMARK first aid plasters assorted fabric  24,2,3.18,0.54,0
  16/5/25 ,5.01E+12,NYTOL ONE A NGT 20 TABLETS,2,16.38,2.74,0
  16/5/25 ,5.00E+12,Optrex Actimist 2in1 Eye Spray,2,31.98,5.34,0
  16/5/25 ,5.06E+12,Orajel Ex Dental Gel 5.3g,4,25.96,4.32,0
  16/5/25 ,3.57E+12,OVEX SUSPENSION FAMILY PK 30ml,2,31.98,5.34,0
  16/5/25 ,5.01E+12,Paracetamol Plus 500mg/65mg Tablets,2,4.4,0.74,0
  16/5/25 ,5.05E+12,Scholl Frsh Stp Foot Spr 150ml,2,7.98,1.34,0
  16/5/25 ,5.04E+12,Scholl Toenail Scissors,2,15.98,2.66,0
  16/5/25 ,5.01E+12,SOLPADEINE MAX SOL 24,4,34,5.68,0
  16/5/25 ,5.01E+12,STREFEN HONEY & LEMON,2,13.98,2.34,0
  16/5/25 ,5.00E+12,Strepsils Org 16s,2,6.98,1.16,0
  16/5/25 ,5.01E+12,STUGERON 15 TABS,2,10.58,1.76,0
  16/5/25 ,5.06E+12,SURESIGN ovulation test  5,2,20.38,3.4,0
  16/5/25 ,5.06E+12,TEA TREE CLENSING WIPES 25,2,2,0.34,0
  16/5/25 ,5.06E+12,Ultra Chlora Blkcrt Spry 15ml,2,12.3,2.06,0
  16/5/25 ,5.02E+12,Valupak Magnesium 187.5mg 30,4,4.56,0.76,0
  16/5/25 ,5.01E+12,Voltarol Paineze Emulgel 30g,2,11.58,1.94,0
  16/6/25   ,9.34E+12,AEROPAD low adherent pad 10cm x 10cm 3,4,13.8,2.32,0
  16/6/25   ,5.04E+12,ALVITA beauty & toiletries cotton wool pleats 100g,8,11.12,1.84,0
  16/6/25   ,8.43E+12,ALVITA eye care wash & bath 100ml,4,17.96,3,0
  16/6/25   ,5.06E+12,ALVITA PREGNANCY TEST TWIN,4,15.96,2.68,0
  16/6/25   ,4.02E+12,Always Sensitive Norm 16s,4,6.2,0,0
  16/6/25   ,8.01E+12,ALWAYS ULTRA DAY & NIGHT,8,23.92,3.6,2.4
  16/6/25   ,96183458,Anbesol Liquid 15ml,4,22.6,3.76,0
  16/6/25   ,5.39E+12,ANTHISAN BITE & STING cream 2% 20g,4,21.96,3.68,0
  16/6/25   ,5.01E+12,Anusol Suppositories 12s,4,17.96,3,0
  16/6/25   ,5.01E+12,Beconase H/fever Ad100 Spray,8,63.92,10.64,0
  16/6/25   ,5.02E+12,BELLS OTC medicines analgesics paracetamol caplets 500mg  32,4,6,1,0
  16/6/25   ,3.57E+12,Benylin Mucus Relief Ngt 150ml,4,36.36,6.08,0
  16/6/25   ,5.01E+12,Benylin Non Drsy Chesty 300ml,4,41.96,7,0
  16/6/25   ,5.60E+12,Benzydamine 0.15% Oromucosal Spray,4,27.96,4.68,0
  16/6/25   ,3.66E+12,BLEPHACLEAN EYELID WIPES 20,8,78.32,0,0
  16/6/25   ,5.01E+12,Broncho Stop Liq 240ml,4,46,7.68,0
  16/6/25   ,5.01E+12,Calpol Inf S/f 120mg/5ml 100ml,4,18.36,3.08,0
  16/6/25   ,5.01E+12,Canesten 500mg Pessary,4,48.76,8.12,0
  16/6/25   ,5.01E+12,Canesten Crm 1% 20g,4,28.76,4.8,0
  16/6/25   ,5.01E+12,Canestest Scrn Test,4,41.96,7,0
  16/6/25   ,5.06E+12,CETIRIZINE 10MG 30TAB,4,15.96,2.68,0
  16/6/25   ,5.06E+12,CL/EAR pain relief  ear drops 0.5% 7g,4,35.96,6,0
  16/6/25   ,5.01E+12,CLARITYN allergy tablets 10mg  30,4,43.96,7.32,0
  16/6/25   ,1.05E+18,CLINIPORE SURGICAL TAPE 2.5X10M,4,5.44,0.92,0
  16/6/25   ,5.06E+12,CO CODAMOL 8MG/500MG,28,111.72,18.76,0
  16/6/25   ,5.06E+12,CO/Codamol Eff 8/500mg 32s,12,71.88,12,0
  16/6/25   ,8.71E+12,COLGATE toothpaste max white one 75ml,4,20,3.32,0
  16/6/25   ,5.03E+12,COTTON WOOL BALLS,8,8,1.36,0
  16/6/25   ,9.00E+12,Cow/gate Instant Carobel 135g Instant Carobel,4,17.4,0,0
  16/6/25   ,5.01E+12,Deep Heat Patch x4,4,33,5.52,0
  16/6/25   ,5.02E+12,Dermol Wash,4,25.56,4.28,0
  16/6/25   ,27122301,DISPENSARY SALE,4,37.44,6.24,0
  16/6/25   ,5.00E+12,DULCOLAX TWELVE PLUS 5MG 40TAB,4,23.28,3.88,0
  16/6/25   ,60018793,Elastoplast Roll Plaster,4,14.96,2.48,0
  16/6/25   ,5.02E+12,ESOMEPRAZOLE 20MG 7 CAPS,4,26.36,4.4,0
  16/6/25   ,5.06E+12,FLARIN soft capsules 200mg  30,4,51.96,8.68,0
  16/6/25   ,6.92E+12,FLOWFLEX lateral flow test kits  5,4,36,6,0
  16/6/25   ,5.02E+12,GALPHARM treathay tablets f/c 120mg  10,8,31.92,4.8,3.2
  16/6/25   ,5.01E+12,GERMOLENE ANTISEPT CREAM 30g,4,12.8,2.12,0
  16/6/25   ,5.06E+12,GLUCORX FINEPOINT NEEDLES,4,31.24,5.2,0
  16/6/25   ,50658053,Halls Cherry,4,3.4,0.56,0
  16/6/25   ,5.03E+12,Halls Soothers S/Berry,4,3.4,0.56,0
  16/6/25   ,5.06E+12,Ibuprofen 400mg 84s,4,23.96,4,0
  16/6/25   ,5.06E+12,IBUPROFEN AMD CODEINE,4,33.96,5.68,0
  16/6/25   ,5.03E+12,Imodium Caps 2mg 6 Tabs,4,16.72,2.8,0
  16/6/25   ,3.57E+12,IMODIUM ORIGINAL 2MG 12S,8,58.32,9.76,0
  16/6/25   ,6.00E+12,KEDLEY KNEE SUPPORT XL,4,25.96,4.32,0
  16/6/25   ,4.99E+12,Kool N Sooth Migraine Pads,8,24.96,4.16,0
  16/6/25   ,5.03E+12,KWELLS 12 TABLETS,4,15.96,2.68,0
  16/6/25   ,5.06E+12,Lactulose 3.3g/5ml Oral Solusion,4,25.16,4.2,0
  16/6/25   ,5.06E+12,LORATADINE 10MG,8,29.84,4.96,0
  16/6/25   ,5.02E+12,LUNOX sleep aid tablets 50mg  20,4,21.96,3.68,0
  16/6/25   ,5.01E+12,Magnesium & Vitamin B6 Tablets,4,8,1.32,0
  16/6/25   ,8.10E+11,MEDIHONEY,8,70.8,11.84,0
  16/6/25   ,5.06E+12,MELBOURNE SPRING WATER,4,4,0.68,0
  16/6/25   ,5.00E+12,MELOLIN ADHESIVE dressing consumer/OTC pack  10cm x 8cm 5,4,20.36,3.4,0
  16/6/25   ,5.00E+12,MELOLIN ADHESIVE low/adhesive absorbent dressing pads consumer/OTC pack  8.3cm x 6cm 5,28,99.12,16.52,0
  16/6/25   ,5.00E+12,Melolin Dressing Pads 10x10cm,4,18.72,3.12,0
  16/6/25   ,991,MISC,12,34.32,5.72,0
  16/6/25   ,5.06E+12,MURINE eye drops dry & tired eye drops 0.15% 15ml,4,16.28,2.72,0
  16/6/25   ,5.02E+12,MURRAYS files & buffers stainless steel foot file,4,15.96,2.68,0
  16/6/25   ,7.06E+11,Neilmed Sinus Rinse Starter ki,4,43.96,0,0
  16/6/25   ,5.02E+12,NEUTRAL CLAW CLIPS ASSORT 3,4,13.96,1.88,2.8
  16/6/25   ,7.05E+12,NICORETTE chewing gum icy white 2mg  210,4,121.24,5.76,0
  16/6/25   ,5.00E+12,Night Nurse 160ml,12,107.88,18,0
  16/6/25   ,5.00E+12,Nurofen For Children Orange 100ml,4,17,2.84,0
  16/6/25   ,5.00E+12,NUROFEN PLUS TABLETS 32,4,45.16,7.52,0
  16/6/25   ,945,œ1 Lines,4,4,0.68,0
  16/6/25   ,5.01E+12,Olive Oil,4,15.96,2.68,0
  16/6/25   ,5.06E+12,OLIVE OIL,8,21.52,3.6,0
  16/6/25   ,5.01E+12,OPTICROM HAYFEVER 2%,8,47.92,7.2,4.8
  16/6/25   ,5.05E+12,Optrex Allergy Eye Drps 10ml Eye Drops  2%w/v,8,47.92,8,0
  16/6/25   ,5.01E+12,OPTREX eye drops dazzling for dull eyes 10ml,4,21.56,3.6,0
  16/6/25   ,8.00E+12,PAMPERS baby wipes fresh clean  52,4,4.8,0.8,0
  16/6/25   ,8.00E+12,Pampers Sensitive Baby Wipes 52s,4,4.8,0.8,0
  16/6/25   ,5.06E+12,PEPPA PIG PLASTERS,4,6.36,1.08,0
  16/6/25   ,5.05E+12,Pirinase Hayfever Nasal Spray 60dse,4,38,6.32,0
  16/6/25   ,5.00E+12,Piriteze Allergy Syrup 70ml,8,48.72,8.12,0
  16/6/25   ,5.05E+12,Piriton Allergy Tabs 30 Tabs,4,19.96,3.32,0
  16/6/25   ,5.05E+12,Piriton Allergy Tabs 4mg 60 Allergy Tablets  4mg,4,33.96,5.68,0
  16/6/25   ,5.00E+12,Piriton Syrup 2mg/5ml 150ml,4,23.96,4,0
  16/6/25   ,7.61E+12,RICOLA soothe & clear honey lemon & echinacea 75g ,4,5.96,1,0
  16/6/25   ,5.02E+12,SAFE & SOUND medicine organisers 7 day pill box am / pm,4,33.96,5.68,0
  16/6/25   ,5.02E+12,SAFE SOUND NIT COMB,4,5.4,0.92,0
  16/6/25   ,5.01E+12,SCHOLL foot treatment blister plasters large heel  5,4,15.96,2.68,0
  16/6/25   ,5.00E+12,Scholl Verruca Rem System,4,17.96,3,0
  16/6/25   ,5.01E+12,SOLPADEINE MAX 24,4,36.28,6.04,0
  16/6/25   ,5.01E+12,SOLPADEINE MAX SOL 24,8,68,11.36,0
  16/6/25   ,5.00E+12,Strepsils Extra Triple Action Cherry Lozenges,4,23.56,3.92,0
  16/6/25   ,5.00E+12,Strepsils S/berry Sf 36s,4,23.56,3.92,0
  16/6/25   ,5.01E+12,STUGERON 15 TABS,4,21.16,3.52,0
  16/6/25   ,6.01E+12,TUBULAR SUPPORT BANDAGE B,4,19.96,3.32,0
  16/6/25   ,5.06E+12,Ultra Ch/septic Hny&lmn 15ml,4,24.6,4.12,0
  16/6/25   ,5.02E+12,Valupak Effervescent Vit C,4,9.6,1.6,0
  16/6/25   ,5.06E+12,VOLTAROL 13 HOUR PAIN RELIEF,4,77.96,13,0
  16/6/25   ,5.05E+12,Voltarol Heat Patch Non Medicated,4,23.16,3.88,0
  16/6/25   ,5.02E+12,WINDEZE 20S GEL,4,19.96,3.32,0
  16/6/25   ,6.01E+12,WRIST & THUMB SPLINT RIGHT,4,75.96,12.68,0
  16/6/25   ,5.06E+12,Yes Vm Vag Moist 100ml,4,47.96,8,0
  16/6/25   ,5.05E+12,ZOVIRAX COLD SORE CREAM,4,33.96,5.68,0
  16/7/25 ,9.34E+12,AEROPAD low adherent pad 5cm x 5cm 5,1,2.5,0.42,0
  16/7/25 ,8.71E+12,Alberto Balsam Apple Conditioner 350ml,1,1.19,0.2,0
  16/7/25 ,5.06E+12,ALMUS erectile dysfunction relief tablets f/c 50mg  4,1,14.99,2.5,0
  16/7/25 ,5.06E+12,ALVITA diagnostic thermometers flexible digital MT509,1,3.99,0.67,0
  16/7/25 ,96183458,Anbesol Liquid 15ml,1,5.65,0.94,0
  16/7/25 ,5.04E+12,ASHTON & PARSONS infants powders 0.002ml  30,1,7.99,1.33,0
  16/7/25 ,5.02E+12,Bazuka Extra Gel 6g,1,8,1.33,0
  16/7/25 ,5.02E+12,BELLS OTC medicines analgesics paracetamol caplets 500mg  32,3,4.5,0.75,0
  16/7/25 ,5.00E+12,BONJELA GEL 15G gel,1,5.9,0.98,0
  16/7/25 ,83078009076,CARMEX STRAWBEY 4.25G,1,2.57,0.43,0
  16/7/25 ,5.02E+12,Cetirizine 10mg 30 Tablets,1,3.99,0.67,0
  16/7/25 ,5.03E+12,Cetraben Cream 500g,1,11.48,1.91,0
  16/7/25 ,5.06E+12,CL/EAR pain relief  ear drops 0.5% 7g,1,8.99,1.5,0
  16/7/25 ,1.05E+18,CLINIPORE TAPE 2.5CMX5M,1,1.49,0.25,0
  16/7/25 ,50632725,Clove Oil 10ml,1,3.99,0.67,0
  16/7/25 ,5.02E+12,CO/Codamol 32s,3,11.97,2.01,0
  16/7/25 ,5.01E+12,Covonia Dry&tckly Linctus 150ml,1,6.99,1.17,0
  16/7/25 ,5.01E+12,DEEP FREEZE cold gel 100g,1,5.49,0.92,0
  16/7/25 ,42405962,DEXTRO BLUEBERRY,1,0.79,0.13,0
  16/7/25 ,50184262,Dextro Energy B/currant 47g,1,0.79,0,0
  16/7/25 ,50184491,Dextro Energy Tropical,1,0.79,0,0
  16/7/25 ,8.11E+11,DR TEALS PURE EPSOM SALT,1,7.99,1.33,0
  16/7/25 ,5.03E+12,EARCALM,1,8.99,1.5,0
  16/7/25 ,5.06E+12,EMLA 5% CREAM,1,4.05,0.68,0
  16/7/25 ,4.01E+12,FABRIC 1M BY 6CM,1,4.49,0.75,0
  16/7/25 ,5.01E+12,Ferrous Sulphate 100s 200mg,1,5.99,1,0
  16/7/25 ,50357475,Fishermens Friend Cherry Loz 25g,1,0.79,0.13,0
  16/7/25 ,5.00E+12,Fybogel Hi Fibre Lemon 10 Sac,1,3.99,0.67,0
  16/7/25 ,5.00E+12,Gaviscon Dble Action Tablets Mint 24,1,5.49,0.92,0
  16/7/25 ,5.01E+12,Germoline Antiseptic Crm 55g,1,3.89,0.65,0
  16/7/25 ,5.01E+12,GUARDIUM GR TABS 20MG,1,6.99,1.17,0
  16/7/25 ,5.06E+12,HURRYCANE,1,22.45,3.74,0
  16/7/25 ,5.03E+12,Hydrocortisone 1% Cream,1,8.19,1.37,0
  16/7/25 ,5.06E+12,IBUPROFEN AMD CODEINE,1,8.49,1.42,0
  16/7/25 ,5.03E+12,IMODIUM INSTANT MELTS orodispersible tablets 2mg  12,1,8.24,1.37,0
  16/7/25 ,5.02E+12,Infacol Drops 50ml,1,5.99,1,0
  16/7/25 ,5.03E+12,JAKEMANS menthol lozenges blackcurrant 73g,1,0.99,0.17,0
  16/7/25 ,5.03E+12,KWELLS 12 TABLETS,1,3.99,0.67,0
  16/7/25 ,5.00E+12,Lemsip Max AlL/IN/One Sach Lemon 8 Sachets,1,5.99,1,0
  16/7/25 ,8.10E+11,MEDIHONEY,1,8.85,1.48,0
  16/7/25 ,7.32E+12,MEPORE 11X15,1,0.7,0.12,0
  16/7/25 ,991,MISC,1,9.99,1.67,0
  16/7/25 ,5.01E+12,NUMARK first aid kit 39pcs,1,9.99,1.67,0
  16/7/25 ,5.01E+12,Olive Oil,1,3.99,0.67,0
  16/7/25 ,5.06E+12,Orajel Dental Gel10% 5.3g,1,4.79,0.8,0
  16/7/25 ,5.05E+12,Otrivine Adult Metered Spray,1,7.49,1.25,0
  16/7/25 ,5.00E+12,Panadol Extra Sol Tabs 24,1,5.49,0.92,0
  16/7/25 ,5.02E+12,PARACETAMOL CAPS 500mg 16,1,0.55,0.09,0
  16/7/25 ,5.02E+12,PARACETAMOL EFFERVESCENT TABLETS,2,8.2,1.36,0
  16/7/25 ,5.02E+12,PEPTAC LIQUID antacid liquid peppermint 80mg/5ml/250mg/5ml/133.5mg/5ml 500ml,1,5.92,0.79,1.18
  16/7/25 ,96178218,RAYOVAC HEARING AID BATTERY SIZE 675,3,14.97,2.5,0
  16/7/25 ,5.00E+12,ROBITUSSIN CHESTY COUGH 100ml,2,7.86,1.31,0
  16/7/25 ,5.02E+12,Safe+sound Antiseptic Wips X10,1,1.69,0.28,0
  16/7/25 ,5.04E+12,SKIN CLOSURE STRIPS,1,2.99,0.5,0
  16/7/25 ,5.01E+12,SOLPADEINE MAX 24,1,9.07,1.51,0
  16/7/25 ,5.01E+12,SOLPADEINE MAX SOL 24,5,42.5,7.1,0
  16/7/25 ,5.06E+12,SURESIGN health check/up test  6,1,6.49,1.08,0
  16/7/25 ,5.02E+12,Valupak Magnesium 187.5mg 30,1,1.14,0.19,0
  16/7/25 ,8.71E+12,Vaseline CoCoa Radiant,1,5.15,0.86,0
  16/7/25 ,42182627,VASELINE PETRO JELLY 50ML,1,1.39,0.23,0
  16/7/25 ,5.00E+12,VEET SILKY FRESH,1,3.99,0.67,0
  17/5/25 ,6.92E+12,1LFT,2,4.98,0.84,0
  17/5/25 ,5.02E+12,4 IN 1 FACIAL CLEANSING WIPES,2,2,0.34,0
  17/5/25 ,5.06E+12,ALMUS CLOTRIMAZOLE 1% 20G,2,7.98,1.34,0
  17/5/25 ,5.06E+12,ALMUS erectile dysfunction relief tablets f/c 50mg  4,2,29.98,5,0
  17/5/25 ,5.06E+12,ALMUS hayfever & allergy relief tablets 10mg  30,2,4.98,0.84,0
  17/5/25 ,5.06E+12,ALMUS hayfever eye drops 2% 10ml,2,8.98,1.5,0
  17/5/25 ,5.06E+12,ALMUS ibuprofen tablets 200mg  24,4,4,0.68,0
  17/5/25 ,5.06E+12,ALMUS senna tablets 7.5mg  60,2,8.98,1.5,0
  17/5/25 ,4.02E+12,ALWAYS CLASSIC,2,3.18,0.54,0
  17/5/25 ,5.06E+12,Amorolfine medicated nail lacquer (GSL) 5% 3ml,2,37.04,6.18,0
  17/5/25 ,5.01E+12,ANUSOL 23G CREAM,2,8.58,1.44,0
  17/5/25 ,5.01E+12,Anusol Plus Hc Suppositories 12,2,13.58,2.26,0
  17/5/25 ,5.01E+12,Aspirin Disp Tabs 300mg 32s,2,5,0.84,0
  17/5/25 ,5.01E+12,Beconase H/fever Ad100 Spray,4,31.96,5.32,0
  17/5/25 ,5.02E+12,BELLS OTC medicines analgesics paracetamol caplets 500mg  32,6,9,1.5,0
  17/5/25 ,3.09E+12,Bic Disp Raz Twin Lady 5 Twin Lady,2,3.9,0.66,0
  17/5/25 ,6.00E+12,Bio Oil 60ml,2,25.8,4.3,0
  17/5/25 ,5.01E+12,CANESTEN 2% CREAM 20g,2,21.18,3.54,0
  17/5/25 ,5.01E+12,Canesten Crm 1% 20g,2,14.38,2.4,0
  17/5/25 ,1.05E+18,CLINIPORE TAPE 5X5,2,3.78,0.64,0
  17/5/25 ,5.06E+12,CLOTRIMAZOLE CREAM,2,8.6,1.44,0
  17/5/25 ,50601714,CLOVE OIL,4,12.4,2.08,0
  17/5/25 ,5.02E+12,CO/Codamol 32s,2,7.98,1.34,0
  17/5/25 ,5.01E+12,CO/CODAMOL 8/500MG,8,31.92,5.36,0
  17/5/25 ,5.01E+12,Daktarin Cream,4,19.96,3.32,0
  17/5/25 ,50184262,Dextro Energy B/currant 47g,4,3,0,0
  17/5/25 ,5.00E+12,Dulcolax 5mg Gastro Tabs 20,2,6.28,1.04,0
  17/5/25 ,5.04E+12,DUREX lubricant play 2in1 massage sensual 200ml,2,20,3.34,0
  17/5/25 ,4.01E+12,ELASTOPLAST plasters water resistant  20,2,5.52,0.92,0
  17/5/25 ,4.01E+12,EUCERIN SHAMPOO 250ML,2,25,4.16,0
  17/5/25 ,4.01E+12,EUCERIN UREA CALMING SCALP,2,26,4.34,0
  17/5/25 ,5.01E+12,EURAX cooling itch relief gel 75g,2,11.98,2,0
  17/5/25 ,5.02E+12,Fluconazole 150mg Capsule,2,7.98,1.06,1.6
  17/5/25 ,5.02E+12,GALPHARM treathay tablets f/c 120mg  30,2,13.98,2.34,0
  17/5/25 ,5.01E+12,GAVISCON DOUBLE ACTION liquid mixed berries 325mg/500mg/213mg 150ml,2,11.98,2,0
  17/5/25 ,5.00E+12,Gaviscon Double Action Tablets,2,21.58,3.6,0
  17/5/25 ,5.00E+12,GAVISCON LIQ ORG ANISEED 150ml,2,8.98,1.5,0
  17/5/25 ,7.62E+12,Halls Soothers Honey&lemon 10 Honey And Lemon,2,1.7,0.28,0
  17/5/25 ,7.35E+12,HC45 HYDROCORTISONE CREAM,8,47.92,8,0
  17/5/25 ,4.03E+12,Hylo Tear Eye Drops,2,30.6,5.1,0
  17/5/25 ,5.06E+12,IBUPROFEN AMD CODEINE,2,16.98,2.84,0
  17/5/25 ,3.57E+12,IMODIUM DUAL ACTION 12 TABS,2,28.4,4.74,0
  17/5/25 ,5.06E+12,INFECTED EYE OINTMENT,2,11.98,2,0
  17/5/25 ,6.00E+12,KEDLEY HAND SUPPORT,2,9.98,1.66,0
  17/5/25 ,5.01E+12,KNECT,2,11.98,2,0
  17/5/25 ,5.03E+12,KWELLS KIDS,2,7.98,1.34,0
  17/5/25 ,5.01E+12,Lanacane Med Crm 30g,2,8.38,1.4,0
  17/5/25 ,5.02E+12,Laxido Orange (keep),2,11.84,1.98,0
  17/5/25 ,5.02E+12,LOPERAMIDE 2MG,4,15.36,2.3,1.54
  17/5/25 ,5.01E+12,MAC sore throat lozenges dual action blackcurrant flavour  12,2,4.78,0.8,0
  17/5/25 ,5.03E+12,MALIBU SPF 30 LIP BALM 3PK WATERMELON/MINT/VANILLA,2,5.98,1,0
  17/5/25 ,5.00E+12,MELOLIN ADHESIVE low/adhesive absorbent dressing pads consumer/OTC pack  8.3cm x 6cm 5,4,14.16,2.36,0
  17/5/25 ,5.00E+12,Melolin Dressing Pads 10x10cm,4,18.72,3.12,0
  17/5/25 ,5.01E+12,Nytol Orginal 25mg 20s,2,11.98,2,0
  17/5/25 ,5.01E+12,Ovex Family Pack 4 Tabs,2,26.58,4.44,0
  17/5/25 ,3.57E+12,Ovex Tablet Single Tablet,6,31.74,5.28,0
  17/5/25 ,5.06E+12,PARACETAMOL CAPSULES 32S,2,4,0.66,0
  17/5/25 ,5.00E+12,Paracetamol Soluble 500mg Tabs,2,8.98,1.5,0
  17/5/25 ,5.03E+12,PYROCALM CONTROL 20MG 14TAB,2,22.98,3.84,0
  17/5/25 ,7.61E+12,RICOLA lozenges sugar free raspberry mint 45g,2,2.9,0.48,0
  17/5/25 ,5.01E+12,SCHOLL BLISTER PLASTER ,4,15.96,2.68,0
  17/5/25 ,5.01E+12,Senokot Tabs 7.5mg 20pk,2,7.1,1.18,0
  17/5/25 ,5.05E+12,SENSODYNE ORIGINAL 75ML,2,11,1.84,0
  17/5/25 ,5.01E+12,Sinutab Tablets 15s,2,12.98,2.16,0
  17/5/25 ,5.01E+12,SOLPADEINE MAX 24,12,108.84,18.12,0
  17/5/25 ,5.01E+12,SOLPADEINE MAX SOL 24,10,85,14.2,0
  17/5/25 ,5.01E+12,SOLPADINE PLUS 24,2,14.54,2.42,0
  17/5/25 ,5.01E+12,Sterimar Isotonic Nasal Spry 100ml,2,13.58,2.26,0
  17/5/25 ,5.02E+12,SUDOCREM 60G,2,6.7,1.12,0
  17/5/25 ,5.06E+12,TEA TREE CLENSING WIPES 25,2,2,0.34,0
  17/5/25 ,7.32E+12,Tena Lady Discreet Norm 12,2,5.5,0,0
  17/5/25 ,5.02E+12,Valupak Vit D3 1000iu 60s,6,6.84,0.9,1.38
  17/5/25 ,42182658,Vaseline Petro Jelly 250ml,2,5.6,0.94,0
  17/5/25 ,5.05E+12,Voltarol 12hr EmugeL/P 50g,2,23.98,4,0
  17/5/25 ,5.05E+12,VOLTAROL EMULGEL gel 2.32% 30g ,2,15.38,2.56,0
  17/5/25 ,5.39E+12,WET ONES biodegradable wipes be fresh  12,2,2,0.34,0
  17/5/25 ,5.03E+12,WISDOM toothbrushes regular medium  3,2,2.98,0.5,0
  17/5/25 ,5.01E+12,Witch Hazel 200ml,2,7.98,1.34,0
  17/5/25 ,1.04E+18,ZETUVIT 20CMX20CM,2,2,0.34,0
  17/5/25 ,5.00E+12,Zovirax Cold Sore Crm Pmp 2g,2,17.98,3,0
  17/6/25 ,5.06E+12,ALMUS sleep aid tablets 50mg  20,4,21.96,3.68,0
  17/6/25 ,5.04E+12,AVOMINE 25MG TAB,4,30.32,5.04,0
  17/6/25 ,5.02E+12,BELLS OTC medicines analgesics paracetamol caplets 500mg  32,4,6,1,0
  17/6/25 ,5.00E+12,Bonjela Cool Mint 15g,8,47.2,7.84,0
  17/6/25 ,5.01E+12,CALPOL 2M+ 100ML,4,18.36,3.08,0
  17/6/25 ,5.02E+12,Calypso Kids Sun Lotion Spf 50,4,27.96,4.68,0
  17/6/25 ,5.01E+12,CANESTEN ORAL capsule 150mg  1,4,53.56,8.92,0
  17/6/25 ,5.06E+12,CANESTEN THRUSH2%,4,42.36,7.08,0
  17/6/25 ,5.01E+12,Carnation Fng/toe Bnd 4m,4,14.6,2.44,0
  17/6/25 ,5.06E+12,CETIRIZINE 10MG 30TAB,4,15.96,2.68,0
  17/6/25 ,5.03E+12,CHLORAMPHENICOL 1% ANTIBIOTIC EYE OINTMENT,4,41.4,6.92,0
  17/6/25 ,1.05E+18,CLINIPORE SURGICAL TAPE,4,5.16,0.68,1.04
  17/6/25 ,5.06E+12,CO CODAMOL 8MG/500MG,8,31.92,5.36,0
  17/6/25 ,5.06E+12,CO/Codamol Eff 8/500mg 32s,4,23.96,4,0
  17/6/25 ,3.66E+12,COMPEED,8,50.4,8.4,0
  17/6/25 ,5.03E+12,Daktacort Hc Cream 15g,4,30.76,5.12,0
  17/6/25 ,5.01E+12,GAVISCON DOUBLE ACTION chewable tablets mixed berries 187.5mg/250mg/106.5mg  48,4,47.96,8,0
  17/6/25 ,50696925,Halls Original,8,6.8,1.12,0
  17/6/25 ,7.35E+12,HC45 HYDROCORTISONE CREAM,4,23.96,4,0
  17/6/25 ,5.06E+12,IBUPROFEN 400MG,4,11.16,1.88,0
  17/6/25 ,5.06E+12,IBUPROFEN AMD CODEINE,8,67.92,11.36,0
  17/6/25 ,5.03E+12,Jakemans Throat/chest Stick,8,7.92,1.36,0
  17/6/25 ,5.01E+12,JUNGLE FORMULA dry protect spray 90ml ,4,35.96,6,0
  17/6/25 ,5.00E+12,KALMS DAY,4,27.48,4.6,0
  17/6/25 ,6.00E+12,KEDLEY KNEE SUPPORT ,4,35.96,6,0
  17/6/25 ,4.99E+12,Koolnsoothe Child 4,4,10.8,1.8,0
  17/6/25 ,5.03E+12,Lotil Cream 50ml,4,14.4,2.4,0
  17/6/25 ,6.15E+11,Lotil Org Cream 114ml,4,19.84,3.32,0
  17/6/25 ,5.06E+12,MELBOURNE SPRING WATER,4,4,0.68,0
  17/6/25 ,5.00E+12,MELOLIN 5CMX5CM,4,8.4,1.4,0
  17/6/25 ,5.02E+12,MINI HANDBAG BARREL BRUSH,4,7.96,1.32,0
  17/6/25 ,991,MISC,4,5.16,0.88,0
  17/6/25 ,3.57E+12,NICORETTE lozenges mint 4mg  80,4,72,3.44,0
  17/6/25 ,5.05E+12,Night Nurse Capsules 10,4,28.64,4.76,0
  17/6/25 ,5.01E+12,Night Time Sleep Aid 25mg 20 Tabs,4,15.56,2.6,0
  17/6/25 ,5.01E+12,NUROFEN PLUS IBUPROFEN.CODEINE 24TAB,4,39.2,6.52,0
  17/6/25 ,5.05E+12,Optrex Allergy Eye Drps 10ml Eye Drops  2%w/v,8,47.92,8,0
  17/6/25 ,5.01E+12,OPTREX eye drops double action rehydrating dry eyes 10ml,4,42,7,0
  17/6/25 ,50007592,Optrex Refreshing Eye Drops 10ml,4,19.96,3.32,0
  17/6/25 ,5.06E+12,PARACETAMOL CAPSULES 32S,4,8,1.32,0
  17/6/25 ,5.04E+12,Paramol Ets 24 Tabs,8,67.92,11.36,0
  17/6/25 ,4.08E+12,PeptO/Bismol 120ml,4,13.8,2.32,0
  17/6/25 ,5.05E+12,Piriton Allergy Tabs 4mg 60 Allergy Tablets  4mg,8,67.92,11.36,0
  17/6/25 ,5.00E+12,Piriton Syrup 2mg/5ml 150ml,4,23.96,3.2,4.8
  17/6/25 ,8.72E+12,RADOX shower gel feel refreshed eucalyptus & citrus 225ml,4,7.56,1,1.52
  17/6/25 ,5.03E+12,SKINCALM 1% BITE AND STING CREAM HYDROCORTISONE,12,46.68,7.8,0
  17/6/25 ,5.01E+12,Sodium Bicarbonate 5% Ear Drops,4,15.16,2.52,0
  17/6/25 ,5.01E+12,SOLPADEINE MAX 24,4,36.28,6.04,0
  17/6/25 ,5.00E+12,Strepsils Orange & Vit C 36 Orange & Vitamin C,4,23.56,3.92,0
  17/6/25 ,5.00E+12,Strepsils S/berry Sf 36s,4,23.56,3.92,0
  17/6/25 ,5.02E+12,Valupak Garlic 30s Tabs,8,9.12,1.52,0
  17/6/25 ,5.01E+12,Vicks First Def Nasal Spry 15ml,4,30.6,5.12,0
  17/6/25 ,5.02E+12,WELLKID gummies marvel multivitamin  50,4,50.2,8.36,0
  17/6/25 ,5.02E+12,WINDEZE 20S GEL,0,0,0,0
  17/6/25 ,5.03E+12,WISDOM interdental products clean between minty floss harps  30,4,6.36,0.84,1.28
  17/6/25 ,5.03E+12,WISDOM toothpaste active whitening charcoal 100ml,4,11.96,1.6,2.4
  18/6/25 ,5.02E+12,4 IN 1 FACIAL CLEANSING WIPES,12,12,2.04,0
  18/6/25 ,5.01E+12,Acetone Solvent 50ml,4,11.56,1.92,0
  18/6/25 ,5.10E+12,ADULT WATERWIPES,16,56,9.28,0
  18/6/25 ,5.01E+12,BEAUTY FORMULAS feminine intimate wipes   20,4,4,0.68,0
  18/6/25 ,5.01E+12,Beconase H/fever Ad100 Spray,4,31.96,5.32,0
  18/6/25 ,5.02E+12,BELLS OTC medicines analgesics paracetamol caplets 500mg  32,12,18,3,0
  18/6/25 ,5.02E+12,CALYPSO sun protection continuous spray spf30 175ml,4,29.96,5,0
  18/6/25 ,5.02E+12,CALYPSO travel pack sun lotion SPF15 & 20 after sun 100ml 3,4,30.76,5.12,0
  18/6/25 ,4.02E+12,Celluvisc Dry Eye .5% 30x0.4ml Dry Eye Preparation  0.5%,4,34.56,5.76,0
  18/6/25 ,5.05E+12,CENTRUM MEN 30 TABLETS,4,32.24,5.36,0
  18/6/25 ,5.03E+12,Cetraben Cream 500g,4,45.92,7.64,0
  18/6/25 ,5.03E+12,Cetraben Emoll Crm 50g,4,10.8,1.8,0
  18/6/25 ,96186886,Chapstick Cherry,4,5.96,1,0
  18/6/25 ,5.01E+12,Charcoal Tablets 50s,4,23.96,4,0
  18/6/25 ,5.01E+12,CLARINAZE NASAL SPRAY,4,49.24,8.2,0
  18/6/25 ,5.06E+12,CO CODAMOL 8MG/500MG,4,15.96,2.68,0
  18/6/25 ,5.06E+12,CO/Codamol Eff 8/500mg 32s,8,47.92,8,0
  18/6/25 ,5.01E+12,Covonia Cough Original,4,7.2,1.2,0
  18/6/25 ,5.01E+12,Cystopurin Granules 6 X 7g Cranberry  3g,4,33.56,5.6,0
  18/6/25 ,5.01E+12,Daktarin Crm Dual Act 2% 15g Cream  2%,4,20.36,3.4,0
  18/6/25 ,3.57E+12,Daktarin Intensive Cream 15g,4,30.76,5.12,0
  18/6/25 ,5.01E+12,Deep Heat Heat Rub 100g Heat Rub,4,21.8,3.64,0
  18/6/25 ,5.01E+12,Deep Heat Patch x4,4,33,5.52,0
  18/6/25 ,5.01E+12,Dettol Hand Hygiene Gel,4,7.2,1.2,0
  18/6/25 ,5.02E+12,DIABETONE tablets  30,4,40.64,6.76,0
  18/6/25 ,5.06E+12,DISPERSIBLE ASPIRIN 75mg 100 TABS,4,10.2,1.72,0
  18/6/25 ,5.00E+12,DULCOLAX TWELVE PLUS 5MG 40TAB,4,23.28,3.88,0
  18/6/25 ,7.35E+12,E45 body lotion daily 400ml,4,25.96,4.32,0
  18/6/25 ,60018793,Elastoplast Roll Plaster,12,44.88,7.48,0
  18/6/25 ,96190968,EURAX HC CREAM,8,39.92,6.64,0
  18/6/25 ,5.02E+12,FACIAL WIPES ,4,4,0.68,0
  18/6/25 ,5.02E+12,FACIAL WIPES ULTRA SENSITIVE,4,4,0.68,0
  18/6/25 ,5.01E+12,FEMFRESH body fresheners range soothing wash 250ml,8,26.32,4.4,0
  18/6/25 ,5.01E+12,Femfresh Wipes 25s,4,11.96,2,0
  18/6/25 ,6.92E+12,FLOWFLEX lateral flow test kits  5,4,36,6,0
  18/6/25 ,5.00E+12,Fybogel Hi Fibre Lemon 10 Sac,4,15.96,2.68,0
  18/6/25 ,5.02E+12,GALPHARM treathay tablets f/c 120mg  10,4,15.96,2.68,0
  18/6/25 ,5.02E+12,GALPHARM treathay tablets f/c 120mg  30,4,27.96,4.68,0
  18/6/25 ,5.01E+12,Glycerin Adult Suppos 12s,4,19.92,3.32,0
  18/6/25 ,50658053,Halls Cherry,4,3.4,0.56,0
  18/6/25 ,5.06E+12,IBUPROFEN AMD CODEINE,4,33.96,5.68,0
  18/6/25 ,6.00E+12,KEDLEY KNEE SUPPORT S,4,25.96,3.44,5.2
  18/6/25 ,4.99E+12,Koolnsoothe Child 4,4,10.8,1.8,0
  18/6/25 ,5.06E+12,Lactulose 500ml,4,35.96,6,0
  18/6/25 ,5.01E+12,Lanacane Med Crm 30g,4,16.76,2.8,0
  18/6/25 ,5.00E+12,Lemsip Max C/fl Dy/nght 16 Capsules,4,21.96,3.68,0
  18/6/25 ,5.02E+12,LOPERAMIDE 2MG,12,46.08,7.68,0
  18/6/25 ,5.06E+12,LORATADINE 10MG,4,14.92,2.48,0
  18/6/25 ,5.06E+12,MELBOURNE SPRING WATER,4,4,0.68,0
  18/6/25 ,5.00E+12,MELOLIN ADHESIVE low/adhesive absorbent dressing pads consumer/OTC pack  8.3cm x 6cm 5,4,14.16,2.36,0
  18/6/25 ,5.00E+12,Melolin Dressing Pads 10x10cm,12,56.16,9.36,0
  18/6/25 ,3.57E+12,NICORETTE chewing gum freshmint 2mg  30,4,30.08,1.44,0
  18/6/25 ,5.00E+12,Night Nurse 160ml,4,35.96,6,0
  18/6/25 ,5.01E+12,NUMARK OTC medicines allergy eye drops 10ml,4,19.96,3.32,0
  18/6/25 ,5.01E+12,NUROFEN PLUS IBUPROFEN.CODEINE 24TAB,16,156.8,26.08,0
  18/6/25 ,5.01E+12,NYTOL ONE A NGT 20 TABLETS,4,32.76,5.48,0
  18/6/25 ,5.01E+12,Olive Oil,4,15.96,2.68,0
  18/6/25 ,5.05E+12,OPTREX eye drops hayfever relief 2% 10ml,4,25.96,4.32,0
  18/6/25 ,50483464,Optrex Infected Eye Drops,4,31.96,5.32,0
  18/6/25 ,5.06E+12,PARACETAMOL,4,6,1,0
  18/6/25 ,5.02E+12,PARACETAMOL CAPS 500mg 16,4,2.2,0.36,0
  18/6/25 ,4.08E+12,PeptO/Bismol 120ml,8,27.6,4.64,0
  18/6/25 ,5.06E+12,PROBE COVERS,4,6.36,1.08,0
  18/6/25 ,5.01E+12,Rennie Tabs 24 Peppermint,4,12.36,2.08,0
  18/6/25 ,5.00E+12,ROBITUSSIN CHESTY CGH 250ml,4,33.96,5.68,0
  18/6/25 ,5.01E+12,SAVLON 15G,4,7.16,1.2,0
  18/6/25 ,5.00E+12,Scholl Corn Removal Plasters,4,13.96,2.32,0
  18/6/25 ,5.00E+12,Scholl Verruca Rem System,4,17.96,3,0
  18/6/25 ,8.70E+12,SILVIKRIN hairspray power extreme hold 75ml,4,7.96,1.32,0
  18/6/25 ,5.01E+12,SOLPADEINE MAX SOL 24,4,34,5.68,0
  18/6/25 ,5.01E+12,STUGERON 15 TABS,4,21.16,3.52,0
  18/6/25 ,3.57E+12,SUDAFED DECONG TABS 12s,4,19.16,3.2,0
  18/6/25 ,5.39E+12,SYNDOL tablets 30mg/10mg/5mg/450mg  10,4,18.36,3.08,0
  18/6/25 ,5.06E+12,TEA TREE CLENSING WIPES 25,12,12,2,0
  18/6/25 ,7.32E+12,TEPE interdental brushes yellow 0.7mm 6,4,17.2,2.88,0
  18/6/25 ,5.01E+12,Tiger Balm White 19g,4,23.96,4,0
  18/6/25 ,6.01E+12,TUBULAR SUPPORT BANDAGE B,4,19.96,3.32,0
  18/6/25 ,5.02E+12,Valupak Multivit/iron Tabs 50 Tablets,4,5.92,1,0
  18/6/25 ,5.02E+12,Valupak Omega 3 Fish Oiul Caps 90S,4,22.04,3.68,0
  18/6/25 ,4.03E+12,Viscotears Liquid Gel,8,37.76,6.28,0
  18/6/25 ,33984031807,VITAMIN B12 100UG,4,15,2.52,0
  18/6/25 ,5.05E+12,voltarol 12hr gel,4,77.96,13,0
  19/5/25 ,6.92E+12,1LFT,2,4.98,0.84,0
  19/5/25 ,5.06E+12,A&D blood pressure monitors wrist with AFib screening,2,69.9,11.66,0
  19/5/25 ,5.06E+12,AACULOSE eye drops 0.5% 10ml,2,3.56,0.6,0
  19/5/25 ,5.01E+12,Actifed MultI/Action Tabs 12s,2,11.58,1.94,0
  19/5/25 ,5.06E+12,ALMUS CLOTRIMAZOLE 1% 20G,2,7.98,1.34,0
  19/5/25 ,5.06E+12,ALMUS sleep aid tablets 50mg  20,8,43.92,7.36,0
  19/5/25 ,5.04E+12,ASHTON & PARSONS TEETHING GEL,2,11.5,1.92,0
  19/5/25 ,3.57E+12,AVEENO calm + restore nourishing oat cleanser 200ml,2,16.98,2.84,0
  19/5/25 ,3.57E+12,Aveeno Skin Relief Hand Cream 75ml,2,14.14,2.36,0
  19/5/25 ,5.02E+12,BELLS OTC medicines analgesics paracetamol caplets 500mg  32,12,18,3,0
  19/5/25 ,3.57E+12,Benadryl Relief Plus 12s,2,13.98,2.34,0
  19/5/25 ,5.01E+12,BEROCCA vitamin B effervescent tablets blackcurrant  15,2,18.58,3.1,0
  19/5/25 ,3.66E+12,BLEPHACLEAN EYELID WIPES 20,6,58.74,0,0
  19/5/25 ,5.02E+12,BluE/Detectable Plasters,2,6.3,1.06,0
  19/5/25 ,5.01E+12,Calpol Inf S/f 120mg/5ml 100ml,2,9.18,1.54,0
  19/5/25 ,5.01E+12,Care Decongestant Tabs,2,5.98,1,0
  19/5/25 ,5.01E+12,Care+ Aqueous Calamin Cream 100g,2,6.98,1.16,0
  19/5/25 ,5.01E+12,CLARITYN kids allergy syrup berry 5mg/5ml 60ml,2,11.58,1.94,0
  19/5/25 ,5.01E+12,CO/CODAMOL 8/500MG,2,7.98,1.34,0
  19/5/25 ,5.01E+12,Cohesive Bandage 7.5cmx4.5m,2,4.68,0.78,0
  19/5/25 ,4.01E+12,Complan Shake Flavoured Shakes Strawberry 57g 4,2,7.28,0,0
  19/5/25 ,5.03E+12,COTTON WOOL BALLS,2,2,0.34,0
  19/5/25 ,5.06E+12,COTTONBUDS,2,2.58,0.44,0
  19/5/25 ,5.01E+12,COVONIA DRY TICKLY SF,2,13.98,2.34,0
  19/5/25 ,5.01E+12,DEEP FREEZE muscle rescue cold spray 72.5ml,4,23.96,4,0
  19/5/25 ,27122301,DISPENSARY SALE,2,11.26,1.88,0
  19/5/25 ,5.06E+12,DISPERSIBLE ASPIRIN 75mg 100 TABS,2,5.1,0.86,0
  19/5/25 ,7.35E+12,E45 ITCH RELIEF CREAM,2,13.98,2.34,0
  19/5/25 ,7.35E+12,EAR PLUGS 5P ORIGINAL,2,5.98,1,0
  19/5/25 ,21022404,EAR WAX REMOVAL,2,100,16.66,0
  19/5/25 ,4.01E+12,EUCERIN dermo purifyer scrub 100ml,2,23,3.84,0
  19/5/25 ,4.01E+12,EUCERIN dry skin with lactate & carnatine replenishing cream 5% 75ml,2,21,3.5,0
  19/5/25 ,4.01E+12,EUCERIN urea repair treatment cream 10% 100ml,2,27,4.5,0
  19/5/25 ,50084470,Fishermans Friend B/curt 25g,2,1.58,0.26,0
  19/5/25 ,5.02E+12,GALPHARM treathay tablets f/c 120mg  30,6,41.94,7.02,0
  19/5/25 ,4.72E+12,GLUCORX go blood glucose meter with strips  50,2,39.9,6.66,0
  19/5/25 ,4.03E+12,Hycosan Plus Eye Drops 7.5ml Eye Drops,2,22.36,3.72,0
  19/5/25 ,5.06E+12,IBUPROFEN AMD CODEINE,8,67.92,11.36,0
  19/5/25 ,5.03E+12,JAKEMANS menthol lozenges menthol & eucalyptus 73g,2,1.98,0.34,0
  19/5/25 ,5.03E+12,JAKEMANS menthol lozenges peppermint 73g,2,1.98,0.34,0
  19/5/25 ,5.03E+12,JAKEMANS menthol sweets throat & chest 41g,2,1.98,0.34,0
  19/5/25 ,5.03E+12,Jakemans Throat/chest Stick,2,1.98,0.34,0
  19/5/25 ,3.57E+12,Johnsons Baby Shampoo 300ml,2,4,0.66,0
  19/5/25 ,6.00E+12,KEDLEY ANKLE SUPPORT ,2,15.98,2.66,0
  19/5/25 ,50375301,Kleenex Tissues,4,2.4,0.4,0
  19/5/25 ,5.06E+12,Lactulose 500ml,2,17.98,3,0
  19/5/25 ,5.06E+12,MAGNESIUM MENOPAUSE,2,27.9,4.66,0
  19/5/25 ,5.03E+12,MALIBU SPF 30 LIP BALM 3PK WATERMELON/MINT/VANILLA,2,5.98,1,0
  19/5/25 ,991,MISC,4,21,3.5,0
  19/5/25 ,3.10E+11,Mitchum Roll on,2,3.98,0.54,0.8
  19/5/25 ,5.00E+12,Night Nurse 160ml,4,35.96,6,0
  19/5/25 ,4.01E+12,Nivea For Men | Aerosol Deodorant Cool K Cool Kick,2,6.58,1.1,0
  19/5/25 ,4.06E+12,NUMARK IBUPROFEN 400MG 48S,2,15.38,2.56,0
  19/5/25 ,5.00E+12,Nurofen 200mg Caplets,2,4.86,0.82,0
  19/5/25 ,5.00E+12,OLBAS oil 30ml,2,15.98,2.66,0
  19/5/25 ,5.01E+12,OPTREX eye wash multi action 100ml,2,10.78,1.8,0
  19/5/25 ,8.00E+12,PAMPERS baby wipes fresh clean  52,2,2.4,0.4,0
  19/5/25 ,8.00E+12,Pampers Sensitive Baby Wipes 52s,2,2.4,0.4,0
  19/5/25 ,5.00E+12,Panadol Actifast Sol 24,2,9.9,1.66,0
  19/5/25 ,5.00E+12,Panadol Nght Tabs 20 Tablets,2,12,2,0
  19/5/25 ,5.02E+12,Peptac Liquid,2,11.84,1.98,0
  19/5/25 ,5.00E+12,Piriton Syrup 2mg/5ml 150ml,2,11.98,2,0
  19/5/25 ,5.02E+12,SAFE & SOUND medicine organisers 7 day pill box reminder,2,2.78,0.46,0
  19/5/25 ,5.01E+12,SOLPADEINE MAX 24,8,72.56,12.08,0
  19/5/25 ,5.01E+12,SOLPADINE PLUSE 24CAP,4,27.56,4.6,0
  19/5/25 ,3.57E+12,sudafed sinus max strength cap,2,9.98,1.66,0
  19/5/25 ,5.06E+12,SURESIGN meningitis emergency pack,2,6.24,1.04,0
  19/5/25 ,7.32E+12,TEPE interdental brushes blue 0.6mm 6,2,8.6,1.44,0
  19/5/25 ,5.02E+12,Valupak Vit D3 1000iu 60s,2,2.28,0.38,0
  19/5/25 ,5.01E+12,Vapour Rub 50g,2,3.98,0.66,0
  19/5/25 ,5.01E+12,Virasoothe Cpox Gel 50g,2,13.98,2.34,0
  19/5/25 ,6.00E+12,Wrist Support With Metal Support,2,25.98,4.34,0
  19/6/25 ,9.34E+12,AEROBURN burn gel sachet 3.5g 1,8,6,1.04,0
  19/6/25 ,5.00E+12,Allevia Fexofenadine,4,41.96,7,0
  19/6/25 ,5.00E+12,ALLEVIA HIVES tablets 180mg  15,4,35.96,6,0
  19/6/25 ,5.06E+12,ALMUS cold sore cream 5% 2g,4,11.96,2,0
  19/6/25 ,5.06E+12,ALMUS erectile dysfunction relief tablets f/c 50mg  4,8,119.92,20,0
  19/6/25 ,5.06E+12,ALVITA incontinence range pads waterproof bed 60cm x 90cm 30,4,67.96,0,0
  19/6/25 ,5.01E+12,Beconase H/fever Ad100 Spray,8,63.92,10.64,0
  19/6/25 ,5.01E+12,Beconase Hayfever Nasal Spray 0.05% 180 Doses,4,43.96,7.32,0
  19/6/25 ,5.02E+12,BELLS OTC medicines analgesics paracetamol caplets 500mg  32,4,6,1,0
  19/6/25 ,5.02E+12,Calypso After Sun Aloe Gel,8,31.92,5.36,0
  19/6/25 ,5.02E+12,CALYPSO sun protection continuous spray spf30 175ml,4,29.96,5,0
  19/6/25 ,5.01E+12,CANESTEN canescool soothing cream gel 15g,4,25.56,4.28,0
  19/6/25 ,5.01E+12,Canesten Crm 1% 20g,4,28.76,4.8,0
  19/6/25 ,5.06E+12,COTTONBUDS,4,5.16,0.88,0
  19/6/25 ,5.01E+12,Covonia Throat Spray 30ml,4,36,6,0
  19/6/25 ,5.01E+12,DEEP FREEZE muscle rescue cold spray 72.5ml,8,47.92,8,0
  19/6/25 ,5.02E+12,Doublebase Emol Wash Gel 200g Wash Gel,4,37.52,6.24,0
  19/6/25 ,7.35E+12,E45 lotion spray daily 200ml,4,25.96,4.32,0
  19/6/25 ,5.06E+12,EAROL OLIVE OIL SPRAY 10ml,4,25.4,4.24,0
  19/6/25 ,60018793,Elastoplast Roll Plaster,4,14.96,2.48,0
  19/6/25 ,5.06E+12,EMLA 5% CREAM,4,16.2,2.72,0
  19/6/25 ,4.01E+12,Eplast Fab/wsh/proof18s,4,10.52,1.76,0
  19/6/25 ,5.01E+12,Eurax Crm 100g Tube Cream  10%,4,35.96,6,0
  19/6/25 ,5.02E+12,Fluconazole 150mg Capsule,4,15.96,2.12,3.2
  19/6/25 ,5.02E+12,FOSTER & GRANT 3.00,4,60,10,0
  19/6/25 ,5.02E+12,FREESTYLE LIBRE 2,4,200,33.32,0
  19/6/25 ,5.00E+12,Gaviscon Advance P/Mint Tabs,4,37.16,6.2,0
  19/6/25 ,5.00E+12,Gaviscon Dble Action Tablets Mint 24,4,21.96,3.68,0
  19/6/25 ,5.01E+12,GERMOLENE ANTISEPT CREAM 30g,8,25.6,4.24,0
  19/6/25 ,5.01E+12,Germoloids Crm 25g,4,18.76,3.12,0
  19/6/25 ,50658053,Halls Cherry,4,3.4,0.56,0
  19/6/25 ,5.06E+12,IBUPROFEN 400MG,4,11.16,1.88,0
  19/6/25 ,5.06E+12,Ibuprofen 400mg 84s,4,23.96,4,0
  19/6/25 ,5.02E+12,Iglu Pastilles S/free Past 24s,4,24.48,4.08,0
  19/6/25 ,5.03E+12,Jakemans Throat/chest Stick,4,3.96,0.68,0
  19/6/25 ,3.57E+12,Johnsons Face Care Face Care Makeup Be Extra Sensitive Wipes,4,13.2,2.2,0
  19/6/25 ,6.00E+12,KEDLEY FABRIC ARM POUCH,4,27.96,4.68,0
  19/6/25 ,6.00E+12,KEDLEY SOFT NECK COLLAR,4,31.96,5.32,0
  19/6/25 ,5.03E+12,KWELLS KIDS,4,15.96,2.68,0
  19/6/25 ,5.02E+12,Lactulose 500ml,4,35.96,6,0
  19/6/25 ,5.01E+12,Lanacane Med Crm 30g,4,16.76,2.8,0
  19/6/25 ,5.02E+12,Laxido Orange (keep),8,47.36,7.92,0
  19/6/25 ,5.02E+12,LUNOX sleep aid tablets 50mg  20,4,21.96,3.68,0
  19/6/25 ,5.01E+12,Magnesium & Vitamin B6 Tablets,4,8,1.32,0
  19/6/25 ,5.00E+12,MELOLIN ADHESIVE dressing consumer/OTC pack  10cm x 8cm 5,8,40.72,6.8,0
  19/6/25 ,5.06E+12,MIGRAINE RELIEF BUCCAL,4,27.96,4.68,0
  19/6/25 ,991,MISC,8,9.96,1.64,0
  19/6/25 ,5.06E+12,MURINE eye drops dry & tired eye drops 0.15% 15ml,4,16.28,2.72,0
  19/6/25 ,8.72E+12,Nailner Fungal Nail Infection Brush 5ml Brush,4,79.96,13.32,0
  19/6/25 ,5.05E+12,Night Nurse Capsules 10,4,28.64,4.76,0
  19/6/25 ,4.01E+12,Nivea Visage Sens Micellar Water 200ml,4,18.36,3.08,0
  19/6/25 ,5.01E+12,NUMARK co/codamol caplets 8/500mg 32,4,15.96,2.68,0
  19/6/25 ,5.01E+12,NUROFEN PLUS IBUPROFEN.CODEINE 24TAB,8,78.4,13.04,0
  19/6/25 ,50483464,Optrex Infected Eye Drops,8,63.92,10.64,0
  19/6/25 ,8.00E+12,PAMPERS baby wipes fresh clean  52,4,4.8,0.8,0
  19/6/25 ,5.00E+12,Panadol Nght Tabs 20 Tablets,4,24,4,0
  19/6/25 ,5.06E+12,PARACETAMOL,8,12,2,0
  19/6/25 ,5.02E+12,PARACETAMOL CAPS 500mg 16,4,2.2,0.36,0
  19/6/25 ,5.04E+12,Paramol Tabs E/t/s 12 Easy To Swallow,4,19.4,3.24,0
  19/6/25 ,5.06E+12,PHORPAIN GEL 10% 50G,4,25.96,4.32,0
  19/6/25 ,5.05E+12,Piriton Allergy Tabs 30 Tabs,4,19.96,3.32,0
  19/6/25 ,5.05E+12,Piriton Allergy Tabs 4mg 60 Allergy Tablets  4mg,4,33.96,5.68,0
  19/6/25 ,5.00E+12,Piriton Syrup 2mg/5ml 150ml,4,23.96,4,0
  19/6/25 ,5.01E+12,Potassium Citrate Mix(care),8,26.32,4.4,0
  19/6/25 ,5.03E+12,PYROCALM CONTROL 20MG 14TAB,4,45.96,7.68,0
  19/6/25 ,5.05E+12,REVLON mitchum advanced aerosol powder fresh 200ml,4,11.96,2,0
  19/6/25 ,5.02E+12,SAFE & SOUND eye pad Adhesive,4,7.56,1.28,0
  19/6/25 ,5.00E+12,Scholl Corn Removal Plasters,4,13.96,2.32,0
  19/6/25 ,5.06E+12,SILEX covid self test  1,4,9.96,1.68,0
  19/6/25 ,4.06E+12,Silvikrin Hairspray Maximum Hold 250ml,8,21.52,3.6,0
  19/6/25 ,5.01E+12,SIMPLE face kind to skin cleansing wipes  7,12,12,2.04,0
  19/6/25 ,8.71E+12,SIMPLE SOOTHING EYE BALM,4,15.56,2.6,0
  19/6/25 ,5.04E+12,SKIN CLOSURE STRIPS,4,11.96,2,0
  19/6/25 ,5.01E+12,SOLPADEINE MAX 24,8,72.56,12.08,0
  19/6/25 ,5.01E+12,SOLPADEINE MAX SOL 24,4,34,5.68,0
  19/6/25 ,5.01E+12,SOLPADINE PLUS 24,8,58.16,9.68,0
  19/6/25 ,5.01E+12,STUGERON 15 TABS,4,21.16,3.52,0
  19/6/25 ,3.57E+12,SUDAFED DECONG TABS 12s,4,19.16,3.2,0
  19/6/25 ,7.32E+12,TENA unisex pants maxi medium 10,4,67.8,0,0
  19/6/25 ,7.35E+12,TEPE interdental brushes mixed  6,8,34.4,5.76,0
  19/6/25 ,7.33E+12,Tubigrip 1m Size C,4,19.96,3.32,0
  19/6/25 ,6.01E+12,TUBULAR SUPPORT BANDAGE A,4,19.96,3.32,0
  19/6/25 ,6.01E+12,TUBULAR SUPPORT BANDAGE C,4,19.96,3.32,0
  19/6/25 ,5.06E+12,TURMERIC 1000MG & VIT D,4,13.96,2.32,0
  19/6/25 ,5.06E+12,VITAMIN B12 10UG,4,7.96,1.32,0
  2/5/25 ,6.92E+12,1LFT,1,2.49,0.42,0
  2/5/25 ,5.06E+12,3 IN 1 MAKE UP REMOVAL WIPES,1,1,0.17,0
  2/5/25 ,5.02E+12,4 IN 1 FACIAL CLEANSING WIPES,2,2,0.34,0
  2/5/25 ,5.01E+12,ACTIVE 3.6 YEARS TOOTHBRUSH,1,1,0.17,0
  2/5/25 ,5.00E+12,Allevia Fexofenadine,2,20.98,3.5,0
  2/5/25 ,5.06E+12,ALMUS CALAMINE LOTION ,1,3.29,0.55,0
  2/5/25 ,5.06E+12,ALMUS erectile dysfunction relief tablets f/c 50mg  8,1,26.99,4.5,0
  2/5/25 ,5.06E+12,ALMUS hayfever & allergy relief tablets 10mg  30,1,2.49,0.42,0
  2/5/25 ,5.06E+12,ALMUS hayfever eye drops 2% 10ml,2,8.98,1.5,0
  2/5/25 ,5.06E+12,ALMUS sleep aid tablets 50mg  20,1,5.49,0.92,0
  2/5/25 ,5.06E+12,ALVITA incontinence range pads waterproof bed 60cm x 90cm 30,1,16.99,0,0
  2/5/25 ,5.06E+12,ALVITA PREGNANCY TEST SINGLE,1,2.99,0.5,0
  2/5/25 ,96183458,Anbesol Liquid 15ml,1,5.65,0.94,0
  2/5/25 ,5.02E+12,Assorted Knuckle Plasters,1,2.09,0.35,0
  2/5/25 ,5.04E+12,AVOMINE 25MG TAB,1,7.58,1.26,0
  2/5/25 ,5.01E+12,BEAUTY FORMULAS intensive foot cream  100ml,1,1.39,0.23,0
  2/5/25 ,5.01E+12,Beconase H/fever Ad100 Spray,1,7.99,1.33,0
  2/5/25 ,5.01E+12,Beconase Hayfever Nasal Spray 0.05% 180 Doses,1,10.99,1.83,0
  2/5/25 ,6.00E+12,Bio Oil 60ml,1,12.9,2.15,0
  2/5/25 ,5.06E+12,BLISTEX lip infusions balm soothing 3.7g,1,3.69,0.62,0
  2/5/25 ,5.01E+12,Bronchostop Pastilles,1,5.99,1,0
  2/5/25 ,5.02E+12,CALYPSO sun protection continuous spray spf30 175ml,2,14.98,2.5,0
  2/5/25 ,5.02E+12,CALYPSO sun protection scalp protector SPF30 50ml,1,3.99,0.67,0
  2/5/25 ,5.06E+12,CHLORAMPHENICOL EYE OINTMENT,1,5.58,0.93,0
  2/5/25 ,4.08E+12,Clearblue Digital Preg Test Sngle,1,12.29,2.05,0
  2/5/25 ,5.06E+12,CO CODAMOL,4,23.96,4,0
  2/5/25 ,5.02E+12,CO/Codamol 32s,3,11.97,2.01,0
  2/5/25 ,5.06E+12,COMPRESSOR NEBULIZER,1,39.95,6.66,0
  2/5/25 ,5.03E+12,COTTON WOOL BALLS,1,1,0.17,0
  2/5/25 ,5.03E+12,Daktacort Hc Cream 15g,1,7.69,1.28,0
  2/5/25 ,5.01E+12,Daktarin Cream,1,4.99,0.83,0
  2/5/25 ,50158225,Dettol Antiseptic Lqd 750ml,1,5.76,0.96,0
  2/5/25 ,5.39E+12,DIORALYTE oral powder sachets citrus 0.53g/3.56g/0.30g/0.47g  6,1,4.99,0.83,0
  2/5/25 ,27122301,DISPENSARY SALE,1,1.78,0.3,0
  2/5/25 ,8.11E+11,DR TEALS PURE EPSOM SALT,1,7.99,1.33,0
  2/5/25 ,7.35E+12,E45 ITCH RELIEF CREAM,1,6.99,1.17,0
  2/5/25 ,7.35E+12,E45 lotion spray daily 200ml,1,6.49,1.08,0
  2/5/25 ,7.35E+12,E45 SHAMPOO,2,11.98,2,0
  2/5/25 ,5.00E+12,EUMOVATE ECZ&DER CRM 15g,1,9.98,1.66,0
  2/5/25 ,5.01E+12,FACIAL WIPES SOFT APRICOT,1,1,0.17,0
  2/5/25 ,5.00E+12,Femfresh Powder 200g,1,4.09,0.68,0
  2/5/25 ,50357475,Fishermens Friend Cherry Loz 25g,1,0.79,0.13,0
  2/5/25 ,5.01E+12,FLEXITOL for heels 25% urea balm 40g,1,3.99,0.67,0
  2/5/25 ,5.02E+12,Fluconazole 150mg Capsule,2,7.98,1.34,0
  2/5/25 ,5.02E+12,Galpharm Cold Sore Crm 2g Cold Sore Cream  5% W/w,2,5.98,1,0
  2/5/25 ,5.00E+12,Gaviscon Peppermint Tabs 48,1,8,1.33,0
  2/5/25 ,4.72E+12,Glucorx Nexus Test Strips 50,1,17.95,2.99,0
  2/5/25 ,96043509,Halls Citrus sf,1,0.85,0.14,0
  2/5/25 ,5.03E+12,Halls Soothers Peach,1,0.85,0.14,0
  2/5/25 ,5.02E+12,IBUGEL gel 5.0%w/w 100g,1,7.79,1.3,0
  2/5/25 ,5.01E+12,Ibuprofen 400mg 48s,1,4.99,0.83,0
  2/5/25 ,5.03E+12,JAKEMANS menthol lozenges honey & lemon 73g,1,0.99,0.17,0
  2/5/25 ,5.03E+12,JAKEMANS menthol lozenges peppermint 73g,2,3.98,0.66,0
  2/5/25 ,75739002,JOHNSONS BABY OIL 500ML,1,3.99,0.67,0
  2/5/25 ,5.01E+12,Jungle Formula Dry Protect Spray 125ml,1,9.99,1.67,0
  2/5/25 ,5.40E+12,JUNIOR BRONCHO 3 YEARS OLD,1,6.99,1.17,0
  2/5/25 ,6.01E+12,KEDLEY PLANTAR FASCIA SLEEVES MEDIUM,1,14.99,2.5,0
  2/5/25 ,5.02E+12,KINETIK BLOOD PRESSURE MONITOR,1,24.99,4.17,0
  2/5/25 ,4.99E+12,Kool N Sooth Migraine Pads,1,3.12,0.52,0
  2/5/25 ,5.02E+12,Laxido 30,1,8,1.33,0
  2/5/25 ,8.10E+11,MEDIHONEY,1,8.85,1.48,0
  2/5/25 ,7.32E+12,MEPORE DRESSING 9X20CM/3.6X8IN,2,2,0.34,0
  2/5/25 ,5.04E+12,MIGRAKIND tablets f/c 50mg  2,1,8.95,1.49,0
  2/5/25 ,5.02E+12,MINERAL SUN STICK,2,6.98,1.16,0
  2/5/25 ,991,MISC,4,23.1,3.86,0
  2/5/25 ,3.10E+11,MITCHUM TRIPLE ODOR POWDER FRESH,2,7.34,1.22,0
  2/5/25 ,5.00E+12,Night Nurse 160ml,1,8.99,1.5,0
  2/5/25 ,5.05E+12,Night Nurse Capsules 10,1,7.16,1.19,0
  2/5/25 ,4.01E+12,NIVEA bath & shower shower cream cream soft 250ml,1,2.39,0.4,0
  2/5/25 ,4.01E+12,NIVEA MEN shower gel sensitive 250ml,1,2.29,0.38,0
  2/5/25 ,5.01E+12,NUROMOL dual action pain relief tablets 200mg/500mg  16,1,4.99,0.83,0
  2/5/25 ,5.06E+12,OLIVE OIL,1,2.69,0.45,0
  2/5/25 ,5.01E+12,OPTICROM ALLERGY 2%,1,5.99,1,0
  2/5/25 ,5.00E+12,OPTREX MULTI EYE WASH SOL 300ml,1,7.49,1.25,0
  2/5/25 ,5.01E+12,Ovex Family Pack 4 Tabs,1,13.29,2.22,0
  2/5/25 ,8.00E+12,PAMPERS baby wipes fresh clean  52,1,1.2,0.2,0
  2/5/25 ,8.00E+12,Pampers Sensitive Baby Wipes 52s,2,2.4,0.4,0
  2/5/25 ,5.06E+12,PARACETAMOL 250MG/5ML ORAL S 200ML,1,6,1,0
  2/5/25 ,5.02E+12,Paracetamol Caplets 32,3,4.5,0.75,0
  2/5/25 ,5.02E+12,Peptac Liquid,1,5.92,0.99,0
  2/5/25 ,5.02E+12,PEPTAC LIQUID antacid liquid peppermint 80mg/5ml/250mg/5ml/133.5mg/5ml 500ml,1,5.92,0.99,0
  2/5/25 ,5.02E+12,PERRIGO heartburn & acid reflux control capsules 20mg  14,1,6.99,1.17,0
  2/5/25 ,5.00E+12,Piriton Syrup 2mg/5ml 150ml,2,11.98,2,0
  2/5/25 ,7.61E+12,Ricola Drops 45g S/f Elderflower Box,1,1.45,0.24,0
  2/5/25 ,7.61E+12,RICOLA lozenges sugar free raspberry mint 45g,1,1.45,0.24,0
  2/5/25 ,5.02E+12,SAFE & SOUND medicine organisers 4 times daily coloured pill box,1,6.85,1.14,0
  2/5/25 ,4.06E+12,Silvikrin H/spray Max Firm Hold 250ml,1,2.69,0.45,0
  2/5/25 ,5.01E+12,Sinutab Tablets 15s,1,6.49,1.08,0
  2/5/25 ,5.04E+12,SKIN CLOSURE STRIPS,2,5.98,1,0
  2/5/25 ,5.01E+12,SOLPADEINE MAX 24,2,18.14,3.02,0
  2/5/25 ,5.01E+12,SOLPADEINE MAX SOL 24,6,51,8.52,0
  2/5/25 ,5.01E+12,SOLPADINE PLUS 24,2,14.54,2.42,0
  2/5/25 ,5.00E+12,Strefen Honey & Lemon 16 Loz,1,5.29,0.88,0
  2/5/25 ,5.01E+12,STUGERON 15 TABS,1,5.29,0.88,0
  2/5/25 ,5.02E+12,SUDOCREM ANTISEPT CRM 125G antiseptic cream,1,4.35,0.73,0
  2/5/25 ,1.05E+18,SURGICAL TAPE,1,1.49,0.25,0
  2/5/25 ,5.39E+12,SYNDOL tablets 30mg/10mg/5mg/450mg  10,1,4.59,0.77,0
  2/5/25 ,5.06E+12,TEA TREE CLENSING WIPES 25,3,3,0.51,0
  2/5/25 ,5.06E+12,TEATREE & PEPPERMINT FOOT PACK,1,2.5,0.42,0
  2/5/25 ,7.32E+12,TENA lady extra plus instadry absorbent pads duo  16,1,4.75,0,0
  2/5/25 ,5.06E+12,Ultra Chlora Blkcrt Spry 15ml,1,6.15,1.03,0
  2/5/25 ,5.06E+12,Ultra Chlora Cherry Spy 15ml,1,6.15,1.03,0
  2/5/25 ,5.02E+12,VALUPAK FOLIC ACID 90S,1,1.14,0.19,0
  2/5/25 ,5.02E+12,Valupak Vit D3 1000iu 60s,1,1.14,0.19,0
  2/5/25 ,42182627,VASELINE PETRO JELLY 50ML,2,2.78,0.46,0
  2/5/25 ,5.01E+12,Vira Soothe 75g,1,9.99,1.67,0
  2/5/25 ,3.06E+12,VOLVIC,1,1,0.17,0
  2/5/25 ,42211471,WRIGLEYS EXTRA WHITE CHEWING GUM,1,0.79,0.13,0
  2/6/25   ,5.02E+12,4 IN 1 FACIAL CLEANSING WIPES,8,8,1.36,0
  2/6/25   ,5.01E+12,Actifed MultI/Action Tabs 12s,4,23.16,3.88,0
  2/6/25   ,5.00E+12,ALLEVIA HIVES tablets 180mg  15,8,71.92,12,0
  2/6/25   ,5.06E+12,ALMUS hayfever eye drops 2% 10ml,4,17.96,3,0
  2/6/25   ,5.00E+12,Anadin Extra 32,8,36,6,0
  2/6/25   ,5.39E+12,ANTHISAN BITE & STING cream 2% 20g,4,21.96,3.68,0
  2/6/25   ,5.02E+12,Bazuka Treatment Gel 6g,4,25.6,4.28,0
  2/6/25   ,5.01E+12,Beconase H/fever Ad100 Spray,8,63.92,10.64,0
  2/6/25   ,5.01E+12,Beconase Hayfever Nasal Spray 0.05% 180 Doses,4,43.96,7.32,0
  2/6/25   ,5.06E+12,Benzydamine Mouthwasw,4,35.96,6,0
  2/6/25   ,4.02E+12,BRAUN ear thermometers thermoscan 3,4,147.96,24.68,0
  2/6/25   ,5.01E+12,Calpol Six Plus Sf 100ml,4,21.96,3.68,0
  2/6/25   ,5.01E+12,Canesten Oasis For Cystitis Relief Cystitis Relief,4,27.56,4.6,0
  2/6/25   ,5.06E+12,CAST & BANDAGE PROTECTOR FULL LEG,4,35.2,5.88,0
  2/6/25   ,4.02E+12,Celluvisc Dry Eye .5% 30x0.4ml Dry Eye Preparation  0.5%,4,34.56,5.76,0
  2/6/25   ,5.01E+12,CETRABEN ointment  125g,4,14.72,2.44,0
  2/6/25   ,5.06E+12,CHLORPHENAMINE,4,11.96,2,0
  2/6/25   ,5.01E+12,CLARITYN allergy tablets 10mg  30,4,43.96,7.32,0
  2/6/25   ,5.01E+12,CLARITYN kids allergy syrup berry 5mg/5ml 60ml,4,23.16,3.88,0
  2/6/25   ,1.05E+18,CLINIGRIP ELASTICATED TUBULAR BANDAGE B 1M,4,11.2,1.88,0
  2/6/25   ,1.05E+18,CLINIPORE TAPE 5X5,8,15.12,2.56,0
  2/6/25   ,5.06E+12,CO CODAMOL,8,31.92,5.36,0
  2/6/25   ,5.01E+12,Covonia Chesty Cgh Sf 150ml,4,27.96,4.68,0
  2/6/25   ,5.01E+12,Covonia Dry&tckly Linctus 150ml,4,27.96,4.68,0
  2/6/25   ,5.01E+12,CUCUMBER & AVOCADO,4,4,0.68,0
  2/6/25   ,5.00E+12,Cuprofen 24s,4,15.96,2.68,0
  2/6/25   ,5.03E+12,Daktacort Hc Cream 15g,4,30.76,5.12,0
  2/6/25   ,5.01E+12,Deep Relief Gel 5% 30g,4,19.96,3.32,0
  2/6/25   ,5.01E+12,Dettol Hand Hygiene Gel,4,7.2,1.2,0
  2/6/25   ,27122301,DISPENSARY SALE,4,5.16,0.88,0
  2/6/25   ,7.35E+12,E45 PUMP CREAM,4,63.96,10.68,0
  2/6/25   ,60018793,Elastoplast Roll Plaster,8,29.92,4.96,0
  2/6/25   ,5.01E+12,Eurax Crm 100g Tube Cream  10%,4,35.96,6,0
  2/6/25   ,96190968,EURAX HC CREAM,4,19.96,3.32,0
  2/6/25   ,5.01E+12,Feminax Express 342mg 16 Tabs,4,20.36,3.4,0
  2/6/25   ,5.02E+12,FOSTER & GRANT 2.50,4,48,8,0
  2/6/25   ,5.02E+12,GALPHARM treathay tablets f/c 120mg  30,4,27.96,4.68,0
  2/6/25   ,5.01E+12,Germoline Antiseptic Crm 55g,4,15.56,2.6,0
  2/6/25   ,5.03E+12,Halls Soothers Peach,4,3.4,0.56,0
  2/6/25   ,5.03E+12,Hydrocortisone 1% Cream,4,32.76,5.48,0
  2/6/25   ,5.06E+12,IBUPROFEN 400MG,4,11.16,1.88,0
  2/6/25   ,5.06E+12,IBUPROFEN 400MG TABLETS,4,23.96,4,0
  2/6/25   ,5.06E+12,Ibuprofen 400mg Tablets 24TAB,4,11.16,1.88,0
  2/6/25   ,5.06E+12,IBUPROFEN AMD CODEINE,4,33.96,5.68,0
  2/6/25   ,5.03E+12,Imodium Caps 2mg 6 Tabs,4,16.72,2.8,0
  2/6/25   ,5.03E+12,Imodium Instants 6,4,21.56,3.6,0
  2/6/25   ,5.03E+12,INFACARE BABYBATH,4,7.96,1.32,0
  2/6/25   ,5.03E+12,JAKEMANS menthol lozenges peppermint 73g,8,7.92,1.36,0
  2/6/25   ,6.00E+12,KEDLEY KNEE SUPPORT ,4,35.96,6,0
  2/6/25   ,6.01E+12,KEDLEY PLANTAR FASCIA SLEEVES MEDIUM,4,59.96,10,0
  2/6/25   ,4.99E+12,Kool N Sooth Migraine Pads,4,12.48,2.08,0
  2/6/25   ,5.02E+12,Lactulose Oral Sol 300ml,4,25.16,4.2,0
  2/6/25   ,5.00E+12,Lempsip Max Sach Lemon 10s,4,20.96,3.48,0
  2/6/25   ,5.06E+12,LOPERAMIDE ORAL LYOPHILISATE 2X6 TABLETS,4,28.72,4.8,0
  2/6/25   ,50620814,Magnesium Paste,12,65.88,11.04,0
  2/6/25   ,4.72E+12,MICROLIFE blood pressure monitor BPB2 basic,4,74.96,12.48,0
  2/6/25   ,991,MISC,4,20,3.32,0
  2/6/25   ,5.02E+12,MURRAYS clippers toe nail,4,10.36,1.72,0
  2/6/25   ,3.57E+12,NEUTROGENA T/Gel shampoo scalp relief 250ml,4,39.96,6.68,0
  2/6/25   ,3.57E+12,NEUTROGENA T/Gel shampoo sensitive scalp 150ml,4,24.4,4.08,0
  2/6/25   ,5.00E+12,Night Nurse 160ml,4,35.96,6,0
  2/6/25   ,5.05E+12,Night Nurse Capsules 10,4,28.64,4.76,0
  2/6/25   ,5.01E+12,NUMARK first aid plasters assorted fabric  24,4,6.36,1.08,0
  2/6/25   ,5.00E+12,Numark Melolin Pfa Dressing 20x10,16,15.2,2.52,0
  2/6/25   ,5.00E+12,Nurofen 200mg Caplets,4,9.72,1.64,0
  2/6/25   ,5.01E+12,NUROMOL dual action pain relief tablets 200mg/500mg  16,4,19.96,3.32,0
  2/6/25   ,5.01E+12,OPTICROM ALLERGY 2%,4,23.96,4,0
  2/6/25   ,5.01E+12,OPTREX eye drops double action rehydrating dry eyes 10ml,4,42,7,0
  2/6/25   ,50483464,Optrex Infected Eye Drops,4,31.96,5.32,0
  2/6/25   ,3.57E+12,OVEX SUSPENSION FAMILY PK 30ml,4,63.96,10.68,0
  2/6/25   ,8.00E+12,Pampers Sensitive Baby Wipes 52s,8,9.6,1.6,0
  2/6/25   ,5.02E+12,PARACETAMOL CAPLETS 16S,4,3.4,0.56,0
  2/6/25   ,5.02E+12,PARACETAMOL CAPS 500mg 16,4,2.2,0.36,0
  2/6/25   ,5.02E+12,PARACETAMOL SUSP 200ml,4,15.96,2.68,0
  2/6/25   ,5.02E+12,Peptac Liquid,4,23.68,3.96,0
  2/6/25   ,5.02E+12,PEPTAC LIQUID antacid liquid peppermint 80mg/5ml/250mg/5ml/133.5mg/5ml 500ml,4,23.68,3.96,0
  2/6/25   ,5.00E+12,Piriteze Allergy Syrup 70ml,4,24.36,4.08,0
  2/6/25   ,5.00E+12,Piriton Syrup 2mg/5ml 150ml,4,23.96,4,0
  2/6/25   ,5.06E+12,PROBE COVERS,4,6.36,1.08,0
  2/6/25   ,5.01E+12,Rennie Orange Chewable 24,4,12.36,2.08,0
  2/6/25   ,5.01E+12,Rennie Sugar Free Tablets,4,13.16,2.2,0
  2/6/25   ,5.01E+12,Rennie Tabs 24 Peppermint,4,12.36,2.08,0
  2/6/25   ,5.01E+12,Rennie Tabs Peppermint 72s,4,25.16,4.2,0
  2/6/25   ,5.00E+12,ROBITUSSIN CHESTY CGH 250ml,4,33.96,5.68,0
  2/6/25   ,5.00E+12,Scholl Corn Removal Plasters,4,13.96,2.32,0
  2/6/25   ,5.01E+12,SCHOLL foot treatment blister plasters large heel  5,4,15.96,2.68,0
  2/6/25   ,5.01E+12,SEVEN SEAS pure cod liver oil range traditional liquid 450ml,4,48,8,0
  2/6/25   ,5.01E+12,SOLPADEINE MAX 24,16,145.12,24.16,0
  2/6/25   ,5.01E+12,SOLPADEINE MAX SOL 24,12,102,17.04,0
  2/6/25   ,5.01E+12,SOLPADINE PLUSE 24CAP,4,27.56,4.6,0
  2/6/25   ,5.00E+12,Strepsils Hny&lmn 16S,4,13.96,2.32,0
  2/6/25   ,5.06E+12,SURESIGN,4,9.96,1.68,0
  2/6/25   ,5.06E+12,SURESIGN 6 day early midstream pregnancy test  2,4,27.96,4.68,0
  2/6/25   ,7.35E+12,TEPE interdental toothbrushes angle red 0.5mm 6,4,17.8,2.96,0
  2/6/25   ,7.33E+12,Tubigrip Size D 1m,4,19.96,3.32,0
  2/6/25   ,5.06E+12,Ultra Chlora Cherry Spy 15ml,4,24.6,4.12,0
  2/6/25   ,5.02E+12,Valupak Calcium & Vit D 400mg 30s,4,4.56,0.76,0
  2/6/25   ,42182658,Vaseline Petro Jelly 250ml,8,22.4,3.72,0
  2/6/25   ,5.01E+12,Vicks Sinex Soother Nasal Spry,4,23.12,3.84,0
  2/6/25   ,5.05E+12,Voltarol Heat Patch Non Medicated,4,23.16,3.88,0
  2/6/25   ,5.03E+12,Wisdom Bogof Firm T/brush,4,5.96,1,0
  2/6/25   ,5.06E+12,Xailin Night Oint 5g,4,16.56,2.76,0
  2/6/25   ,5.01E+12,ZIPAMOL PLUS effervescent tablets 8/500mg  32,4,23.96,4,0
  2/7/25 ,5.06E+12,ALMUS tickly cough syrup 0.75mg/5ml 200ml,1,3.99,0.67,0
  2/7/25 ,5.06E+12,ALVITA diagnostic thermometers infrared non/contact forehead,1,34.99,5.83,0
  2/7/25 ,8.43E+12,ALVITA eye care wash & bath 100ml,1,4.49,0.75,0
  2/7/25 ,5.06E+12,ALVITA PREGNANCY TEST SINGLE,1,2.99,0.5,0
  2/7/25 ,5.04E+12,ALVITA surgical dispensing aids pill cutter,1,2.99,0.5,0
  2/7/25 ,5.39E+12,ANTHISAN BITE & STING cream 2% 20g,1,5.49,0.92,0
  2/7/25 ,5.05E+12,APTAMIL milk powder growing up 1 year+ 800g,1,10.49,0,0
  2/7/25 ,5.02E+12,BALANCE ACTIV intimate daily foam wash 150ml,1,7.49,1.25,0
  2/7/25 ,5.02E+12,BELLS OTC medicines analgesics paracetamol caplets 500mg  32,2,3,0.5,0
  2/7/25 ,3.57E+12,BENYLIN dry cough & tickly 300ml,1,9.99,1.67,0
  2/7/25 ,5.02E+12,BluE/Detectable Plasters,1,3.15,0.53,0
  2/7/25 ,5.01E+12,Calpol 120mg/5ml Original,1,7.59,1.27,0
  2/7/25 ,5.01E+12,Calpol Inf S/f 120mg/5ml 100ml,1,4.59,0.77,0
  2/7/25 ,5.01E+12,CANESTEN vaginal tablets 200mg  3,1,5.99,1,0
  2/7/25 ,5.01E+12,CETRABEN cream 200ml,1,11.1,1.85,0
  2/7/25 ,8.70E+12,CLAIROL nice n easy care colour brown black 3,1,7.99,1.33,0
  2/7/25 ,4.08E+12,Clearblue One Step Preg Test 1,1,7.99,1.33,0
  2/7/25 ,5.06E+12,CO CODAMOL 8MG/500MG,4,15.96,2.68,0
  2/7/25 ,3.66E+12,COMPEED,1,6.3,1.05,0
  2/7/25 ,5.05E+12,CORSODYL mouthwash original alcohol free 0.2% 300ml,1,5.85,0.98,0
  2/7/25 ,9.00E+12,Cow/gate Instant Carobel 135g Instant Carobel,2,8.7,0,0
  2/7/25 ,5.03E+12,Daktacort Hc Cream 15g,1,7.69,1.28,0
  2/7/25 ,5.01E+12,Daktarin Cream,1,4.99,0.83,0
  2/7/25 ,50184262,Dextro Energy B/currant 47g,1,0.79,0,0
  2/7/25 ,76111587,Dextro Energy Classic 47g,1,0.79,0,0
  2/7/25 ,76111570,Dextro Lemon,2,1.58,0.26,0
  2/7/25 ,5.02E+12,DIABETONE PLUS,1,15.85,2.64,0
  2/7/25 ,5.39E+12,DIORALYTE oral powder sachets blackcurrant 0.53g/3.56g/0.30g/0.47g  6,1,4.99,0.83,0
  2/7/25 ,8.72E+12,DOVE CLASSIC  ,1,2.5,0.42,0
  2/7/25 ,8.72E+12,DOVE LOTION,1,6.99,0,0
  2/7/25 ,5.00E+12,DULCOLAX TWELVE PLUS 5MG 40TAB,1,5.82,0.97,0
  2/7/25 ,4.01E+12,Eplast Fabric Plasters 10,1,2.89,0.48,0
  2/7/25 ,5.06E+12,FERROUS GLUCONATE 300MG,4,14.04,2.36,0
  2/7/25 ,5.06E+12,Flexiseq Gel 50g,1,19.95,3.33,0
  2/7/25 ,5.02E+12,FOSTER & GRANT 2.00,1,25,4.17,0
  2/7/25 ,5.04E+12,Full Marks Soln 100ml,1,9.32,1.55,0
  2/7/25 ,7.70E+11,GAUZE SWABS,1,13.44,2.24,0
  2/7/25 ,5.01E+12,GAVISCON DOUBLE ACTION chewable tablets mixed berries 187.5mg/250mg/106.5mg  48,1,11.99,2,0
  2/7/25 ,5.01E+12,GERMOLENE ANTISEPT CREAM 30g,1,3.2,0.53,0
  2/7/25 ,5.03E+12,HYDROCORTISONE OINTMENT,1,8.19,1.37,0
  2/7/25 ,5.06E+12,IBUPROFEN AMD CODEINE,2,16.98,2.84,0
  2/7/25 ,5.02E+12,Iglu Pastilles S/free Past 24s,1,6.12,1.02,0
  2/7/25 ,5.01E+12,JUNGLE FORMULA dry protect spray 90ml ,1,8.99,1.5,0
  2/7/25 ,6.00E+12,KEDLEY TENNIS ELBOW,1,7.99,1.33,0
  2/7/25 ,5.03E+12,KWELLS KIDS,1,3.99,0.67,0
  2/7/25 ,5.06E+12,Lactulose 3.3g/5ml Oral Solusion,1,6.29,1.05,0
  2/7/25 ,5.02E+12,LUNOX sleep aid tablets 50mg  20,1,5.49,0.92,0
  2/7/25 ,96097304,Lypsyl Lipbalm,3,5.67,0.96,0
  2/7/25 ,5.00E+12,MELOLIN ADHESIVE low/adhesive absorbent dressing pads consumer/OTC pack  8.3cm x 6cm 5,2,7.08,1.18,0
  2/7/25 ,991,MISC,2,1.3,0.22,0
  2/7/25 ,5.06E+12,MURINE eye drops dry & tired eye drops 0.15% 15ml,2,8.14,1.36,0
  2/7/25 ,5.00E+12,Night Nurse 160ml,1,8.99,1.5,0
  2/7/25 ,4.01E+12,NIVEA bath & shower shower cream coconut & jojoba oil 250ml,1,2.35,0.39,0
  2/7/25 ,4.01E+12,NIVEA bath & shower shower cream cream soft 250ml,1,2.39,0.4,0
  2/7/25 ,5.00E+12,Nurofen 200mg Caplets,1,2.43,0.41,0
  2/7/25 ,5.00E+12,NUROFEN PLUS TABLETS 32,3,33.87,5.64,0
  2/7/25 ,3.57E+12,ORALDENE medicated relief for mouth & throat infections 200ml ,1,5,0.83,0
  2/7/25 ,5.01E+12,Ovex Family Pack 4 Tabs,1,13.29,2.22,0
  2/7/25 ,3.57E+12,Ovex Tablet Single Tablet,1,5.29,0.88,0
  2/7/25 ,5.06E+12,PARACETAMOL CAPSULES 32S,3,6,1,0
  2/7/25 ,5.02E+12,PARACETAMOL EFFERVESCENT TABLETS,1,4.1,0.68,0
  2/7/25 ,5.04E+12,Paramol Tabs Ets 32,1,9.99,1.67,0
  2/7/25 ,5.05E+12,Piriton Allergy Tabs 30 Tabs,1,4.99,0.83,0
  2/7/25 ,5.00E+12,Piriton Syrup 2mg/5ml 150ml,2,11.98,2,0
  2/7/25 ,5.00E+12,POLI/GRIP denture fixative cream ultra hold & neutral tasting 40g,1,3.92,0.65,0
  2/7/25 ,9.31E+12,QV emollient cream 100g,1,6.99,1.17,0
  2/7/25 ,5.01E+12,Savlon Advan Healing Gel 50g,1,5.5,0.92,0
  2/7/25 ,5.03E+12,SKINCALM 1% BITE AND STING CREAM HYDROCORTISONE,1,3.89,0.65,0
  2/7/25 ,5.01E+12,SOLPADEINE MAX SOL 24,2,17,2.84,0
  2/7/25 ,5.01E+12,SOLPADINE PLUS 24,1,7.27,1.21,0
  2/7/25 ,5.01E+12,SOLPADINE PLUSE 24CAP,1,6.89,1.15,0
  2/7/25 ,5.00E+12,Strepsils S/berry Sf 36s,1,5.89,0.98,0
  2/7/25 ,3.57E+12,Sudafed Mucus Relief 16 Tabs,1,5.8,0.97,0
  2/7/25 ,5.06E+12,TEA TREE FACIAL WIPES,1,1.6,0.27,0
  2/7/25 ,96073964,TEA TREE OIL,1,2.99,0.5,0
  2/7/25 ,5.02E+12,Valupak Effervescent Vit C,1,2.4,0.4,0
  2/7/25 ,5.02E+12,WELLKID liquid calcium 150ml ,1,4.95,0.83,0
  2/7/25 ,5.02E+12,WELLKID VITABIOTICS,1,7.45,1.24,0
  2/7/25 ,5.03E+12,WISDOM toothbrushes fresh effect sensitive,1,1.99,0.33,0
  20/5/25 ,6.92E+12,1LFT,2,4.98,0.84,0
  20/5/25 ,9.34E+12,AEROFILMPLUS waterproof island dressing 4cm x 5cm 3,2,7.98,1.34,0
  20/5/25 ,9.34E+12,AEROFILMPLUS waterproof island dressing 6cm x 7cm 3,2,12.1,2.02,0
  20/5/25 ,5.06E+12,ALMUS CALAMINE LOTION ,2,6.58,1.1,0
  20/5/25 ,5.06E+12,ALMUS hayfever & allergy relief tablets 10mg  30,2,4.98,0.84,0
  20/5/25 ,5.06E+12,ALMUS sleep aid tablets 50mg  20,4,21.96,3.68,0
  20/5/25 ,5.01E+12,ANUSOL 23G CREAM,2,8.58,1.44,0
  20/5/25 ,5.01E+12,Anusol Soothing Relief Oint,2,11.78,1.96,0
  20/5/25 ,5.01E+12,Anusol Suppositories 12s,2,8.98,1.5,0
  20/5/25 ,4.01E+12,Aqua Protect 100% Waterproof 20s,2,9.98,1.66,0
  20/5/25 ,3.57E+12,Aveeno Daily Moist Crm 100ml,2,13.6,2.26,0
  20/5/25 ,5.01E+12,Beconase H/fever Ad100 Spray,2,15.98,2.66,0
  20/5/25 ,5.02E+12,BELLS OTC medicines analgesics paracetamol caplets 500mg  32,8,12,2,0
  20/5/25 ,3.66E+12,BLEPHACLEAN EYELID WIPES 20,2,19.58,0,0
  20/5/25 ,5.01E+12,CANESTEN oral & cream duo 150mg/2% 1/10g,2,36.38,6.06,0
  20/5/25 ,5.01E+12,Carnation Corn Cap Plasters,2,8.5,1.42,0
  20/5/25 ,5.01E+12,Carnation Fng/toe Bnd 4m,2,7.3,1.22,0
  20/5/25 ,96186893,CHAP STICK STRAWBERRY,2,2.98,0.5,0
  20/5/25 ,96186886,Chapstick Cherry,2,2.98,0.5,0
  20/5/25 ,50309443,Chapstick Original,2,2.78,0.46,0
  20/5/25 ,8.70E+12,CLAIROL nice n easy care colour baby blonde 10a,2,15.98,2.66,0
  20/5/25 ,5.02E+12,CO/Codamol 32s,2,7.98,1.34,0
  20/5/25 ,5.01E+12,CO/CODAMOL 8/500MG,4,15.96,2.68,0
  20/5/25 ,5.06E+12,COVID/19 ANTIGEN,2,18,3,0
  20/5/25 ,5.01E+12,Covonia Throat Spray 30ml,2,18,3,0
  20/5/25 ,8.91E+12,CURALENE JELLY,2,2.98,0.5,0
  20/5/25 ,5.01E+12,Cystitis Sachets X 6 Sachets,2,7.98,1.34,0
  20/5/25 ,5.05E+12,DAY NURSE tablets f/c 500mg/30mg  18,2,17,2.84,0
  20/5/25 ,50184262,Dextro Energy B/currant 47g,2,1.58,0,0
  20/5/25 ,50184491,Dextro Energy Tropical,6,4.74,0,0
  20/5/25 ,5.06E+12,Difflam Spray 30ml,2,16.98,2.84,0
  20/5/25 ,80466437,DOVE ROLL ON ORIGINAL,2,7.1,1.18,0
  20/5/25 ,5.06E+12,EAROL OLIVE OIL SPRAY 10ml,2,12.7,2.12,0
  20/5/25 ,4.01E+12,FABRIC 1M BY 6CM,2,8.98,1.5,0
  20/5/25 ,5.03E+12,FACE FACTS MUD MASK CUCUMBER,4,4,0.66,0
  20/5/25 ,5.01E+12,Femfresh Ult Care Wash 250ml,2,5.98,1,0
  20/5/25 ,5.01E+12,GAVISCON ADVANCE liquid aniseed 200mg/1000mg 150ml ,2,12.98,2.16,0
  20/5/25 ,96043509,Halls Citrus sf,4,3.4,0.56,0
  20/5/25 ,50696925,Halls Original,2,1.7,0.28,0
  20/5/25 ,7.62E+12,Halls Soothers Honey&lemon 10 Honey And Lemon,4,3.4,0.56,0
  20/5/25 ,4.03E+12,Hyloforte Drops 10ml,2,17.98,3,0
  20/5/25 ,5.06E+12,IBUPROFEN AMD CODEINE,4,33.96,5.68,0
  20/5/25 ,5.06E+12,Ibuprofen Tablets 200mg 24,2,4.1,0.68,0
  20/5/25 ,5.03E+12,JAKEMANS menthol lozenges menthol & eucalyptus 73g,2,1.98,0.34,0
  20/5/25 ,5.03E+12,KWELLS 12 TABLETS,2,7.98,1.34,0
  20/5/25 ,5.06E+12,Lactulose 3.3g/5ml Oral Solusion,2,12.58,2.1,0
  20/5/25 ,5.00E+12,LEMSIP MAX COLD/FLU CAPS 16s,2,8.98,1.5,0
  20/5/25 ,5.06E+12,LORATADINE 10MG,4,14.92,2.48,0
  20/5/25 ,5.01E+12,LYCLEAR extra strong shampoo 200ml ,2,31.98,5.34,0
  20/5/25 ,5.01E+12,Lyclear Ltn + Cmb 100ml,2,13.98,2.34,0
  20/5/25 ,5.06E+12,Maloff Protect Tabs 24s,2,93.6,15.6,0
  20/5/25 ,5.00E+12,MELOLIN 5CMX5CM,2,4.2,0.7,0
  20/5/25 ,5.00E+12,MELOLIN ADHESIVE low/adhesive absorbent dressing pads consumer/OTC pack  8.3cm x 6cm 5,4,14.16,2.36,0
  20/5/25 ,87108132,MENTOS,4,2.6,0.44,0
  20/5/25 ,4.72E+12,MICROLIFE blood pressure monitor BPB2 basic,2,37.48,6.24,0
  20/5/25 ,5.01E+12,Migraleve Complete 24 Tabs,2,26.98,4.5,0
  20/5/25 ,991,MISC,6,12.16,2.02,0
  20/5/25 ,8.72E+12,Nailner Fungal Nail 2in One,2,45.98,7.66,0
  20/5/25 ,5.00E+12,Night Nurse 160ml,2,17.98,3,0
  20/5/25 ,5.05E+12,Night Nurse Capsules 10,2,14.32,2.38,0
  20/5/25 ,5.01E+12,Night Time Sleep Aid 25mg 20 Tabs,2,7.78,1.3,0
  20/5/25 ,5.01E+12,NUMARK first aid plasters assorted fabric  24,2,3.18,0.54,0
  20/5/25 ,5.01E+12,NYTOL ONE A NGT 20 TABLETS,2,16.38,2.74,0
  20/5/25 ,5.01E+12,Olive Oil,2,7.98,1.34,0
  20/5/25 ,50483464,Optrex Infected Eye Drops,2,15.98,2.66,0
  20/5/25 ,5.02E+12,Otex Ear Drops 5%,2,11.2,1.86,0
  20/5/25 ,5.05E+12,OTRIVINE nasal spray with khone spray congestion relief 0.1% 10ml,2,12,2,0
  20/5/25 ,5.01E+12,Ovex Family Pack 4 Tabs,4,53.16,8.88,0
  20/5/25 ,3.57E+12,Ovex Tablet Single Tablet,2,10.58,1.76,0
  20/5/25 ,10181041877,Palmers F/f 250ml,2,9.98,1.66,0
  20/5/25 ,5.43E+12,PAPER MINTS,2,3.38,0.56,0
  20/5/25 ,5.02E+12,PARACETAMOL CAPS 500mg 16,2,1.1,0.18,0
  20/5/25 ,5.04E+12,Paramol Ets 24 Tabs,4,33.96,5.68,0
  20/5/25 ,5.02E+12,Peptac Liquid,2,11.84,1.98,0
  20/5/25 ,5.01E+12,Rennie Deflatine 18 Tablets,2,9.58,1.6,0
  20/5/25 ,7.61E+12,RICOLA lozenges sugar free eucalyptus cherry 70g,4,5.96,1,0
  20/5/25 ,5.02E+12,SAFE & SOUND medicine organisers weekly pill organiser,2,13.98,2.34,0
  20/5/25 ,5.01E+12,SOLPADEINE MAX 24,2,18.14,3.02,0
  20/5/25 ,5.01E+12,SOLPADEINE MAX SOL 24,8,68,11.36,0
  20/5/25 ,5.01E+12,SOLPADINE PLUS 24,2,14.54,2.42,0
  20/5/25 ,5.01E+12,SOLPADINE PLUSE 24CAP,4,27.56,4.6,0
  20/5/25 ,3.33E+12,Sterimar Nasal Isotonic Spry 50ml,2,8.58,1.44,0
  20/5/25 ,8.45E+12,STITCH BASEBALL CAP,2,10.98,1.84,0
  20/5/25 ,5.01E+12,T.c.p. Lqd 100ml,2,11.98,2,0
  20/5/25 ,7.32E+12,TENA unisex pants night plus x large 10,2,27.9,0,0
  20/5/25 ,5.02E+12,Valupak Effervescent Vit C,2,4.8,0.8,0
  20/5/25 ,5.02E+12,Valupak Vit D3 1000iu 60s,2,2.28,0.38,0
  20/5/25 ,5.06E+12,Vizulize Dry Eyes Intensive Drops 10ml,2,9.18,1.54,0
  20/5/25 ,5.03E+12,WISDOM toothbrushes regular medium  3,2,2.98,0.5,0
  20/5/25 ,5.03E+12,WISDOM toothpaste active whitening charcoal 100ml,2,5.98,1,0
  20/5/25 ,5.03E+12,WISDOM TRIPLE PACK ,2,2.98,0.5,0
  20/5/25 ,5.01E+12,ZIPAMOL PLUS effervescent tablets 8/500mg  32,2,11.98,2,0
  20/6/25 ,5.06E+12,AACULOSE eye drops 0.3% 10ml,4,4.8,0.8,0
  20/6/25 ,5.00E+12,ALLEVIA HIVES tablets 180mg  15,4,35.96,6,0
  20/6/25 ,5.06E+12,ALMUS erectile dysfunction relief tablets f/c 50mg  4,8,119.92,20,0
  20/6/25 ,5.01E+12,ANUSOL natural cream 30g,4,27.96,4.68,0
  20/6/25 ,5.02E+12,AQUEOUS CREAM WITH ALOE VERA,4,5.96,1,0
  20/6/25 ,3.57E+12,Aveeno Daily Org Moist Ltn 300ml,4,35.64,5.96,0
  20/6/25 ,5.02E+12,BELLS OTC medicines analgesics paracetamol caplets 500mg  32,24,36,6,0
  20/6/25 ,5.01E+12,BF HAND CREAM,4,4,0.68,0
  20/6/25 ,33984004009,BREWERS YEAST WITH VITAMIN B12,4,24.92,4.16,0
  20/6/25 ,5.02E+12,BROW & LASH GROOMER,8,7.92,1.36,0
  20/6/25 ,5.01E+12,CALPOL 2M+ 100ML,4,18.36,2.44,3.68
  20/6/25 ,5.03E+12,Cetraben Emoll Crm 50g,4,10.8,1.8,0
  20/6/25 ,5.06E+12,CO CODAMOL 8MG/500MG,16,63.84,10.72,0
  20/6/25 ,8.72E+12,COLGATE mouthwash max white purple 500ml,4,10,1.68,0
  20/6/25 ,42405962,DEXTRO BLUEBERRY,4,3.16,0.52,0
  20/6/25 ,50184262,Dextro Energy B/currant 47g,12,9.48,0,0
  20/6/25 ,87111842,Dextro Energy Org & Vitc 47g,8,6.32,0,0
  20/6/25 ,50184491,Dextro Energy Tropical,4,3.16,0,0
  20/6/25 ,76111570,Dextro Lemon,8,6.32,1.04,0
  20/6/25 ,27122301,DISPENSARY SALE,4,31.2,5.2,0
  20/6/25 ,5.02E+12,Doublebase Shower,4,37.52,6.24,0
  20/6/25 ,5.02E+12,Fluconazole 150mg Capsule,8,31.92,5.36,0
  20/6/25 ,5.00E+12,Fybogel HI/ Fibre Orange,4,43.96,7.32,0
  20/6/25 ,5.02E+12,GALPHARM treathay tablets f/c 120mg  30,4,27.96,4.68,0
  20/6/25 ,4.03E+12,Hylo Tear Eye Drops,4,61.2,10.2,0
  20/6/25 ,5.06E+12,Ibuprofen 400mg Tablets 24TAB,4,11.16,1.88,0
  20/6/25 ,5.06E+12,IBUPROFEN AMD CODEINE,4,33.96,5.68,0
  20/6/25 ,6.00E+12,KEDLEY HAND SUPPORT,4,19.96,3.32,0
  20/6/25 ,5.06E+12,Lactulose 500ml,4,35.96,6,0
  20/6/25 ,5.01E+12,Lanacane Med Crm 30g,4,16.76,2.8,0
  20/6/25 ,5.00E+12,LEMSIP MAX COLD/FLU CAPS 16s,4,17.96,3,0
  20/6/25 ,5.02E+12,LITTLE HEROES BBY WIPES,4,8,1.32,0
  20/6/25 ,5.02E+12,LUNOX sleep aid tablets 50mg  20,4,21.96,3.68,0
  20/6/25 ,5.00E+12,MELOLIN 5CMX5CM,4,8.4,1.4,0
  20/6/25 ,5.01E+12,MOVICOL tubular stick pads powder sachets 13.125g/46.6mg/178.5mg/350.7mg  20,8,82.8,13.84,0
  20/6/25 ,5.05E+12,Night Nurse Capsules 10,4,28.64,4.76,0
  20/6/25 ,4.01E+12,Nivea Pearl & Beauty Deo 150ml,4,13.16,2.2,0
  20/6/25 ,4.01E+12,Nivea Visage Sens Micellar Water 200ml,4,18.36,3.08,0
  20/6/25 ,8.45E+12,NUNN ULTRA HYDRATION RASPBERRY,4,4,0.68,0
  20/6/25 ,5.00E+12,Nurofen Cold&flurelief 16s,4,21.96,3.68,0
  20/6/25 ,5.00E+12,NUROFEN DAY & NIGHT COLD & FLU tablets 200mg/5mg  16,4,21.96,3.68,0
  20/6/25 ,5.01E+12,NUROFEN PLUS IBUPROFEN.CODEINE 24TAB,4,39.2,6.52,0
  20/6/25 ,5.06E+12,Odour Eaters Spray 150ml,4,17.96,3,0
  20/6/25 ,5.02E+12,Otex Olive Oil Ear Drops 10ml Olive Oil Ear Drops,4,15.96,2.68,0
  20/6/25 ,5.02E+12,PARACETAMOL CAPS 500mg 16,12,6.6,1.08,0
  20/6/25 ,5.04E+12,Paramol Tabs E/t/s 12 Easy To Swallow,12,58.2,9.72,0
  20/6/25 ,5.02E+12,Safe & Sound Safety Pins,4,5.8,0.96,0
  20/6/25 ,5.01E+12,SAVLON wound cleansing wipe sachets  10,4,11.96,2,0
  20/6/25 ,5.06E+12,SILEX covid self test  1,8,19.92,3.32,0
  20/6/25 ,5.01E+12,SOLPADEINE MAX 24,8,72.56,12.08,0
  20/6/25 ,5.01E+12,SOLPADEINE MAX SOL 24,4,34,5.68,0
  20/6/25 ,8.45E+12,STITCH BASEBALL CAP,4,21.96,3.68,0
  20/6/25 ,5.00E+12,Strepsil Sore Throat&cgh 24,8,47.12,7.84,0
  20/6/25 ,7.32E+12,TEPE interdental brushes blue 0.6mm 6,4,17.2,2.88,0
  20/6/25 ,8.45E+12,UNNU SPORT ELECTROLYTES 50G,4,4,0.68,0
  20/6/25 ,5.03E+12,WISDOM toothpaste active whitening instant bright 75ml,4,15.96,2.68,0
  21/5/25 ,5.06E+12,3 IN 1 MAKE UP REMOVAL WIPES,4,4,0.68,0
  21/5/25 ,5.06E+12,AACULOSE eye drops 0.5% 10ml,4,7.12,1.2,0
  21/5/25 ,5.01E+12,Abidec Multivitamin Syrup 150ml,2,11.98,2,0
  21/5/25 ,5.06E+12,ALMUS ibuprofen tablets 200mg  24,2,2,0.34,0
  21/5/25 ,5.06E+12,ALVITA surgical dressings crepe bandage cotton BP 10cm x 4.5m,2,13.74,2.3,0
  21/5/25 ,5.06E+12,ALVITA surgical dressings crepe bandage cotton BP 7.5cm x 4.5m,2,10.64,1.78,0
  21/5/25 ,5.05E+12,APTAMIL milk powder anti reflux infant 800g,2,35,0,0
  21/5/25 ,5.03E+12,ASPIRIN 75MG GR,2,3.38,0.56,0
  21/5/25 ,5.01E+12,Beconase H/fever Ad100 Spray,2,15.98,2.66,0
  21/5/25 ,5.02E+12,BELLS OTC medicines analgesics paracetamol caplets 500mg  32,22,33,5.5,0
  21/5/25 ,5.01E+12,BRONCHOSTOP junior syrup 200ml,2,19.98,3.34,0
  21/5/25 ,5.00E+12,Buscopan Ibs Relief 40tabs,2,16.68,2.78,0
  21/5/25 ,5.01E+12,Clotrimazole 1% Cream,2,8.58,1.44,0
  21/5/25 ,5.02E+12,CO/Codamol 32s,2,7.98,1.34,0
  21/5/25 ,5.01E+12,COVONIA DRY TICKLY SF,4,27.96,4.68,0
  21/5/25 ,3.57E+12,Daktarin Intensive Cream 15g,2,15.38,2.56,0
  21/5/25 ,5.01E+12,DEEP FREEZE cold gel 35g,4,10.36,1.72,0
  21/5/25 ,42405962,DEXTRO BLUEBERRY,2,1.58,0.26,0
  21/5/25 ,50184262,Dextro Energy B/currant 47g,2,1.58,0,0
  21/5/25 ,50184491,Dextro Energy Tropical,2,1.58,0,0
  21/5/25 ,27122301,DISPENSARY SALE,4,62.56,10.44,0
  21/5/25 ,5.03E+12,EARCALM,4,35.96,6,0
  21/5/25 ,4.01E+12,ELASTOPLAST dressings sensitive xl 6cm x 7cm 5,2,8.64,1.44,0
  21/5/25 ,4.01E+12,Eplast Fab/wsh/proof18s,2,5.26,0.88,0
  21/5/25 ,50084470,Fishermans Friend B/curt 25g,8,6.32,1.06,0
  21/5/25 ,5.06E+12,FOLIC ACID 400UG,2,3.6,0.6,0
  21/5/25 ,5.00E+12,Gaviscon Dble Action Tablets Mint 24,2,10.98,1.84,0
  21/5/25 ,74312002571,GENTLE IRON COMPLEX 100 CAPSULES,4,19.8,3.32,0
  21/5/25 ,5.01E+12,Germoline Antiseptic Crm 55g,2,7.78,1.3,0
  21/5/25 ,5.01E+12,Germoloids Crm 25g,4,18.76,3.12,0
  21/5/25 ,4.03E+12,Hyloforte Drops 10ml,4,35.96,6,0
  21/5/25 ,5.06E+12,IBUPROFEN 400MG TABLETS,4,23.96,4,0
  21/5/25 ,5.03E+12,KWELLS 12 TABLETS,4,15.96,2.68,0
  21/5/25 ,5.06E+12,Lactulose 3.3g/5ml Oral Solusion,2,12.58,2.1,0
  21/5/25 ,5.00E+12,LEMSIP MAX COLD/FLU CAPS 16s,4,17.96,3,0
  21/5/25 ,5.01E+12,Lyclear Dermal Crm 30g Dermal Cream  5%,4,47.72,7.96,0
  21/5/25 ,87108132,MENTOS,16,10.4,1.76,0
  21/5/25 ,7.32E+12,Mepore Dressing 7x8cm,28,9.8,1.64,0
  21/5/25 ,991,MISC,6,12.16,2.04,0
  21/5/25 ,5.06E+12,MURINE eye drops dry & tired eye drops 0.15% 15ml,4,16.28,2.72,0
  21/5/25 ,5.00E+12,NEXIUM CONTROL 20MG,4,51.96,8.68,0
  21/5/25 ,5.01E+12,Night Time Sleep Aid 25mg 20 Tabs,2,7.78,1.3,0
  21/5/25 ,5.00E+12,Nurofen Cold&flurelief 16s,2,10.98,1.84,0
  21/5/25 ,5.00E+12,NUROFEN PLUS TABLETS 32,8,90.32,15.04,0
  21/5/25 ,5.01E+12,NYTOL ONE A NGT 20 TABLETS,2,16.38,2.74,0
  21/5/25 ,5.06E+12,Orajel Mouth Gel 10% Blue 5.3g,4,19.16,3.2,0
  21/5/25 ,3.57E+12,Ovex Tablet Single Tablet,2,10.58,1.76,0
  21/5/25 ,5.02E+12,Paracetamol Caplets 32,4,6,1,0
  21/5/25 ,5.02E+12,PEPTAC LIQUID antacid liquid peppermint 80mg/5ml/250mg/5ml/133.5mg/5ml 500ml,4,23.68,3.96,0
  21/5/25 ,7.61E+12,RICOLA soothe & clear original herb 75g ,2,2.98,0.5,0
  21/5/25 ,5.05E+12,SENSODYNE toothpaste repair & protect whitening 75ml,2,11.5,1.92,0
  21/5/25 ,5.01E+12,Sinutab Tablets 15s,2,12.98,2.16,0
  21/5/25 ,5.01E+12,SOLPADEINE MAX 24,12,108.84,18.12,0
  21/5/25 ,5.01E+12,SOLPADEINE MAX SOL 24,6,51,8.52,0
  21/5/25 ,5.01E+12,SOLPADINE PLUS 24,4,29.08,4.84,0
  21/5/25 ,5.01E+12,STUGERON 15 TABS,4,21.16,3.52,0
  21/5/25 ,3.57E+12,SUDAFED DECONG TABS 12s,4,19.16,3.2,0
  21/5/25 ,5.02E+12,SUDOCREM 60G,4,13.4,2.24,0
  21/5/25 ,5.02E+12,TWEEZERS,4,7.56,1.28,0
  21/5/25 ,5.02E+12,VALUPAK MULTIVIT 50 one/a/day tablets,4,5.92,1,0
  21/5/25 ,5.02E+12,Valupak Vit D3 1000iu 60s,8,9.12,1.52,0
  21/5/25 ,5.05E+12,voltarol 12hr gel,2,38.98,6.5,0
  21/6/25 ,5.06E+12,3 IN 1 MAKE UP REMOVAL WIPES,4,4,0.68,0
  21/6/25 ,5.06E+12,ALVITA incontinence range pads waterproof bed 60cm x 90cm 30,4,67.96,0,0
  21/6/25 ,5.02E+12,BALANCE ACTIV thrush cream 30ml,4,39.96,6.68,0
  21/6/25 ,5.02E+12,BAMBOO FACECLOTHS,16,63.84,10.72,0
  21/6/25 ,5.01E+12,Beconase H/fever Ad100 Spray,4,31.96,5.32,0
  21/6/25 ,5.01E+12,Beconase Hayfever Nasal Spray 0.05% 180 Doses,4,43.96,7.32,0
  21/6/25 ,5.02E+12,BELLS OTC medicines analgesics paracetamol caplets 500mg  32,8,12,2,0
  21/6/25 ,5.01E+12,BEPANTHEN NAPPY OINT 100g,4,36.76,6.12,0
  21/6/25 ,5.02E+12,CALYPSO sun protection continuous spray spf30 175ml,4,29.96,5,0
  21/6/25 ,8.47E+12,CANESTEN 2% CREAM,8,84.72,14.16,0
  21/6/25 ,5.01E+12,Canesten Internal Cream,4,51.96,8.68,0
  21/6/25 ,5.06E+12,CO CODAMOL 8MG/500MG,8,31.92,5.36,0
  21/6/25 ,4.01E+12,Complan S/berry 57g,40,168,0,0
  21/6/25 ,4.01E+12,Complan Shake Banana 4x57g,8,29.12,0,0
  21/6/25 ,5.01E+12,Daktarin Cream,4,19.96,3.32,0
  21/6/25 ,5.03E+12,Daktarin Crm 2% 15g,4,22.76,3.8,0
  21/6/25 ,5.39E+12,DIORALYTE oral powder sachets blackcurrant 0.53g/3.56g/0.30g/0.47g  6,4,19.96,3.32,0
  21/6/25 ,27122301,DISPENSARY SALE,8,16,2.64,0
  21/6/25 ,4.01E+12,Eplast Fabric Plasters 10,4,11.56,1.92,0
  21/6/25 ,96190968,EURAX HC CREAM,4,19.96,3.32,0
  21/6/25 ,6.92E+12,FLOWFLEX lateral flow test kits  5,8,72,12,0
  21/6/25 ,5.02E+12,Fluconazole 150mg Capsule,8,31.92,5.36,0
  21/6/25 ,5.02E+12,GALPHARM treathay tablets f/c 120mg  30,4,27.96,4.68,0
  21/6/25 ,7.62E+12,Halls Soothers Honey&lemon 10 Honey And Lemon,4,3.4,0.56,0
  21/6/25 ,7.35E+12,HC45 HYDROCORTISONE CREAM,4,23.96,4,0
  21/6/25 ,5.06E+12,IBUPROFEN 400MG,4,11.16,1.88,0
  21/6/25 ,5.03E+12,Imodium Caps 2mg 6 Tabs,4,16.72,2.8,0
  21/6/25 ,5.01E+12,Jungle Formula Dry Protect Spray 125ml,8,79.92,13.36,0
  21/6/25 ,5.03E+12,KLEENEX original tissues  64,4,5,0.84,0
  21/6/25 ,5.03E+12,KWELLS 12 TABLETS,4,15.96,2.68,0
  21/6/25 ,5.06E+12,LEVONORGESTREL 1.5MG TAB,4,80,13.32,0
  21/6/25 ,5.06E+12,LOPERAMIDE ORAL LYOPHILISATE 2X6 TABLETS,4,28.72,4.8,0
  21/6/25 ,5.01E+12,MAC sore throat lozenges dual action blackcurrant flavour  12,4,9.56,1.6,0
  21/6/25 ,8.10E+11,MEDIHONEY,4,35.4,5.92,0
  21/6/25 ,5.00E+12,Night Nurse 160ml,4,35.96,6,0
  21/6/25 ,5.01E+12,NUMARK co/codamol caplets 8/500mg 32,4,15.96,2.68,0
  21/6/25 ,5.01E+12,NUROFEN PLUS IBUPROFEN.CODEINE 24TAB,4,39.2,6.52,0
  21/6/25 ,5.00E+12,Nurofen Tabs 200mg 24 Tabs,4,15.96,2.68,0
  21/6/25 ,5.01E+12,NYTOL ONE A NGT 20 TABLETS,8,65.52,10.96,0
  21/6/25 ,5.01E+12,OPTICROM HAYFEVER 2%,4,23.96,4,0
  21/6/25 ,5.05E+12,OPTREX eye drops hayfever relief 2% 10ml,4,25.96,4.32,0
  21/6/25 ,3.57E+12,OVEX SUSPENSION FAMILY PK 30ml,4,63.96,10.68,0
  21/6/25 ,3.57E+12,Ovex Tablet Single Tablet,8,42.32,7.04,0
  21/6/25 ,5.00E+12,Panadol Extra Sol Tabs 24,4,21.96,3.68,0
  21/6/25 ,5.06E+12,PARACETAMOL TABLETS 500MG,4,6,1,0
  21/6/25 ,5.00E+12,Piriton Syrup 2mg/5ml 150ml,8,47.92,8,0
  21/6/25 ,7.61E+12,Ricola Drops 45g S/f Lemon Mint Box,8,11.6,1.92,0
  21/6/25 ,5.02E+12,Safe & Sound Safety Pins,4,5.8,0.96,0
  21/6/25 ,5.01E+12,SAVLON 15G,4,7.16,1.2,0
  21/6/25 ,5.06E+12,SILEX covid self test  1,4,9.96,1.68,0
  21/6/25 ,5.01E+12,SOLPADEINE MAX 24,4,36.28,6.04,0
  21/6/25 ,5.01E+12,SOLPADEINE MAX SOL 24,12,102,17.04,0
  21/6/25 ,7.32E+12,TENA men pants active fit grey small/medium 9,4,34,0,0
  21/6/25 ,5.02E+12,Valupak Vit E 100iu 30 Caps,8,11.84,2,0
  21/6/25 ,42182627,VASELINE PETRO JELLY 50ML,4,5.56,0.92,0
  21/6/25 ,5.05E+12,Voltarol 12hr EmugeL/P 50g,4,47.96,8,0
  21/6/25 ,5.03E+12,WISDOM toothbrushes regular medium  3,4,5.96,1,0
  21/6/25 ,42070719,WRIGLEYS EXTRA COOL BREEZE,4,3.16,0.52,0
  21/6/25 ,5.05E+12,ZOVIRAX COLD SORE CREAM,8,67.92,11.36,0
  22/5/25 ,6.92E+12,1LFT,4,9.96,1.68,0
  22/5/25 ,5.06E+12,A/Z MULTIVITAMINS & MINERALS,4,7.2,1.2,0
  22/5/25 ,5.06E+12,ALVITA PREGNANCY TEST SINGLE,4,11.96,2,0
  22/5/25 ,5.06E+12,ALVITA surgical dressings crepe bandage cotton BP 10cm x 4.5m,4,27.48,4.6,0
  22/5/25 ,5.00E+12,ANADIN EXTRA ,4,7.96,1.32,0
  22/5/25 ,5.04E+12,Anbesol Adult Strength Gel 0.02%/0.10% W/w/2.0% 10g,8,29.2,4.88,0
  22/5/25 ,5.39E+12,ANTHISAN BITE & STING cream 2% 20g,4,21.96,3.68,0
  22/5/25 ,5.02E+12,BELLS OTC medicines analgesics paracetamol caplets 500mg  32,4,6,1,0
  22/5/25 ,5.01E+12,BF HAND CREAM,4,4,0.68,0
  22/5/25 ,5.00E+12,Buscopan Ibs Relief 40tabs,4,33.36,5.56,0
  22/5/25 ,5.01E+12,Calpol Sfree Inf Susp 200ml,4,30.36,5.08,0
  22/5/25 ,5.01E+12,Cetraben Emoll Crm 50g,4,23.96,4,0
  22/5/25 ,4.08E+12,Clearblue Digital Preg Test Sngle,4,49.16,8.2,0
  22/5/25 ,5.06E+12,CO CODAMOL,4,15.96,2.68,0
  22/5/25 ,3.57E+12,COMPEED blister plasters extreme  5,4,28.28,4.72,0
  22/5/25 ,5.05E+12,CORSODYL mouthwash original alcohol free 0.2% 300ml,4,23.4,3.92,0
  22/5/25 ,5.01E+12,Covonia Throat Spray 30ml,4,36,6,0
  22/5/25 ,5.02E+12,EMERY BOARD,4,5.96,1,0
  22/5/25 ,5.06E+12,Epaderm Cream 50g,4,13.96,2.32,0
  22/5/25 ,5.06E+12,Ferrous Fumarate 210mg Tablets,4,16.56,2.76,0
  22/5/25 ,5.02E+12,Fluconazole 150mg Capsule,4,15.96,2.68,0
  22/5/25 ,5.06E+12,FOLIC ACID 400UG,4,7.2,1.2,0
  22/5/25 ,5.01E+12,GAVISCON ADVANCE PEPPERMINT,4,41.96,7,0
  22/5/25 ,50658053,Halls Cherry,4,3.4,0.56,0
  22/5/25 ,96043509,Halls Citrus sf,4,3.4,0.56,0
  22/5/25 ,50696925,Halls Original,8,6.8,1.12,0
  22/5/25 ,5.03E+12,Halls Soothers Peach,4,3.4,0.56,0
  22/5/25 ,7.35E+12,HC45 HYDROCORTISONE CREAM,4,23.96,4,0
  22/5/25 ,4.03E+12,HYCOSAN EXTRA 7.5ML,4,43.96,7.32,0
  22/5/25 ,5.01E+12,IBUPROFEN 200MG 24S,4,5.96,1,0
  22/5/25 ,5.01E+12,Ibuprofen 200mg 48s,4,11.16,1.88,0
  22/5/25 ,5.02E+12,Iglu Pastilles S/free Past 24s,4,24.48,4.08,0
  22/5/25 ,5.02E+12,Laxido Orange (keep),4,23.68,3.96,0
  22/5/25 ,5.06E+12,LORATADINE 10MG,4,14.92,2.48,0
  22/5/25 ,5.01E+12,MAC sore throat lozenges dual action blackcurrant flavour  12,4,9.56,1.6,0
  22/5/25 ,8.10E+11,MEDIHONEY,4,35.4,5.92,0
  22/5/25 ,5.06E+12,MIGRAINE RELIEF BUCCAL,8,55.92,9.32,0
  22/5/25 ,991,MISC,20,28.8,4.84,0
  22/5/25 ,5.01E+12,NYTOL ONE A NGT 20 TABLETS,8,65.52,10.96,0
  22/5/25 ,5.00E+12,OLBAS oil 30ml,4,31.96,5.32,0
  22/5/25 ,5.06E+12,Orajel Ex Dental Gel 5.3g,4,25.96,4.32,0
  22/5/25 ,5.02E+12,PARACETAMOL CAPS 500mg 16,12,6.6,1.08,0
  22/5/25 ,5.04E+12,Paramol Ets 24 Tabs,4,33.96,5.68,0
  22/5/25 ,5.06E+12,PERMETHRIN CREAM,4,67.6,11.28,0
  22/5/25 ,5.06E+12,POCKET TISSUES,4,5.96,1,0
  22/5/25 ,9.31E+12,QV emollient cream 500g,4,57.96,9.68,0
  22/5/25 ,9.31E+12,QV gentle wash 500ml,4,41.96,7,0
  22/5/25 ,8.72E+12,RADOX shower gel feel refreshed eucalyptus & citrus 225ml,4,7.56,1.28,0
  22/5/25 ,5.01E+12,Rennie Tabs 24 Spearmint,4,12.36,2.08,0
  22/5/25 ,5.01E+12,REPLENS BV relief gel  3,4,39.96,6.68,0
  22/5/25 ,5.01E+12,SAVLON ANTISEPTIC CREAM 60G,4,15.2,2.52,0
  22/5/25 ,8.70E+12,SILVIKRIN hairspray power extreme hold 75ml,4,7.96,1.32,0
  22/5/25 ,5.01E+12,SOLPADEINE MAX 24,12,108.84,18.12,0
  22/5/25 ,5.01E+12,SOLPADINE PLUSE 24CAP,8,55.12,9.2,0
  22/5/25 ,5.01E+12,STERIMAR nasal spray hayfever 50ml ,4,19.96,3.32,0
  22/5/25 ,3.57E+12,sudafed sinus max strength cap,4,19.96,3.32,0
  22/5/25 ,5.01E+12,Vagisil Med Crm 30g,4,22.24,3.72,0
  22/5/25 ,5.02E+12,Valupak Calcium & Vit D 400mg 30s,8,9.12,1.52,0
  22/5/25 ,5.02E+12,Valupak Vit D3 1000iu 60s,4,4.56,0.76,0
  22/5/25 ,5.02E+12,Valupak Zinc 10mg 60,4,4.56,0.76,0
  22/5/25 ,4.03E+12,Viscotears Liquid Gel,4,18.88,3.16,0
  22/5/25 ,33984031807,VITAMIN B12 100UG,4,15,2.52,0
  22/5/25 ,5.05E+12,Voltarol Heat Patch Non Medicated,4,23.16,3.88,0
  22/5/25 ,5.05E+12,VOLTAROL PLASTER,4,33.96,5.68,0
  22/5/25 ,5.02E+12,WELLKID liquid calcium 150ml ,4,19.8,3.32,0
  22/5/25 ,5.02E+12,WELLWOMAN 70+ tablets   30,4,39.8,6.64,0
  22/5/25 ,5.02E+12,WINDEZE 20S GEL,8,39.92,6.64,0
  22/5/25 ,5.03E+12,WISDOM toothbrushes fresh effect sensitive,4,7.96,1.32,0
  22/5/25 ,5.01E+12,ZIPAMOL PLUS effervescent tablets 8/500mg  32,4,23.96,4,0
  23/5/25 ,5.06E+12,3 IN 1 MAKE UP REMOVAL WIPES,8,8,1.36,0
  23/5/25 ,5.06E+12,Antihistamine Tablets 4mg 28s,8,23.92,4,0
  23/5/25 ,5.01E+12,ANUSOL HC SUPPOSITORIES,4,27.16,4.52,0
  23/5/25 ,3.57E+12,Aveeno Moist Crm Oil 300ml,4,35.64,5.96,0
  23/5/25 ,5.00E+12,Bach Rescue Remedy Ngt Drop 10ml,4,33.96,5.68,0
  23/5/25 ,5.02E+12,BELLS OTC medicines analgesics paracetamol caplets 500mg  32,20,30,5,0
  23/5/25 ,3.57E+12,Benadryl Relief Plus 12s,4,27.96,4.68,0
  23/5/25 ,5.06E+12,CB 12 spray 15ml ,4,10.36,1.72,0
  23/5/25 ,5.01E+12,CETRABEN cream 475ml,4,67.96,11.32,0
  23/5/25 ,5.06E+12,CHLORPHENAMINE,4,11.96,2,0
  23/5/25 ,5.06E+12,CO CODAMOL,8,31.92,5.36,0
  23/5/25 ,4.01E+12,Complan Shake Banana 4x57g,8,29.12,0,0
  23/5/25 ,5.05E+12,CORSODYL mouthwash original alcohol free 0.2% 300ml,4,23.4,3.92,0
  23/5/25 ,5.01E+12,COVONIA medicated lozenges lemon 5mg/1mg  36,4,31.2,5.2,0
  23/5/25 ,5.01E+12,Covonia Throat Spray 30ml,4,36,6,0
  23/5/25 ,5.01E+12,DEEP FREEZE cold gel 35g,8,20.72,3.44,0
  23/5/25 ,5.01E+12,Deep Heat Heat Rub 100g Heat Rub,4,21.8,3.64,0
  23/5/25 ,5.01E+12,Deep Heat Patch x4,12,99,16.52,0
  23/5/25 ,27122301,DISPENSARY SALE,8,105.96,17.64,0
  23/5/25 ,5.00E+12,Dulcolax 5mg Gastro Tabs 20,4,12.56,2.08,0
  23/5/25 ,5.02E+12,EMERY BOARD,4,5.96,1,0
  23/5/25 ,5.06E+12,EMLA 5% CREAM,4,16.2,2.72,0
  23/5/25 ,5.01E+12,Eurax Crm 100g Tube Cream  10%,8,71.92,12,0
  23/5/25 ,5.04E+12,Full Marks Soln 100ml,4,37.28,6.2,0
  23/5/25 ,5.00E+12,Fybogel Sachets Orange,4,39.52,6.6,0
  23/5/25 ,5.02E+12,GALPHARM treathay tablets f/c 120mg  10,4,15.96,2.68,0
  23/5/25 ,5.01E+12,Germoloids Cream 55g,4,34.76,5.8,0
  23/5/25 ,5.06E+12,IBUPROFEN 400MG TABLETS,4,23.96,4,0
  23/5/25 ,5.06E+12,IBUPROFEN AMD CODEINE,12,101.88,17.04,0
  23/5/25 ,5.02E+12,Iglu Pastilles S/free Past 24s,4,24.48,4.08,0
  23/5/25 ,5.02E+12,Infacol Drops 50ml,4,23.96,4,0
  23/5/25 ,6.00E+12,KEDLEY ELBOW SUPPORT,4,31.96,5.32,0
  23/5/25 ,6.00E+12,KEDLEY TENNIS ELBOW,4,31.96,5.32,0
  23/5/25 ,5.02E+12,LOPERAMIDE 2MG,8,30.72,5.12,0
  23/5/25 ,3.36E+12,MILTON STERILISING TABLETS,4,18,3,0
  23/5/25 ,991,MISC,4,5.16,0.88,0
  23/5/25 ,5.02E+12,MURRAYS emery boards 11cm  11cm,4,4.2,0.72,0
  23/5/25 ,5.00E+12,Night Nurse 160ml,4,35.96,6,0
  23/5/25 ,5.01E+12,NIGHTTIME DUMMIES GLOW IN DARK,4,29.96,5,0
  23/5/25 ,5.01E+12,NYTOL ONE A NGT 20 TABLETS,4,32.76,5.48,0
  23/5/25 ,50483488,OPTREX BLOODSHOT EYE DROPS 10ml,4,19.96,3.32,0
  23/5/25 ,5.06E+12,Orajel Ex Dental Gel 5.3g,4,25.96,4.32,0
  23/5/25 ,5.05E+12,OTRIVINE nasal spray with khone spray congestion relief 0.1% 10ml,4,24,4,0
  23/5/25 ,5.02E+12,PARACETAMOL CAPLETS 16S,4,3.4,0.56,0
  23/5/25 ,5.02E+12,PARACETAMOL CAPS 500mg 16,12,6.6,1.08,0
  23/5/25 ,5.00E+12,Paracetamol Soluble 500mg Tabs,4,17.96,3,0
  23/5/25 ,5.04E+12,Paramol Tabs Ets 32,8,79.92,13.36,0
  23/5/25 ,5.02E+12,PERRIGO heartburn & acid reflux control capsules 20mg  14,4,23.04,3.84,0
  23/5/25 ,5.00E+12,Piriteze Allergy Syrup 70ml,8,48.72,8.16,0
  23/5/25 ,5.05E+12,Piriton Allergy Tabs 30 Tabs,4,19.96,3.32,0
  23/5/25 ,5.03E+12,PYROCALM CONTROL 20MG 7TAB,4,25.68,4.28,0
  23/5/25 ,8.72E+12,RADOX shower gel feel moisturised oat & chamomile 225ml,4,7.56,1.28,0
  23/5/25 ,5.01E+12,Rennie Tabs 24 Spearmint,4,12.36,2.08,0
  23/5/25 ,5.02E+12,SAFE & SOUND medicine organisers 7 day pill box am / pm,4,33.96,5.68,0
  23/5/25 ,5.00E+12,Scholl Corn Removal Plasters,4,13.96,2.32,0
  23/5/25 ,8.72E+12,SIMPLE face kind to skin cleansing wipes  25,4,8,1.32,0
  23/5/25 ,5.05E+12,SIMPLE soap bar 100g 2,4,7.96,1.32,0
  23/5/25 ,5.01E+12,Sinutab Tablets 15s,4,25.96,4.32,0
  23/5/25 ,5.04E+12,SKIN CLOSURE STRIPS,4,11.96,2,0
  23/5/25 ,5.01E+12,SOLPADEINE MAX 24,16,145.12,24.16,0
  23/5/25 ,5.01E+12,SOLPADEINE MAX SOL 24,8,68,11.36,0
  23/5/25 ,5.01E+12,SOLPADINE PLUS 24,8,58.16,9.68,0
  23/5/25 ,3.33E+12,Sterimar Baby,4,19.96,3.32,0
  23/5/25 ,5.00E+12,Strepsils Extra Blackc 24s,4,23.56,3.92,0
  23/5/25 ,5.01E+12,STUGERON 15 TABS,4,21.16,3.52,0
  23/5/25 ,3.57E+12,sudafed sinus max strength cap,4,19.96,3.32,0
  23/5/25 ,5.06E+12,SURESIGN,8,19.92,3.36,0
  23/5/25 ,3.57E+12,T/GEL shampoo dry hair 250ml ,4,34.04,5.68,0
  23/5/25 ,7.32E+12,TEPE interdental brushes blue 0.6mm 6,4,17.2,2.88,0
  23/5/25 ,3.66E+12,Thealoz Duo Dry Eye Drps 10ml,8,111.92,18.64,0
  23/5/25 ,7.33E+12,Tubigrip 1m Size C,4,19.96,3.32,0
  23/5/25 ,5.06E+12,Ultra Chlora Cherry Spy 15ml,4,24.6,4.12,0
  23/5/25 ,5.02E+12,ULTRA minerals tablets magnesium 375mg  60,4,23.8,3.96,0
  23/5/25 ,42182627,VASELINE PETRO JELLY 50ML,4,5.56,0.92,0
  23/5/25 ,8.71E+12,VASELINE Vaseline Aloe Soothe Lotion 400ml,4,21.56,3.6,0
  23/5/25 ,5.01E+12,ZIPAMOL PLUS effervescent tablets 8/500mg  32,4,23.96,4,0
  23/6/25   ,5.00E+12,ANADIN EXTRA ,8,15.92,2.64,0
  23/6/25   ,5.02E+12,Anhydrol Forte Roll on,4,16.04,2.68,0
  23/6/25   ,5.01E+12,Beconase Hayfever Nasal Spray 0.05% 180 Doses,4,43.96,7.32,0
  23/6/25   ,5.02E+12,BELLS OTC medicines analgesics paracetamol caplets 500mg  32,20,30,5,0
  23/6/25   ,3.57E+12,Benylin Dry Cough Night 150ml,4,31.96,5.32,0
  23/6/25   ,3.57E+12,Benylin Mucus Cof + Decongest 100ml Mucus Cough + Decongestant,4,22.76,3.8,0
  23/6/25   ,5.60E+12,Benzydamine 0.15% Oromucosal Spray,4,27.96,4.68,0
  23/6/25   ,5.05E+12,CENTRUM ADVANCE 50 PLUS,4,25.76,4.28,0
  23/6/25   ,5.02E+12,Cetirizine 10mg 30 Tablets,4,15.96,2.68,0
  23/6/25   ,5.00E+12,CHAPSTICK lip balm original card single,4,6.36,1.08,0
  23/6/25   ,4.08E+12,Clearblue Digital Preg Test Sngle,4,49.16,8.2,0
  23/6/25   ,5.06E+12,CO CODAMOL 8MG/500MG,4,15.96,2.68,0
  23/6/25   ,5.01E+12,Covonia Dry&tckly Linctus 150ml,4,27.96,4.68,0
  23/6/25   ,5.01E+12,Covonia Original Balsam,4,28,4.68,0
  23/6/25   ,5.01E+12,Covonia Throat Spray 30ml,4,36,6,0
  23/6/25   ,5.03E+12,Daktacort Hc Cream 15g,4,30.76,5.12,0
  23/6/25   ,50184262,Dextro Energy B/currant 47g,4,3.16,0,0
  23/6/25   ,76111587,Dextro Energy Classic 47g,4,3.16,0,0
  23/6/25   ,76111570,Dextro Lemon,4,3.16,0.52,0
  23/6/25   ,5.00E+12,Disprin Tabs 32 Tablets  300mg,4,11.96,2,0
  23/6/25   ,8.72E+12,DOVE CLASSIC  ,4,10,1.68,0
  23/6/25   ,7.35E+12,EAR PLUGS 2P CHILDREN,4,15.96,2.68,0
  23/6/25   ,5.01E+12,Femfresh Wipes 25s,4,11.96,2,0
  23/6/25   ,33984017603,FISH OIL CONCENTRATE 1000MG 60 SOFTGELS,4,31.12,5.2,0
  23/6/25   ,50357475,Fishermens Friend Cherry Loz 25g,4,3.16,0.52,0
  23/6/25   ,5.02E+12,GALPHARM treathay tablets f/c 120mg  30,4,27.96,4.68,0
  23/6/25   ,5.00E+12,Gaviscon Double Act Liq 300ml Peppermint,4,35.96,6,0
  23/6/25   ,5.01E+12,GERMOLENE ANTISEPT CREAM 30g,4,12.8,2.12,0
  23/6/25   ,50658053,Halls Cherry,4,3.4,0.56,0
  23/6/25   ,50696925,Halls Original,4,3.4,0.56,0
  23/6/25   ,7.62E+12,Halls Soothers Honey&lemon 10 Honey And Lemon,4,3.4,0.56,0
  23/6/25   ,5.03E+12,Halls Soothers S/Berry,4,3.4,0.56,0
  23/6/25   ,5.01E+12,Ibuprofen 400mg Tablets,4,11.16,1.88,0
  23/6/25   ,5.06E+12,IBUPROFEN AMD CODEINE,4,33.96,5.68,0
  23/6/25   ,5.06E+12,Ibuprofen Tablets 200mg 24,4,8.2,1.36,0
  23/6/25   ,5.02E+12,Iglu Pastilles S/free Past 24s,4,24.48,4.08,0
  23/6/25   ,3.57E+12,Imodium Instants 12s,4,32.96,5.48,0
  23/6/25   ,8.71E+12,IMPULSE body spray very pink  75ml,4,8.96,1.48,0
  23/6/25   ,8.72E+12,Impulse Tease 75ml,4,8.96,1.48,0
  23/6/25   ,5.02E+12,Infacol Drops 50ml,4,23.96,4,0
  23/6/25   ,5.06E+12,INFRARED MUTI/FUNCTION EAR THERMOMETER,4,79.96,13.32,0
  23/6/25   ,5.03E+12,JAKEMANS menthol lozenges throat & chest 73g,4,3.96,0.68,0
  23/6/25   ,3.57E+12,Johnsons Baby Oil 200ml,4,5.96,1,0
  23/6/25   ,5.01E+12,JUST FOR MEN shampoo/in hair colourant dark brown H45,4,39,6.52,0
  23/6/25   ,5.02E+12,KIDS HOT COLD COMPRESS,4,35.96,6,0
  23/6/25   ,5.02E+12,KIDS HOT COLD PACK,4,19.96,3.32,0
  23/6/25   ,5.03E+12,KWELLS KIDS,4,15.96,2.68,0
  23/6/25   ,5.00E+12,LEMSIP MAX COLD/FLU CAPS 16s,4,17.96,3,0
  23/6/25   ,5.00E+12,Lemsip Max Cold/flu Sach 5 Blackcurrant,4,15.56,2.6,0
  23/6/25   ,10126165,LYCLEAR CREME RINSE,4,47.96,8,0
  23/6/25   ,5.06E+12,MELBOURNE SPRING WATER,4,4,0.68,0
  23/6/25   ,5.00E+12,MELOLIN 5CMX5CM,8,16.8,2.8,0
  23/6/25   ,5.00E+12,MELOLIN ADHESIVE low/adhesive absorbent dressing pads consumer/OTC pack  8.3cm x 6cm 5,4,14.16,2.36,0
  23/6/25   ,5.02E+12,MERIDIANA body & back buff with handle,4,14.6,2.44,0
  23/6/25   ,5.02E+12,Murrays Hard Skin Remover,4,10.36,1.72,0
  23/6/25   ,5.05E+12,Night Nurse Capsules 10,4,28.64,4.76,0
  23/6/25   ,5.01E+12,Night Time Sleep Aid 25mg 20 Tabs,4,15.56,2.6,0
  23/6/25   ,5.01E+12,NUMARK co/codamol caplets 8/500mg 32,8,31.92,5.36,0
  23/6/25   ,5.00E+12,Nurofen Child Strawberry 100ml,4,17,2.84,0
  23/6/25   ,5.01E+12,NUROFEN PLUS IBUPROFEN.CODEINE 24TAB,4,39.2,6.52,0
  23/6/25   ,5.01E+12,Nytol Orginal 25mg 20s,4,23.96,4,0
  23/6/25   ,5.01E+12,OPTREX eye wash multi action 300ml,4,31.96,5.32,0
  23/6/25   ,50007592,Optrex Refreshing Eye Drops 10ml,4,19.96,3.32,0
  23/6/25   ,5.02E+12,Otex Ear Drops 5%,8,44.8,7.44,0
  23/6/25   ,7.35E+12,OTOVENT GLUE EAR TREATMENT,4,47.96,8,0
  23/6/25   ,5.06E+12,PARACETAMOL 250MG/5ML ORAL S 200ML,4,24,4,0
  23/6/25   ,5.02E+12,PILL CUTTER,4,14.6,2.44,0
  23/6/25   ,5.05E+12,Piriton Allergy Tabs 4mg 60 Allergy Tablets  4mg,4,33.96,5.68,0
  23/6/25   ,5.00E+12,Piriton Syrup 2mg/5ml 150ml,4,23.96,4,0
  23/6/25   ,5.02E+12,POCKET COMB,4,9.16,1.52,0
  23/6/25   ,5.01E+12,Rennie Deflatine,4,31.16,5.2,0
  23/6/25   ,5.01E+12,Rennie Tabs Peppermint 72s,4,25.16,4.2,0
  23/6/25   ,5.00E+12,ROBITUSSIN CHESTY CGH 250ml,4,33.96,5.68,0
  23/6/25   ,5.01E+12,Sodium Bicarbonate 5% Ear Drops,4,15.16,2.52,0
  23/6/25   ,5.01E+12,SOLPADINE PLUS 24,8,58.16,9.68,0
  23/6/25   ,5.01E+12,SOLPADINE PLUSE 24CAP,4,27.56,4.6,0
  23/6/25   ,5.01E+12,Sterimar Isotonic Nasal Spry 100ml,4,27.16,4.52,0
  23/6/25   ,3.57E+12,SUDAFED blocked nose & sinus capsules 25mg/500mg/6.1mg  16,4,21,3.52,0
  23/6/25   ,7.32E+12,Tena Pants Super Large,4,53,0,0
  23/6/25   ,7.32E+12,TENA unisex pants maxi medium 10,4,67.8,0,0
  23/6/25   ,5.06E+12,TRUE SMILE CHARCOAL TOOTHPASTE,4,5.16,0.88,0
  23/6/25   ,5.06E+12,Ultra Chlora Cherry Spy 15ml,4,24.6,4.12,0
  23/6/25   ,5.00E+12,Vicks Sinex Micromist 15ml,4,23.12,3.84,0
  23/6/25   ,5.01E+12,ZEROCREAM cream 50g,4,8.76,1.48,0
  23/6/25   ,5.01E+12,ZIPAMOL PLUS effervescent tablets 8/500mg  32,4,23.96,4,0
  23/6/25   ,5.05E+12,ZOVIRAX COLD SORE CREAM,4,33.96,5.68,0
  24/5/25 ,5.01E+12,Actifed MultI/Action Tabs 12s,4,23.16,3.88,0
  24/5/25 ,9.34E+12,AEROPLAST transparent standard strip  50,4,10.52,1.76,0
  24/5/25 ,5.06E+12,ALMUS erectile dysfunction relief tablets f/c 50mg  4,4,59.96,10,0
  24/5/25 ,5.06E+12,ALMUS erectile dysfunction relief tablets f/c 50mg  8,4,107.96,18,0
  24/5/25 ,5.06E+12,ALMUS hayfever eye drops 2% 10ml,4,17.96,3,0
  24/5/25 ,5.06E+12,ALMUS ibuprofen tablets 200mg  24,8,8,1.36,0
  24/5/25 ,5.39E+12,ANTHISAN BITE & STING cream 2% 20g,4,21.96,3.68,0
  24/5/25 ,4.01E+12,Aqua Protect 100% Waterproof 20s,4,19.96,3.32,0
  24/5/25 ,5.00E+12,Biotene Moutwash Dry Mouth 500ml,4,35.16,5.88,0
  24/5/25 ,5.01E+12,CANESTEN 2% CREAM 20g,4,42.36,7.08,0
  24/5/25 ,83078007133,CARMEX PEACH & MANGO,4,13.96,2.32,0
  24/5/25 ,5.06E+12,CB 12 spray 15ml ,4,10.36,1.72,0
  24/5/25 ,5.01E+12,CETRABEN cream 475ml,4,67.96,11.32,0
  24/5/25 ,5.01E+12,Cetraben Emoll Crm 50g,4,23.96,4,0
  24/5/25 ,5.03E+12,Cetraben Emollient Cream,8,60.88,10.16,0
  24/5/25 ,5.06E+12,CO CODAMOL,20,79.8,13.4,0
  24/5/25 ,5.10E+12,Colofac Ibs 15 Tabs,4,20.4,3.4,0
  24/5/25 ,5.02E+12,COMPACT MIRROR  ,4,7.96,1.32,0
  24/5/25 ,5.43E+12,COOL CAPS,4,5.16,0.88,0
  24/5/25 ,5.00E+12,Corsodyl M/wash Alc Free 300ml,4,23.4,3.92,0
  24/5/25 ,50184262,Dextro Energy B/currant 47g,8,6.32,0,0
  24/5/25 ,5.39E+12,DIORALYTE oral powder sachets natural 0.53g/3.56g/0.30g/0.47g  6,4,19.96,3.32,0
  24/5/25 ,5.06E+12,Epaderm Cream 50g,4,13.96,2.32,0
  24/5/25 ,4.01E+12,EUCERIN urea repair plus dry skin foot cream 100ml,4,44,7.32,0
  24/5/25 ,5.02E+12,Fluconazole 150mg Capsule,8,31.92,5.36,0
  24/5/25 ,5.00E+12,Gaviscon Adv Tabs 60 Mint,4,25.28,4.2,0
  24/5/25 ,5.02E+12,IBULEVE max strength pain relief gel 10% 50g,4,32,5.32,0
  24/5/25 ,5.06E+12,IBUPROFEN AMD CODEINE,4,33.96,5.68,0
  24/5/25 ,5.06E+12,ISPAGHULA HUSK,4,16.6,2.2,3.32
  24/5/25 ,5.03E+12,JAKEMANS menthol lozenges honey & lemon 73g,8,7.92,1.36,0
  24/5/25 ,6.00E+12,KEDLEY KNEE SUPPORT ,4,35.96,6,0
  24/5/25 ,5.02E+12,Laxido Orange (keep),4,23.68,3.96,0
  24/5/25 ,5.02E+12,LITTLE HEROES BBY WIPES,4,8,1.32,0
  24/5/25 ,5.06E+12,MELBOURNE SPRING WATER,4,4,0.68,0
  24/5/25 ,5.00E+12,MELOLIN 5CMX5CM,4,8.4,1.4,0
  24/5/25 ,5.00E+12,Melolin Dressing Pads 10x10cm,8,37.44,6.24,0
  24/5/25 ,7.32E+12,Mepore Dressing 7x8cm,20,7,1.2,0
  24/5/25 ,5.02E+12,MURRAYS files & buffers nail styler 15cm,4,7.56,1.28,0
  24/5/25 ,5.02E+12,MURRAYS files & buffers stainless steel foot file,4,15.96,2.68,0
  24/5/25 ,5.05E+12,Night Nurse Capsules 10,4,28.64,4.76,0
  24/5/25 ,5.01E+12,Night Time Sleep Aid 25mg 20 Tabs,8,31.12,5.2,0
  24/5/25 ,4.06E+12,NUMARK IBUPROFEN 400MG 24S,4,19.96,3.32,0
  24/5/25 ,5.00E+12,Nurofen Joint&back Max Tabs 512mg 24 Tablets,4,39.96,6.68,0
  24/5/25 ,5.39E+12,Optase Tto Lid Wipes,4,39.8,6.64,0
  24/5/25 ,50483464,Optrex Infected Eye Drops,4,31.96,5.32,0
  24/5/25 ,5.06E+12,Orajel Dental Gel10% 5.3g,4,19.16,3.2,0
  24/5/25 ,5.43E+12,PAPER MINTS,4,6.76,1.12,0
  24/5/25 ,5.05E+12,Piriton Allergy Tabs 4mg 60 Allergy Tablets  4mg,4,33.96,5.68,0
  24/5/25 ,5.00E+12,Robitussin Dry Cough,4,29.96,5,0
  24/5/25 ,5.02E+12,SAFE & SOUND first aid bandages & dressings finger cots latex,4,11.16,1.88,0
  24/5/25 ,5.02E+12,SAFE & SOUND thermometer rigid digital  ,4,29.96,5,0
  24/5/25 ,5.02E+12,SAFE&SOUND STER ADHESIVE WATERPROOF,16,16,2.72,0
  24/5/25 ,5.01E+12,Senokot Liq 150ml,4,27.96,4.68,0
  24/5/25 ,5.05E+12,SENSODYNE toothpaste repair & protect whitening 75ml,4,23,3.84,0
  24/5/25 ,4.06E+12,Silvikrin H/spray Max Firm Hold 250ml,4,10.76,1.8,0
  24/5/25 ,5.01E+12,Sinutab Tablets 15s,8,51.92,8.64,0
  24/5/25 ,5.04E+12,SKIN CLOSURE STRIPS,4,11.96,2,0
  24/5/25 ,5.01E+12,SOLPADEINE MAX 24,8,72.56,12.08,0
  24/5/25 ,5.01E+12,SOLPADEINE MAX SOL 24,36,306,51.12,0
  24/5/25 ,5.01E+12,SOLPADINE PLUS 24,4,29.08,4.84,0
  24/5/25 ,5.01E+12,STREFEN HONEY & LEMON,4,27.96,4.68,0
  24/5/25 ,8.00E+12,TAMPAX compak tampons super  18,4,13.96,0,0
  24/5/25 ,5.02E+12,Valupak Vit D3 1000iu 60s,4,4.56,0.76,0
  24/5/25 ,42182658,Vaseline Petro Jelly 250ml,4,11.2,1.88,0
  24/5/25 ,5.41E+12,WARTNER cryo freeze 14ml,4,79.96,13.32,0
  24/5/25 ,5.03E+12,WISDOM toothpaste active whitening instant bright 75ml,4,15.96,2.68,0
  24/5/25 ,,WRIST SPLINT,4,51.96,8.68,0
  24/5/25 ,1.04E+18,ZETUVIT 20CMX20CM,36,36,6,0
  24/5/25 ,5.01E+12,ZIPAMOL PLUS effervescent tablets 8/500mg  32,4,23.96,4,0
  24/6/25 ,,4,22,3.68,0,
  24/6/25 ,9.34E+12,AEROFILMPLUS waterproof island dressing 9cm x 10cm 3,4,25.4,4.24,0
  24/6/25 ,5.06E+12,ALMUS CLOTRIMAZOLE 1% 20G,1,3.99,0.67,0
  24/6/25 ,5.06E+12,ALMUS PARACETAMOL ORAL S 2MPLUS,4,14.36,2.4,0
  24/6/25 ,5.06E+12,ALMUS vapour rub 50g,4,7.96,1.32,0
  24/6/25 ,5.00E+12,ANADIN EXTRA ,4,7.96,1.32,0
  24/6/25 ,5.01E+12,Anusol Ointment 25g,8,34.32,5.76,0
  24/6/25 ,5.00E+12,AQUAFRESH mouthwash big teeth original 300ml,4,9.6,1.6,0
  24/6/25 ,5.06E+12,ARNICA CREAM,4,6.36,1.08,0
  24/6/25 ,5.06E+12,Baby Cotton Pads,4,4.6,0.76,0
  24/6/25 ,5.02E+12,Bazuka Treatment Gel 6g,4,25.6,4.28,0
  24/6/25 ,5.02E+12,BELLS OTC medicines analgesics paracetamol caplets 500mg  32,20,30,5,0
  24/6/25 ,5.01E+12,Buttercup Bronchostop Syr 200ml,4,43.96,7.32,0
  24/6/25 ,5.01E+12,Canesten Crm 1% 20g,4,20.76,3.48,0
  24/6/25 ,5.01E+12,CETRABEN cream 200ml,4,44.4,7.4,0
  24/6/25 ,88300196890,CKIN2U HIM,4,106.04,17.68,0
  24/6/25 ,5.02E+12,Colpermin Ibs Capsules 20,4,31.96,5.32,0
  24/6/25 ,5.01E+12,Covonia Dry&tckly Linctus 150ml,4,27.96,4.68,0
  24/6/25 ,5.00E+12,Cuprofens 400mg 96s,4,39.56,6.6,0
  24/6/25 ,3.57E+12,Daktarin Intensive Cream 15g,4,30.76,5.12,0
  24/6/25 ,5.02E+12,Dermol Cream 100g,4,20.6,3.44,0
  24/6/25 ,42405962,DEXTRO BLUEBERRY,4,3.16,0.52,0
  24/6/25 ,5.39E+12,DIORALYTE oral powder sachets blackcurrant 0.53g/3.56g/0.30g/0.47g  6,4,19.96,3.32,0
  24/6/25 ,5.39E+12,DIORALYTE oral powder sachets natural 0.53g/3.56g/0.30g/0.47g  6,4,19.96,3.32,0
  24/6/25 ,5.00E+12,Dulcoease 100mg 30 Caps,4,26,4.32,0
  24/6/25 ,7.35E+12,E45 ITCH RELIEF CREAM,4,27.96,4.68,0
  24/6/25 ,5.06E+12,EMLA 5% CREAM,4,16.2,2.72,0
  24/6/25 ,4.01E+12,EUCERIN SHAMPOO 250ML,4,50,8.32,0
  24/6/25 ,5.05E+12,FERROUS SULPH TABS 200MG 100,4,18.36,3.08,0
  24/6/25 ,96091722,Fishermans Friend,4,3.16,0.52,0
  24/6/25 ,50357475,Fishermens Friend Cherry Loz 25g,8,6.32,1.04,0
  24/6/25 ,5.00E+12,Gaviscon Dble Act Sachets 12,4,23.96,4,0
  24/6/25 ,7.70E+12,GILLETTE pre/shave fusion 5 hydragel sensitive skin shave gel 200ml,4,13.2,2.2,0
  24/6/25 ,5.03E+12,Halls Soothers Peach,8,6.8,1.12,0
  24/6/25 ,5.01E+12,Hydrocortisone Cream 1% 15g,12,59.88,9.96,0
  24/6/25 ,5.06E+12,IBUPROFEN AMD CODEINE,16,135.84,22.72,0
  24/6/25 ,5.01E+12,J/form PluG/In Mosq Killer,4,43.96,7.32,0
  24/6/25 ,5.01E+12,Jungle Formula Dry Protect Spray 125ml,4,39.96,6.68,0
  24/6/25 ,5.40E+12,JUNIOR BRONCHO 3 YEARS OLD,4,27.96,4.68,0
  24/6/25 ,6.00E+12,KEDLEY KNEE SUPPORT XL,4,25.96,4.32,0
  24/6/25 ,6.00E+12,Kedley Thumb Brace,4,39.96,6.68,0
  24/6/25 ,5.03E+12,KWELLS 12 TABLETS,4,15.96,2.68,0
  24/6/25 ,5.02E+12,Laxido Orange (keep),4,23.68,3.96,0
  24/6/25 ,5.00E+12,Lemsip Max AlL/IN/One Sach Lemon 8 Sachets,4,23.96,4,0
  24/6/25 ,5.00E+12,LEMSIP MAX COLD/FLU CAPS 16s,4,17.96,3,0
  24/6/25 ,5.02E+12,LUNOX sleep aid tablets 50mg  20,4,21.96,3.68,0
  24/6/25 ,5.01E+12,LYCLEAR extra strong shampoo 200ml ,4,63.96,10.68,0
  24/6/25 ,8.72E+12,Lynx Peace Deodrant 150ml,4,13.16,2.2,0
  24/6/25 ,5.00E+12,MELOLIN 5CMX5CM,4,8.4,1.4,0
  24/6/25 ,5.00E+12,MELOLIN ADHESIVE low/adhesive absorbent dressing pads consumer/OTC pack  8.3cm x 6cm 5,4,14.16,2.36,0
  24/6/25 ,991,MISC,8,38.36,6.4,0
  24/6/25 ,5.01E+12,MOVICOL tubular stick pads powder sachets 13.125g/46.6mg/178.5mg/350.7mg  20,4,41.4,6.92,0
  24/6/25 ,5.02E+12,MURRAYS clippers toe nail,4,10.36,1.72,0
  24/6/25 ,5.02E+12,MURRAYS emery boards 11cm  11cm,4,4.2,0.72,0
  24/6/25 ,5.02E+12,MURRAYS files & buffers stainless steel foot file,4,15.96,2.68,0
  24/6/25 ,6.10E+11,NAIL POLISH REMOVER ACETONE FREE,4,5.96,1,0
  24/6/25 ,5.01E+12,NIZORAL ANTI DANDFUFF SHAMPOO 2%,4,35.96,6,0
  24/6/25 ,5.01E+12,NUMARK co/codamol caplets 8/500mg 32,16,63.84,10.72,0
  24/6/25 ,5.01E+12,NUROMOL dual action pain relief tablets 200mg/500mg  16,4,19.96,3.32,0
  24/6/25 ,8.70E+12,ORAL/B toothpaste kids pro kids 0/6yrs 50ml,8,16,2.64,0
  24/6/25 ,8.00E+12,Pampers Sensitive Baby Wipes 52s,4,4.8,0.64,0.96
  24/6/25 ,5.43E+12,PAPER MINTS,12,20.28,3.36,0
  24/6/25 ,5.02E+12,PARACETAMOL CAPS 500mg 16,12,6.6,1.08,0
  24/6/25 ,5.06E+12,Paracetamol Caps 500mg 32,8,16,2.64,0
  24/6/25 ,5.05E+12,Piriton Allergy Tabs 4mg 60 Allergy Tablets  4mg,4,33.96,5.68,0
  24/6/25 ,5.00E+12,Piriton Syrup 2mg/5ml 150ml,8,47.92,8,0
  24/6/25 ,5.01E+12,Senokot Max Strength,4,23.96,4,0
  24/6/25 ,5.06E+12,SILEX covid self test  1,4,9.96,1.68,0
  24/6/25 ,5.01E+12,Solpadeine Headache Soluble,4,11.96,2,0
  24/6/25 ,5.01E+12,SOLPADEINE MAX 24,12,108.84,18.12,0
  24/6/25 ,5.01E+12,SOLPADEINE MAX SOL 24,4,34,5.68,0
  24/6/25 ,5.01E+12,SOLPADINE PLUS 24,4,29.08,4.84,0
  24/6/25 ,5.01E+12,Sterimar Isotonic Nasal Spry 100ml,4,27.16,4.52,0
  24/6/25 ,5.00E+12,Strepsils Hny&lmn 16S,4,13.96,2.32,0
  24/6/25 ,3.57E+12,SUDAFED DECONG TABS 12s,8,38.32,6.4,0
  24/6/25 ,3.57E+12,SUDAFED PLUS blocked nose spray 50mg/ml/1mg/ml 10ml,4,27.96,4.68,0
  24/6/25 ,4.00E+12,Sula Pear Drops,8,11.6,1.92,0
  24/6/25 ,96073964,TEA TREE OIL,4,11.96,2,0
  24/6/25 ,5.01E+12,Vagisil Ph Balance Wash 250ml,4,23.8,3.96,0
  24/6/25 ,42182658,Vaseline Petro Jelly 250ml,4,11.2,1.88,0
  24/6/25 ,5.00E+12,Vicks Sinex Micromist 15ml,4,23.12,3.84,0
  24/6/25 ,5.01E+12,Vicks Sinex Soother Nasal Spry,4,23.12,3.84,0
  24/6/25 ,5.06E+12,VOLTAROL 13 HOUR PAIN RELIEF,4,77.96,13,0
  24/6/25 ,5.01E+12,ZIPAMOL PLUS effervescent tablets 8/500mg  32,4,23.96,4,0
  24/6/25 ,5.06E+12,,,,,
  25/6/25 ,5.01E+12,Actifed MultI/Action Tabs 12s,1,5.79,0.97,0
  25/6/25 ,5.06E+12,ALVITA beauty & toiletries cotton wool balls  100,1,1.49,0.25,0
  25/6/25 ,5.06E+12,ALVITA PREGNANCY TEST SINGLE,1,2.99,0.5,0
  25/6/25 ,5.06E+12,AQUEOUS CREAM,8,8,1.36,0
  25/6/25 ,5.06E+12,AYMES shake compact vanilla 57g 7,2,15.08,0,0
  25/6/25 ,5.02E+12,Bazuka Gel Extra Strength,1,7.4,1.23,0
  25/6/25 ,5.02E+12,BELLS OTC medicines analgesics paracetamol caplets 500mg  32,5,7.5,1.25,0
  25/6/25 ,3.57E+12,Benylin Mucus Relief Ngt 150ml,4,36.36,6.08,0
  25/6/25 ,5.01E+12,BF HAND CREAM,1,1,0.17,0
  25/6/25 ,3.01E+12,Brut Orginal Deo 200ml,1,3.29,0.55,0
  25/6/25 ,5.00E+12,Buscopan Cramps,1,7.29,1.22,0
  25/6/25 ,5.01E+12,Canesten Crm 1% 20g,1,7.19,1.2,0
  25/6/25 ,5.01E+12,Canesten Internal Cream,1,12.99,2.17,0
  25/6/25 ,5.01E+12,Care Decongestant Tabs,2,5.98,1,0
  25/6/25 ,5.02E+12,CHILDRENS ALLERGY RELIEF,2,9.58,1.6,0
  25/6/25 ,4.08E+12,Clearblue One Step Preg Test 1,1,7.99,1.33,0
  25/6/25 ,5.03E+12,Daktacort Hc Cream 15g,1,7.69,1.28,0
  25/6/25 ,5.01E+12,Deep Heat Heat Rub 100g Heat Rub,2,10.9,1.82,0
  25/6/25 ,5.00E+12,DULCOLAX TWELVE PLUS 5MG 40TAB,1,5.82,0.97,0
  25/6/25 ,5.06E+12,EAROL ear wax remover almond oil aftercare spray 10ml,1,6.99,1.17,0
  25/6/25 ,4.01E+12,Eplast Fabric Assort Strips 40,2,9.98,1.66,0
  25/6/25 ,5.01E+12,EURAX cooling itch relief gel 75g,1,5.99,1,0
  25/6/25 ,4.01E+12,FABRIC 1M BY 6CM,1,4.49,0.75,0
  25/6/25 ,5.07E+12,FERROUS SULFATE 200MG,2,4.38,0.74,0
  25/6/25 ,6.92E+12,FLOWFLEX lateral flow test kits  5,1,9,1.5,0
  25/6/25 ,4.03E+12,GEL TEARS 0.2%,1,3.27,0.55,0
  25/6/25 ,5.01E+12,Germolene Wound Care Crm 30g,1,3.99,0.67,0
  25/6/25 ,7.35E+12,HC45 HYDROCORTISONE CREAM,4,23.96,4,0
  25/6/25 ,5.02E+12,IBULEVE max strength pain relief gel 10% 30g,1,6,1,0
  25/6/25 ,5.06E+12,Ibuprofen 400mg Tablets 24TAB,1,2.79,0.47,0
  25/6/25 ,5.06E+12,IBUPROFEN AMD CODEINE,5,42.45,7.1,0
  25/6/25 ,5.06E+12,INFRARED MUTI/FUNCTION EAR THERMOMETER,4,79.96,13.32,0
  25/6/25 ,5.03E+12,JAKEMANS menthol lozenges throat & chest 73g,1,0.99,0.17,0
  25/6/25 ,5.01E+12,JUNGLE FORMULA dry protect spray 90ml ,1,8.99,1.5,0
  25/6/25 ,5.03E+12,KWELLS 12 TABLETS,1,3.99,0.67,0
  25/6/25 ,5.02E+12,LUNOX sleep aid tablets 50mg  20,3,16.47,2.76,0
  25/6/25 ,5.00E+12,Melolin Dressing Pads 10x10cm,1,4.68,0.78,0
  25/6/25 ,50621910,Menthol bp,1,2.19,0.37,0
  25/6/25 ,991,MISC,4,14.56,2.43,0
  25/6/25 ,5.02E+12,NAIL CLIPPER CURVED,1,2.99,0.5,0
  25/6/25 ,5.00E+12,Night Nurse 160ml,2,17.98,3,0
  25/6/25 ,5.05E+12,Night Nurse Capsules 10,1,7.16,1.19,0
  25/6/25 ,4.01E+12,NIVEA MEN shaving foam sensitive 200ml ,1,3.99,0.67,0
  25/6/25 ,5.02E+12,NUAGE body care range aqueous cream 500ml ,2,2.98,0.5,0
  25/6/25 ,5.01E+12,NUMARK co/codamol caplets 8/500mg 32,3,11.97,2.01,0
  25/6/25 ,5.01E+12,NUROFEN PLUS IBUPROFEN.CODEINE 24TAB,2,19.6,3.26,0
  25/6/25 ,5.01E+12,Nytol Orginal 25mg 20s,1,5.99,1,0
  25/6/25 ,5.01E+12,Olive Oil,1,3.99,0.67,0
  25/6/25 ,50483488,OPTREX BLOODSHOT EYE DROPS 10ml,4,19.96,3.32,0
  25/6/25 ,50007592,Optrex Refreshing Eye Drops 10ml,1,4.99,0.83,0
  25/6/25 ,5.01E+12,Ovex Family Pack 4 Tabs,1,13.29,2.22,0
  25/6/25 ,3.57E+12,OVEX SUSPENSION FAMILY PK 30ml,4,63.96,10.68,0
  25/6/25 ,5.05E+12,PANADOL,8,16,2.64,0
  25/6/25 ,5.02E+12,PARACETAMOL CAPSULES,1,2,0.33,0
  25/6/25 ,5.06E+12,PARACETAMOL CAPSULES 32S,5,10,1.65,0
  25/6/25 ,5.04E+12,Paramol Tabs E/t/s 12 Easy To Swallow,4,19.4,3.24,0
  25/6/25 ,5.05E+12,Pirinase Hayfever Nasal Spray 60dse,1,9.5,1.58,0
  25/6/25 ,6.00E+12,POXCLIN COOL MOUSSE,1,10.99,1.83,0
  25/6/25 ,9.31E+12,QV emollient cream 100g,1,6.99,1.17,0
  25/6/25 ,8.72E+12,SANEX shower gel zero % sensitive 450ml,1,3,0.5,0
  25/6/25 ,5.01E+12,SOLPADEINE MAX 24,2,18.14,3.02,0
  25/6/25 ,5.01E+12,SOLPADEINE MAX SOL 24,2,17,2.84,0
  25/6/25 ,5.01E+12,SOLPADINE PLUS 24,1,7.27,1.21,0
  25/6/25 ,3.57E+12,SUDAFED DECONG TABS 12s,1,4.79,0.8,0
  25/6/25 ,3.57E+12,sudafed sinus max strength cap,1,4.99,0.83,0
  25/6/25 ,5.06E+12,SURESIGN blood pressure monitor pulse & irregular heartbeat functions LD588,1,29.99,5,0
  25/6/25 ,5.06E+12,Suresign Thermometers 30 Second Digital,1,4.07,0.68,0
  25/6/25 ,42182658,Vaseline Petro Jelly 250ml,1,2.8,0.47,0
  25/6/25 ,8.71E+12,Vaselne Aloe Bdy Lot 200ml,1,3.65,0.61,0
  25/6/25 ,1.21E+12,VIAGRA 4,1,19.23,3.21,0
  25/6/25 ,5.01E+12,Vicks First Def Nasal Spry 15ml,1,7.65,1.28,0
  25/6/25 ,5.39E+12,VIVIO JUNIOR MULTIVITAMIN TONIC,4,38.44,6.4,0
  25/6/25 ,5.01E+12,Voltarol Emulgel P Gel 30g Gel  1.16%,1,5.79,0.97,0
  25/6/25 ,5.10E+12,WATER WIPES,3,8.58,1.44,0
  25/6/25 ,5.02E+12,WINDEZE 20S GEL,1,4.99,0.83,0
  25/6/25 ,5.01E+12,Witch Hazel 200ml,1,3.99,0.67,0
  25/6/25 ,5.01E+12,ZIPAMOL PLUS effervescent tablets 8/500mg  32,1,5.99,1,0
  26/6/25 ,5.00E+12,Allevia Fexofenadine,1,10.49,1.75,0
  26/6/25 ,5.06E+12,ALMUS erectile dysfunction relief tablets f/c 50mg  4,1,14.99,2.5,0
  26/6/25 ,5.02E+12,BELLS OTC medicines analgesics paracetamol caplets 500mg  32,2,3,0.5,0
  26/6/25 ,5.01E+12,BROLENE eye drops 0.1% w/v 10ml,1,6.49,1.08,0
  26/6/25 ,3.01E+12,BRUT deodorant spray musk 200ml ,1,3.29,0.55,0
  26/6/25 ,5.00E+12,Buscopan Cramps,1,7.29,1.22,0
  26/6/25 ,5.00E+12,BUSCOPAN IBS 20S,1,7.29,1.22,0
  26/6/25 ,5.01E+12,Canesbalance Bv Gel 7s,1,16.19,2.7,0
  26/6/25 ,5.01E+12,Carnation Fng/toe Bnd 4m,2,7.3,1.22,0
  26/6/25 ,1.05E+18,CLINIPORE SURGICAL TAPE 2.5X10M,1,1.36,0.23,0
  26/6/25 ,5.01E+12,Clotrimazole 1% Cream,1,4.29,0.72,0
  26/6/25 ,9.00E+12,Cow/gate Instant Carobel 135g Instant Carobel,1,4.35,0,0
  26/6/25 ,5.01E+12,Deep Relief Gel 5% 30g,1,4.99,0.83,0
  26/6/25 ,5.06E+12,Difflam Spray 30ml,1,8.49,1.42,0
  26/6/25 ,5.02E+12,GALPHARM ibuprofen & paracetamol tablets f/c 200mg/500mg  16,2,5.98,1,0
  26/6/25 ,5.03E+12,Halls Soothers S/Berry,1,0.85,0.14,0
  26/6/25 ,991,MISC,2,2.58,0.44,0
  26/6/25 ,5.00E+12,Night Nurse 160ml,2,17.98,3,0
  26/6/25 ,4.01E+12,NIVEA MEN deodorant spray cool kick 250ml,1,4.59,0.77,0
  26/6/25 ,4.06E+12,NUMARK IBUPROFEN 400MG 48S,1,7.69,1.28,0
  26/6/25 ,4.06E+12,NUMARK IBUPROFEN 400MG 96TAB,1,10.99,1.83,0
  26/6/25 ,5.01E+12,NUMARK OTC medicines allergy relief non/drowsy tablets 10mg  60,1,10.34,1.72,0
  26/6/25 ,8.45E+12,NUNN ULTRA HYDRATION RASPBERRY,1,1,0.17,0
  26/6/25 ,5.01E+12,NUROFEN PLUS IBUPROFEN.CODEINE 24TAB,3,29.4,4.89,0
  26/6/25 ,5.06E+12,PARACETAMOL CAPSULES 32S,2,4,0.66,0
  26/6/25 ,5.04E+12,Paramol Tabs E/t/s 12 Easy To Swallow,1,4.85,0.81,0
  26/6/25 ,4.08E+12,PeptO/Bismol 120ml,1,3.45,0.58,0
  26/6/25 ,5.70E+12,PERSPIREX antiperspirant roll/on original 20ml ,1,10.9,1.82,0
  26/6/25 ,5.05E+12,Piriton Allergy Tabs 30 Tabs,2,9.98,1.66,0
  26/6/25 ,5.05E+12,Piriton Allergy Tabs 4mg 60 Allergy Tablets  4mg,1,8.49,1.42,0
  26/6/25 ,5.00E+12,Piriton Syrup 2mg/5ml 150ml,2,11.98,2,0
  26/6/25 ,5.03E+12,PRETTY COTTON WOOL BALLS,1,1,0.17,0
  26/6/25 ,5.02E+12,SAFE & SOUND medicine organisers table top weekly pill box,1,14.15,2.36,0
  26/6/25 ,5.06E+12,SILEX covid self test  1,1,2.49,0.42,0
  26/6/25 ,5.01E+12,SIMPLE face kind to skin cleansing wipes  7,9,9,1.53,0
  26/6/25 ,5.01E+12,SOLPADINE PLUS 24,1,7.27,1.21,0
  26/6/25 ,5.01E+12,SOLPADINE PLUSE 24CAP,1,6.89,1.15,0
  26/6/25 ,5.00E+12,Spatone Apple Vit C 28,1,14.49,2.42,0
  26/6/25 ,3.57E+12,SUDAFED DECONG TABS 12s,1,4.79,0.8,0
  26/6/25 ,5.06E+12,SURESIGN,2,4.98,0.84,0
  26/6/25 ,5.06E+12,SURESIGN 6 day early midstream pregnancy test  2,1,6.99,1.17,0
  26/6/25 ,6.01E+12,TUBULAR SUPPORT BANDAGE A,1,4.99,0.83,0
  26/6/25 ,6.01E+12,TUBULAR SUPPORT BANDAGE B,2,9.98,1.66,0
  26/6/25 ,42182634,Vaseline Petro Jelly 100ml,1,1.99,0.33,0
  26/6/25 ,5.01E+12,ZIPAMOL PLUS effervescent tablets 8/500mg  32,1,5.99,1,0
  27/5/25 ,6.92E+12,1LFT,4,9.96,1.68,0
  27/5/25 ,5.02E+12,Acnecide Topical Aqueous Gel 30g 5% Topical Aqueous Gel  5%,4,39.92,6.64,0
  27/5/25 ,5.01E+12,ACRIFLEX CREAM 30g,4,15.96,2.68,0
  27/5/25 ,5.00E+12,ALLEVIA HIVES tablets 180mg  15,4,35.96,4.8,7.2
  27/5/25 ,5.06E+12,ALMUS erectile dysfunction relief tablets f/c 50mg  8,4,107.96,18,0
  27/5/25 ,5.06E+12,ALMUS sleep aid tablets 50mg  20,4,21.96,3.68,0
  27/5/25 ,5.06E+12,ALVITA diagnostic thermometers flexible digital MT509,4,15.96,2.68,0
  27/5/25 ,5.00E+12,Arnicare Crm 50g,8,69.52,11.6,0
  27/5/25 ,3.57E+12,AVEENO CREAM 300ML,4,54.68,9.12,0
  27/5/25 ,5.06E+12,AYMES shake compact banana 57g 7,4,30.16,0,0
  27/5/25 ,5.06E+12,AYMES shake compact vanilla 57g 7,4,30.16,0,0
  27/5/25 ,5.01E+12,Beauty Form Lens Cleans Wipes 20 Lens Cleansing Wipes,4,4,0.68,0
  27/5/25 ,5.01E+12,BEAUTY FORMULAS cold wax strips  20,4,9.96,1.68,0
  27/5/25 ,5.01E+12,BEAUTY FORMULAS cold wax strips face & bikini line  36,4,9.96,1.68,0
  27/5/25 ,5.01E+12,Beconase H/fever Ad100 Spray,8,63.92,10.64,0
  27/5/25 ,5.02E+12,BELLS OTC medicines analgesics paracetamol caplets 500mg  32,4,6,1,0
  27/5/25 ,5.01E+12,BF HAND CREAM,8,8,1.36,0
  27/5/25 ,3.57E+12,CALPROFEN oral suspension 100mg/5ml 200ml,4,30.36,5.08,0
  27/5/25 ,5.02E+12,CALYPSO travel pack sun lotion SPF15 & 20 after sun 100ml 3,4,30.76,5.12,0
  27/5/25 ,5.01E+12,CANESTEN ORAL capsule 150mg  1,4,53.56,8.92,0
  27/5/25 ,5.01E+12,Canestest Scrn Test,4,41.96,7,0
  27/5/25 ,5.06E+12,CO CODAMOL,4,15.96,2.68,0
  27/5/25 ,5.01E+12,Covonia Dry&tckly Linctus 150ml,4,27.96,4.68,0
  27/5/25 ,9.00E+12,Cow/gate Instant Carobel 135g Instant Carobel,8,34.8,0,0
  27/5/25 ,5.00E+12,Cuprofens 400mg 96s,4,39.56,6.6,0
  27/5/25 ,5.03E+12,Daktacort Hc Cream 15g,4,30.76,5.12,0
  27/5/25 ,5.06E+12,Difflam Spray 30ml,4,33.96,5.68,0
  27/5/25 ,27122301,DISPENSARY SALE,8,74.4,12.44,0
  27/5/25 ,5.00E+12,Dulcolax Liq 300ml PicO/Liquid  5mg/5ml,4,33.2,5.52,0
  27/5/25 ,4.01E+12,Elastoplast Water Resis 10s,4,7.8,1.32,0
  27/5/25 ,5.06E+12,ELLAONE tablet 30mg  1,4,139.8,6.64,0
  27/5/25 ,4.01E+12,Eplast Fabric Assort Strips 40,4,19.96,3.32,0
  27/5/25 ,5.00E+12,EUMOVATE ECZ&DER CRM 15g,4,39.92,6.64,0
  27/5/25 ,5.01E+12,Ferrous Sulphate 100s 200mg,4,23.96,4,0
  27/5/25 ,96091722,Fishermans Friend,12,9.48,1.56,0
  27/5/25 ,4.00E+12,Floradix Liquid Fmla 250ml,4,45.56,7.6,0
  27/5/25 ,6.92E+12,FLOWFLEX lateral flow test kits  5,4,36,6,0
  27/5/25 ,5.00E+12,Gaviscon Peppermint Tabs 48,4,32,5.32,0
  27/5/25 ,5.04E+12,GOLDEN EYE OINT 1%,4,27.56,4.6,0
  27/5/25 ,5.02E+12,HAIR NAILS & SKIN,4,13.24,2.2,0
  27/5/25 ,4.03E+12,HYCOSAN EXTRA 7.5ML,8,87.92,14.64,0
  27/5/25 ,5.03E+12,Hydrocortisone 1% Cream,8,65.52,10.96,0
  27/5/25 ,5.02E+12,IBULEVE 5% 50G,4,26,4.32,0
  27/5/25 ,5.03E+12,JAKEMANS menthol lozenges honey & lemon 73g,4,3.96,0.68,0
  27/5/25 ,6.00E+12,KEDLEY KINESIOLOGY TAPE,4,15.4,2.56,0
  27/5/25 ,6.00E+12,KEDLEY KNEE SUPPORT L,4,25.96,4.32,0
  27/5/25 ,5.06E+12,Lactulose 3.3g/5ml Oral Solusion,4,25.16,4.2,0
  27/5/25 ,5.00E+12,LEMSIP MAX COLD/FLU CAPS 16s,4,17.96,3,0
  27/5/25 ,5.06E+12,MELBOURNE SPRING WATER,4,4,0.68,0
  27/5/25 ,5.00E+12,MELOLIN ADHESIVE dressing consumer/OTC pack  10cm x 8cm 5,8,40.72,6.8,0
  27/5/25 ,991,MISC,4,5.16,0.88,0
  27/5/25 ,5.02E+12,MURRAYS emery boards 11cm  11cm,4,4.2,0.72,0
  27/5/25 ,5.00E+12,Night Nurse 160ml,4,35.96,6,0
  27/5/25 ,4.01E+12,NIVEA ORIGINAL LIP BALM,8,15.92,2.64,0
  27/5/25 ,5.00E+12,NUROFEN PLUS TABLETS 32,4,45.16,7.52,0
  27/5/25 ,5.01E+12,NYTOL ONE A NGT 20 TABLETS,8,65.52,10.96,0
  27/5/25 ,5.70E+12,Okeeffes Working Hands 96g,4,35.96,6,0
  27/5/25 ,50483464,Optrex Infected Eye Drops,4,31.96,5.32,0
  27/5/25 ,5.05E+12,Otrivine Adult Nasal Drops 10ml,4,15,2.52,0
  27/5/25 ,5.01E+12,Ovex Family Pack 4 Tabs,4,53.16,8.88,0
  27/5/25 ,10181032806,PALMERS COCONUT OIL BODY LOTION 250ML,4,19.96,3.32,0
  27/5/25 ,5.02E+12,Paracetamol Caplets 32,12,18,3,0
  27/5/25 ,5.02E+12,PERRIGO heartburn & acid reflux control capsules 20mg  7,4,15.96,2.68,0
  27/5/25 ,5.00E+12,Piriton Syrup 2mg/5ml 150ml,4,23.96,4,0
  27/5/25 ,9.31E+12,QV emollient cream 100g,4,27.96,4.68,0
  27/5/25 ,9.31E+12,QV gentle wash 250ml,4,25.96,4.32,0
  27/5/25 ,9.31E+12,QV intensive ointment 450g,4,45.96,7.68,0
  27/5/25 ,8.72E+12,SANEX shower gel zero % sensitive 450ml,4,12,2,0
  27/5/25 ,5.00E+12,Scholl Corn Removal Plasters,4,13.96,2.32,0
  27/5/25 ,5.01E+12,Sinutab Tablets 15s,4,25.96,4.32,0
  27/5/25 ,5.01E+12,SOLPADEINE MAX 24,12,108.84,18.12,0
  27/5/25 ,5.01E+12,SOLPADEINE MAX SOL 24,4,34,5.68,0
  27/5/25 ,5.01E+12,SOLPADINE PLUS 24,8,58.16,9.68,0
  27/5/25 ,5.01E+12,SOLPADINE PLUSE 24CAP,4,27.56,4.6,0
  27/5/25 ,5.01E+12,Steradent Active Plus 30 Tabs,4,5.2,0.88,0
  27/5/25 ,5.01E+12,STERIMAR nasal spray hayfever 50ml ,4,19.96,3.32,0
  27/5/25 ,5.02E+12,SUDOCREM 60G,4,13.4,2.24,0
  27/5/25 ,5.06E+12,SURESIGN 6 day early midstream pregnancy test  2,4,27.96,4.68,0
  27/5/25 ,7.32E+12,Tena Pants Xl X12,4,52,0,0
  27/5/25 ,5.01E+12,Vapour Rub 50g,4,7.96,1.32,0
  27/5/25 ,5.06E+12,VITAMIN B12 10UG,8,15.92,2.64,0
  27/5/25 ,5.05E+12,Voltarol 12hr EmugeL/P 50g,4,47.96,8,0
  27/5/25 ,5.10E+12,WATER WIPES,4,11.44,1.92,0
  27/5/25 ,5.02E+12,WINDEZE 20S GEL,4,19.96,3.32,0
  27/5/25 ,5.01E+12,ZIPAMOL PLUS effervescent tablets 8/500mg  32,4,23.96,4,0
  27/6/25 ,5.06E+12,3 IN 1 MAKE UP REMOVAL WIPES,2,2,0.34,0
  27/6/25 ,5.06E+12,ALMUS CLOTRIMAZOLE 1% 20G,1,3.99,0.67,0
  27/6/25 ,5.06E+12,ALMUS cold sore cream 5% 2g,2,5.98,1,0
  27/6/25 ,5.06E+12,ALMUS tickly cough syrup 0.75mg/5ml 200ml,1,3.99,0.67,0
  27/6/25 ,5.06E+12,ALVITA silicone ear plugs  3pairs,1,4.89,0.82,0
  27/6/25 ,5.06E+12,ALVITA TISSUES,1,2.29,0.38,0
  27/6/25 ,5.01E+12,Anusol Plus Hc Ointment 15g,1,5.89,0.98,0
  27/6/25 ,5.06E+12,Aproderm Barrier Cream  100g,1,7.15,1.19,0
  27/6/25 ,5.01E+12,Beauty Form Lens Cleans Wipes 20 Lens Cleansing Wipes,1,1,0.17,0
  27/6/25 ,5.01E+12,Benylin Day & Night Cold Treatment Tablets 25mg /500mg /500mg /60mg  16,1,5.99,1,0
  27/6/25 ,5.01E+12,Care Chlorhexidine M/wash,1,4.49,0.75,0
  27/6/25 ,5.01E+12,Carnation Fng/toe Bnd 4m,1,3.65,0.61,0
  27/6/25 ,5.01E+12,Carnation Toe Protector 2 Toe Protector,1,3.39,0.57,0
  27/6/25 ,5.02E+12,Cetirizine 10mg 30 Tablets,1,3.99,0.67,0
  27/6/25 ,5.02E+12,CLEAREAR olive oil ear drops 10ml,1,3.99,0.67,0
  27/6/25 ,5.10E+12,Colofac Ibs 15 Tabs,1,5.1,0.85,0
  27/6/25 ,5.05E+12,CORSODYL mouthwash original alcohol free 0.2% 300ml,1,5.85,0.98,0
  27/6/25 ,5.03E+12,Daktacort Hc Cream 15g,1,7.69,1.28,0
  27/6/25 ,50158089,Dettol Antiseptic  Lqd 500ml,1,4.2,0.7,0
  27/6/25 ,5.01E+12,Disp Asprin 75mg 100s,1,2.55,0.43,0
  27/6/25 ,5.06E+12,EMLA 5% CREAM,1,4.05,0.68,0
  27/6/25 ,5.00E+12,EUMOVATE ECZ&DER CRM 15g,1,9.98,1.66,0
  27/6/25 ,5.03E+12,FACE FACTS MUD MASK CUCUMBER,1,1,0.17,0
  27/6/25 ,5.06E+12,FOLIC ACID 400UG,1,1.8,0.3,0
  27/6/25 ,5.02E+12,GALPHARM treathay tablets f/c 120mg  10,1,3.99,0.53,0.8
  27/6/25 ,5.01E+12,GERMOLENE ANTISEPT CREAM 30g,1,3.2,0.53,0
  27/6/25 ,6.00E+12,KEDLEY KINESIOLOGY TAPE,1,3.85,0.64,0
  27/6/25 ,5.02E+12,Laxido Orange (keep),1,5.92,0.99,0
  27/6/25 ,5.02E+12,LUNOX sleep aid tablets 50mg  20,1,5.49,0.92,0
  27/6/25 ,87108132,MENTOS,1,0.65,0.11,0
  27/6/25 ,991,MISC,4,11.6,1.93,0
  27/6/25 ,5.02E+12,MOTION SICKNESS BANDS,1,6,1,0
  27/6/25 ,4.06E+12,NUMARK IBUPROFEN 400MG 96TAB,1,10.99,1.83,0
  27/6/25 ,5.01E+12,NUROFEN PLUS IBUPROFEN.CODEINE 24TAB,2,19.6,3.26,0
  27/6/25 ,5.02E+12,Otex Ear Drops 5%,1,5.6,0.93,0
  27/6/25 ,5.01E+12,Ovex Family Pack 4 Tabs,1,13.29,2.22,0
  27/6/25 ,5.00E+12,Panadol Extra Sol Tabs 24,1,5.49,0.92,0
  27/6/25 ,5.06E+12,PARACETAMOL,3,4.5,0.75,0
  27/6/25 ,5.02E+12,PARACETAMOL CAPS 500mg 16,2,1.1,0.18,0
  27/6/25 ,5.04E+12,Paramol Tabs E/t/s 12 Easy To Swallow,3,14.55,2.43,0
  27/6/25 ,5.02E+12,SAFE & SOUND first aid bandages & dressings absorbent lint 25g,1,3.24,0.54,0
  27/6/25 ,5.02E+12,Safe & Sound Safety Pins,1,1.45,0.24,0
  27/6/25 ,5.01E+12,SAVLON 15G,1,1.79,0.3,0
  27/6/25 ,5.06E+12,SILEX covid self test  1,2,4.98,0.84,0
  27/6/25 ,5.02E+12,SKIN DEEP SELF TANNING WIPES 20 PACK,1,1,0.17,0
  27/6/25 ,5.02E+12,Small Toe Nail Pliers,1,9.45,1.58,0
  27/6/25 ,5.01E+12,SOLPADEINE MAX 24,1,9.07,1.51,0
  27/6/25 ,5.01E+12,SOLPADEINE MAX SOL 24,1,8.5,1.42,0
  27/6/25 ,5.01E+12,SOLPADINE PLUSE 24CAP,2,13.78,2.3,0
  27/6/25 ,5.01E+12,Steradentpro White Pro White,1,1.79,0.3,0
  27/6/25 ,4.02E+12,TAMPAX tampons regular   20,1,2.49,0,0
  27/6/25 ,5.04E+12,WATER RESISTANT PLASTERS 40,1,2.99,0.5,0
  27/6/25 ,5.01E+12,ZIPAMOL PLUS effervescent tablets 8/500mg  32,1,5.99,1,0
  27/6/25 ,5.05E+12,ZOVIRAX COLD SORE CREAM,1,8.49,1.42,0
  28/5/25 ,5.06E+12,ALMUS CLOTRIMAZOLE 1% 20G,4,15.96,2.68,0
  28/5/25 ,5.06E+12,ALMUS cold sore cream 5% 2g,8,23.92,4,0
  28/5/25 ,5.06E+12,ALMUS hayfever & allergy relief tablets 10mg  30,4,9.96,1.68,0
  28/5/25 ,5.06E+12,ALMUS sleep aid tablets 50mg  20,4,21.96,3.68,0
  28/5/25 ,5.39E+12,ANTHISAN BITE & STING cream 2% 20g,4,21.96,3.68,0
  28/5/25 ,5.03E+12,ASPIRIN 75MG GR,8,13.52,2.24,0
  28/5/25 ,5.00E+12,Bach Rescue Remedy Ngt Drop 10ml,4,33.96,5.68,0
  28/5/25 ,5.01E+12,Buttercup Bronchostop Syr 200ml,4,43.96,7.32,0
  28/5/25 ,5.06E+12,CHLORPHENAMINE,4,11.96,2,0
  28/5/25 ,5.01E+12,CLARITYN allergy tablets 10mg  30,4,43.96,7.32,0
  28/5/25 ,4.08E+12,Clearblue Digital Preg Test Sngle,4,49.16,8.2,0
  28/5/25 ,1.05E+18,CLINIGRIP ELASTICATED TUBULAR BANDAGE B 1M,4,11.2,1.88,0
  28/5/25 ,50632725,Clove Oil 10ml,4,15.96,2.68,0
  28/5/25 ,5.06E+12,CO CODAMOL,20,79.8,13.4,0
  28/5/25 ,5.01E+12,COVONIA 300ML CHESTY COUGH,4,42,7,0
  28/5/25 ,5.03E+12,Daktacort Hc Cream 15g,4,30.76,5.12,0
  28/5/25 ,5.05E+12,DAY NURSE tablets f/c 500mg/30mg  18,4,34,5.68,0
  28/5/25 ,5.01E+12,Dettol Hand Hygiene Gel,4,7.2,1.2,0
  28/5/25 ,5.06E+12,DISPERSIBLE ASPIRIN 75mg 100 TABS,8,20.4,3.4,0
  28/5/25 ,7.35E+12,E45 ITCH RELIEF CREAM,4,27.96,4.68,0
  28/5/25 ,5.06E+12,Epaderm Cream 50g,4,13.96,2.32,0
  28/5/25 ,5.06E+12,EPIMAX,4,19.96,3.32,0
  28/5/25 ,5.06E+12,Epsom Salt Bath,4,23.96,4,0
  28/5/25 ,5.01E+12,FLEXITOL for heels 25% urea balm 75g,4,27.56,4.6,0
  28/5/25 ,5.06E+12,GLUCORX Q blood glucose meter,4,79.96,13.32,0
  28/5/25 ,50658053,Halls Cherry,4,3.4,0.56,0
  28/5/25 ,5.03E+12,Halls Soothers Peach,8,6.8,1.12,0
  28/5/25 ,5.01E+12,Ibuprofen 400mg Tablets,4,11.16,1.88,0
  28/5/25 ,5.06E+12,IBUPROFEN 400MG TABLETS,4,23.96,4,0
  28/5/25 ,5.03E+12,JAKEMANS menthol lozenges blackcurrant 73g,4,3.96,0.68,0
  28/5/25 ,5.00E+12,KALMS NIGHT herbal sedative tablets  56,4,23.96,4,0
  28/5/25 ,5.03E+12,KWELLS 12 TABLETS,4,15.96,2.68,0
  28/5/25 ,5.06E+12,Lactulose 3.3g/5ml Oral Solusion,4,25.16,4.2,0
  28/5/25 ,5.02E+12,Lactulose 500ml,4,35.96,6,0
  28/5/25 ,50620814,Magnesium Paste,4,21.96,3.68,0
  28/5/25 ,7.32E+12,MEPORE DRESSING 9X20CM/3.6X8IN,16,16,2.68,0
  28/5/25 ,991,MISC,4,15.16,2.52,0
  28/5/25 ,5.00E+12,Night Nurse 160ml,4,35.96,6,0
  28/5/25 ,5.05E+12,Night Nurse Capsules 10,8,57.28,9.52,0
  28/5/25 ,5.00E+12,Nurofen Exp Lqd Caps 16 200mg,4,17.16,2.88,0
  28/5/25 ,5.01E+12,NYTOL ONE A NGT 20 TABLETS,4,32.76,5.48,0
  28/5/25 ,5.00E+12,OPTREX eye spray actimist 2in1 itchy watery 10ml,4,63.96,10.68,0
  28/5/25 ,50483464,Optrex Infected Eye Drops,4,31.96,4.28,6.4
  28/5/25 ,5.06E+12,Orajel Ex Dental Gel 5.3g,4,25.96,4.32,0
  28/5/25 ,5.05E+12,OTRIVINE nasal spray with khone spray congestion relief 0.1% 10ml,4,24,4,0
  28/5/25 ,3.57E+12,OVEX SUSPENSION FAMILY PK 30ml,4,63.96,10.68,0
  28/5/25 ,5.06E+12,PARACETAMOL,4,6,1,0
  28/5/25 ,5.02E+12,Paracetamol Caplets 32,8,12,2,0
  28/5/25 ,5.06E+12,PARACETAMOL CAPSULES 32S,24,48,7.96,0
  28/5/25 ,5.06E+12,PERMETHRIN CREAM,4,67.6,11.28,0
  28/5/25 ,5.00E+12,Robitussin Dry Cough,4,29.96,5,0
  28/5/25 ,5.01E+12,Sinutab Tablets 15s,4,25.96,4.32,0
  28/5/25 ,5.01E+12,SOLPADEINE MAX SOL 24,8,68,11.36,0
  28/5/25 ,5.01E+12,SOLPADINE PLUS 24,4,29.08,4.84,0
  28/5/25 ,5.01E+12,SOLPADINE PLUSE 24CAP,8,55.12,9.2,0
  28/5/25 ,5.01E+12,Sterimar Isotonic Nasal Spry 100ml,4,27.16,4.52,0
  28/5/25 ,5.00E+12,Strepsils Extra Blackc 24s,4,23.56,3.92,0
  28/5/25 ,5.00E+12,STREPSILS honey & lemon lozenges 0.6mg/1.2mg  36,8,47.12,7.84,0
  28/5/25 ,5.01E+12,STUGERON 15 TABS,4,21.16,3.52,0
  28/5/25 ,5.06E+12,SURESIGN blood pressure monitor pulse & irregular heartbeat functions LD588,4,119.96,20,0
  28/5/25 ,5.06E+12,SURESIGN diabetes screening test urine glucose test  3,4,21.96,3.68,0
  28/5/25 ,8.00E+12,Tampax Compak Reg 18s,4,12.76,0,0
  28/5/25 ,7.32E+12,Tena Men Level 1 12s,4,17.96,0,0
  28/5/25 ,5.39E+12,WET ONES biodegradable wipes be fresh  12,4,4,0.68,0
  28/5/25 ,5.03E+12,WISDOM toothbrushes ortho,4,11.96,2,0
  28/5/25 ,5.01E+12,ZIPAMOL PLUS effervescent tablets 8/500mg  32,4,23.96,4,0
  28/6/25 ,8.43E+12,ALVITA eye care contact lens solution 120ml,1,3.99,0.67,0
  28/6/25 ,5.06E+12,Antihistamine Tablets 4mg 28s,2,5.98,1,0
  28/6/25 ,3.57E+12,Aveeno Daily Org Moist Ltn 300ml,1,8.91,1.49,0
  28/6/25 ,5.01E+12,BF HAND CREAM,1,1,0.17,0
  28/6/25 ,5.04E+12,CALLUS REMOVAL PADS,1,3.99,0.67,0
  28/6/25 ,5.01E+12,Carnation Corn Cap Plasters,1,4.25,0.71,0
  28/6/25 ,5.00E+12,CORSODYL DENTAL GEL 50g,1,7.25,1.21,0
  28/6/25 ,96199480,COTTON BUDS,1,1,0.17,0
  28/6/25 ,8.44E+12,CRYSTACIDE CREAM,1,14.52,2.42,0
  28/6/25 ,5.06E+12,Difflam Spray 30ml,1,8.49,1.42,0
  28/6/25 ,5.02E+12,DIOMED doublebase dry skin emollient 100g ,1,6.99,1.17,0
  28/6/25 ,5.39E+12,DIORALYTE oral powder sachets blackcurrant 0.53g/3.56g/0.30g/0.47g  6,1,4.99,0.83,0
  28/6/25 ,4.01E+12,Eplast Fabric Assort Strips 40,2,9.98,1.66,0
  28/6/25 ,5.06E+12,Epsom Salt Bath,1,5.99,1,0
  28/6/25 ,5.01E+12,Eurax Crm 100g Tube Cream  10%,1,8.99,1.5,0
  28/6/25 ,96091722,Fishermans Friend,1,0.79,0.13,0
  28/6/25 ,5.06E+12,FLARIN JOINT & MUSCULAR PAIN RELIEF soft capsules 200mg  12,1,5.71,0.95,0
  28/6/25 ,5.00E+12,Gaviscon Double Action Tablets,1,11.99,2,0
  28/6/25 ,5.01E+12,Germoloids O/mint 25ml,1,5.29,0.88,0
  28/6/25 ,7.70E+12,GILLETTE pre/shave fusion 5 hydragel sensitive skin shave gel 200ml,1,3.3,0.55,0
  28/6/25 ,5.03E+12,Hirudoid Cream 50g,1,7.18,1.2,0
  28/6/25 ,5.02E+12,IBULEVE 5% 50G,2,13,2.16,0
  28/6/25 ,5.03E+12,KLEENEX original tissues  64,1,1.25,0.21,0
  28/6/25 ,6.15E+11,Lotil Org Cream 114ml,1,4.96,0.83,0
  28/6/25 ,5.00E+12,MELOLIN ADHESIVE dressing consumer/OTC pack  10cm x 8cm 5,2,10.18,1.7,0
  28/6/25 ,5.00E+12,MELOLIN ADHESIVE low/adhesive absorbent dressing pads consumer/OTC pack  8.3cm x 6cm 5,2,7.08,1.18,0
  28/6/25 ,5.06E+12,MIGRAINE RELIEF BUCCAL,2,13.98,2.34,0
  28/6/25 ,991,MISC,3,28.65,4.78,0
  28/6/25 ,5.02E+12,Na CO/Enz Q10 30mg 30s,1,9.95,1.66,0
  28/6/25 ,5.02E+12,NEUROMIND plus tablets & capsules  28+28,1,18.95,3.16,0
  28/6/25 ,4.06E+12,NUMARK IBUPROFEN 400MG 48S,1,7.69,1.28,0
  28/6/25 ,5.01E+12,NUROFEN PLUS IBUPROFEN.CODEINE 24TAB,3,29.4,4.89,0
  28/6/25 ,5.06E+12,Orajel Ex Dental Gel 5.3g,1,6.49,1.08,0
  28/6/25 ,5.01E+12,Paracetamol Plus 500mg/65mg Tablets,2,4.4,0.74,0
  28/6/25 ,5.05E+12,Piriton Allergy Tabs 30 Tabs,1,4.99,0.83,0
  28/6/25 ,5.03E+12,PYROCALM CONTROL 20MG 7TAB,1,6.42,1.07,0
  28/6/25 ,5.01E+12,Rennie Orange Chewable 24,1,3.09,0.52,0
  28/6/25 ,7.61E+12,Ricola Drops 45g S/f Lemon Mint Box,1,1.45,0.24,0
  28/6/25 ,5.02E+12,ROSE GOLD TWEEZERS,2,5.98,1,0
  28/6/25 ,5.02E+12,SKIN DEEP SELF TANNING WIPES 20 PACK,1,1,0.17,0
  28/6/25 ,5.01E+12,SOLPADEINE MAX 24,1,9.07,1.51,0
  28/6/25 ,5.01E+12,SOLPADEINE MAX SOL 24,1,8.5,1.42,0
  28/6/25 ,5.01E+12,SOLPADINE PLUSE 24CAP,2,13.78,2.3,0
  28/6/25 ,5.02E+12,Tweezers With Assorted Ends,2,3.78,0.64,0
  28/6/25 ,8.45E+12,UNNU SPORT ELECTROLYTES 50G,4,4,0.68,0
  28/6/25 ,1.21E+12,VIAGRA 2 TABLETS ,1,14.99,2.5,0
  28/6/25 ,8.45E+12,VITAL PROTEINS COLLAGEN PEPTIDES 284G,1,15,2.5,0
  28/6/25 ,5.03E+12,WISDOM toothbrushes clean between sensitive,1,1,0.17,0
  28/6/25 ,5.03E+12,WISDOM toothbrushes re:new bamboo medium,2,4.98,0.84,0
  29/5/25 ,5.06E+12,3 IN 1 MAKE UP REMOVAL WIPES,8,8,1.36,0
  29/5/25 ,5.06E+12,AACULOSE eye drops 0.5% 10ml,4,7.12,1.2,0
  29/5/25 ,5.06E+12,ALMUS cold sore cream 5% 2g,4,11.96,2,0
  29/5/25 ,5.06E+12,ALMUS sleep aid tablets 50mg  20,4,21.96,3.68,0
  29/5/25 ,8.01E+12,ALWAYS ULTRA DAY & NIGHT,4,11.96,1.6,2.4
  29/5/25 ,5.03E+12,ASPIRIN 75MG GR,8,13.52,2.24,0
  29/5/25 ,3.57E+12,AVEENO daily moisturising lotion calming relief 300ml,4,35.64,5.96,0
  29/5/25 ,5.01E+12,Calpol Inf S/f 120mg/5ml 100ml,4,18.36,3.08,0
  29/5/25 ,5.01E+12,Canesten 500mg Pessary,4,48.76,8.12,0
  29/5/25 ,5.01E+12,CANESTEN ORAL capsule 150mg  1,4,53.56,8.92,0
  29/5/25 ,5.06E+12,CHLORPHENAMINE,4,11.96,2,0
  29/5/25 ,4.08E+12,Clearblue Digital Preg Test Sngle,4,49.16,8.2,0
  29/5/25 ,5.06E+12,CO CODAMOL,12,47.88,8.04,0
  29/5/25 ,4.01E+12,Complan Shake Banana 4x57g,4,14.56,0,0
  29/5/25 ,4.01E+12,Complan Shake Flavoured Shakes Strawberry 57g 4,4,14.56,0,0
  29/5/25 ,5.06E+12,COTTONBUDS,4,5.16,0.88,0
  29/5/25 ,5.01E+12,Cystitis Sachets X 6 Sachets,4,15.96,2.68,0
  29/5/25 ,5.03E+12,Daktacort Hc Cream 15g,4,30.76,5.12,0
  29/5/25 ,5.06E+12,Difflam 3mg Lozenges,8,60.72,10.12,0
  29/5/25 ,5.39E+12,DIORALYTE oral powder sachets blackcurrant 0.53g/3.56g/0.3g/0.47g  20,4,59.96,10,0
  29/5/25 ,5.39E+12,DIORALYTE RELIEF sachets s/f raspberry 300mg/350mg/580mg  6,4,22.36,3.72,0
  29/5/25 ,5.03E+12,EARCALM,4,35.96,6,0
  29/5/25 ,5.02E+12,FACIAL WIPES ,4,4,0.68,0
  29/5/25 ,5.01E+12,Ferrous Sulphate 100s 200mg,4,23.96,3.2,4.8
  29/5/25 ,5.02E+12,FINGER & TOE STRAPPING,4,14.2,2.36,0
  29/5/25 ,8.70E+12,FIXODENT denture adhesive cream complete fresh 70g,4,18,3,0
  29/5/25 ,5.02E+12,FLANNELS,4,9.96,1.68,0
  29/5/25 ,6.92E+12,FLOWFLEX lateral flow test kits  5,4,36,6,0
  29/5/25 ,5.02E+12,GALPHARM treathay tablets f/c 120mg  10,4,15.96,2.68,0
  29/5/25 ,5.02E+12,GALPHARM treathay tablets f/c 120mg  30,4,27.96,4.68,0
  29/5/25 ,50658053,Halls Cherry,12,10.2,1.72,0
  29/5/25 ,96043509,Halls Citrus sf,8,6.8,1.12,0
  29/5/25 ,50696925,Halls Original,4,3.4,0.56,0
  29/5/25 ,7.62E+12,Halls Soothers Honey&lemon 10 Honey And Lemon,8,6.8,1.12,0
  29/5/25 ,5.06E+12,IBUPROFEN AMD CODEINE,8,67.92,11.36,0
  29/5/25 ,3.57E+12,IMODIUM ORIGINAL 2MG 12S,4,29.16,4.88,0
  29/5/25 ,5.02E+12,Infacol Drops 50ml,4,23.96,4,0
  29/5/25 ,5.03E+12,KLEENEX balsam regular  64,8,18,3.04,0
  29/5/25 ,5.06E+12,Lactulose 3.3g/5ml Oral Solusion,4,25.16,4.2,0
  29/5/25 ,5.02E+12,Lactulose 500ml,4,35.96,6,0
  29/5/25 ,5.03E+12,LiL/Lets Lite 16s,8,12.72,0,0
  29/5/25 ,5.02E+12,LOPERAMIDE 2MG,4,15.36,2.56,0
  29/5/25 ,5.06E+12,LORATADINE 10MG,4,14.92,2.48,0
  29/5/25 ,5.00E+12,MELOLIN ADHESIVE dressing consumer/OTC pack  10cm x 8cm 5,16,81.44,13.56,0
  29/5/25 ,5.00E+12,Melolin Dressing Pads 10x10cm,4,18.72,3.12,0
  29/5/25 ,87108132,MENTOS,8,5.2,0.88,0
  29/5/25 ,4.72E+12,MICROLIFE blood pressure monitor BPB2 basic,4,74.96,12.48,0
  29/5/25 ,7.06E+11,Neilmed Sinus Rinse Refill Kit,4,73,12.16,0
  29/5/25 ,7.06E+11,Neilmed Sinus Rinse Starter ki,4,43.96,0,0
  29/5/25 ,7.05E+12,NICORETTE chewing gum icy white 2mg  210,4,121.24,5.76,0
  29/5/25 ,5.00E+12,Night Nurse 160ml,4,35.96,6,0
  29/5/25 ,5.05E+12,Night Nurse Capsules 10,4,28.64,4.76,0
  29/5/25 ,4.01E+12,NIVEA VISAGE daily moisturising creme nourishing 50ml,4,19.96,3.32,0
  29/5/25 ,5.00E+12,Optrex Actimist 2in1 Eye Spray,4,63.96,10.68,0
  29/5/25 ,5.06E+12,Orajel Ex Dental Gel 5.3g,4,25.96,4.32,0
  29/5/25 ,3.57E+12,ORALDENE medicated relief for mouth & throat infections 200ml ,4,20,3.32,0
  29/5/25 ,7.35E+12,OTOVENT GLUE EAR TREATMENT,4,47.96,8,0
  29/5/25 ,10181043352,PALMERS COCOA BUTTER HAND CREAM,4,13.16,2.2,0
  29/5/25 ,8.00E+12,Pampers Sensitive Baby Wipes 52s,4,4.8,0.64,0.96
  29/5/25 ,5.00E+12,Panadol Extra Sol Tabs 24,8,43.92,7.32,0
  29/5/25 ,5.06E+12,PARACETAMOL,8,12,2,0
  29/5/25 ,5.02E+12,Paracetamol Caplets 32,24,36,6,0
  29/5/25 ,5.02E+12,PARACETAMOL CAPS 500mg 16,12,6.6,1.08,0
  29/5/25 ,5.02E+12,Phorpain Gel 30g 5%,4,11.6,1.92,0
  29/5/25 ,5.03E+12,PYROCALM CONTROL 20MG 14TAB,4,45.96,7.68,0
  29/5/25 ,9.31E+12,QV emollient cream 100g,4,27.96,4.68,0
  29/5/25 ,5.01E+12,Rennie Deflatine 18 Tablets,4,19.16,3.2,0
  29/5/25 ,5.00E+12,ROBITUSSIN CHESTY CGH 250ml,4,33.96,5.68,0
  29/5/25 ,8.72E+12,SANEX shower gel zero % sensitive 225ml,4,8.76,1.48,0
  29/5/25 ,5.01E+12,Senokot Tabs 7.5mg 20pk,8,28.4,4.72,0
  29/5/25 ,5.01E+12,SIMPLE face kind to skin cleansing wipes  7,4,4,0.68,0
  29/5/25 ,5.01E+12,Sodium Bicarbonate 5% Ear Drops,4,15.16,2.52,0
  29/5/25 ,5.01E+12,SOLPADEINE MAX SOL 24,8,68,11.36,0
  29/5/25 ,5.06E+12,SURESIGN,4,9.96,1.68,0
  29/5/25 ,5.06E+12,Ultra Chlora Cherry Spy 15ml,4,24.6,4.12,0
  29/5/25 ,5.02E+12,ULTRA minerals tablets magnesium 375mg  60,4,23.8,3.96,0
  29/5/25 ,5.02E+12,VALUPAK FOLIC ACID 90S,4,4.56,0.76,0
  29/5/25 ,5.02E+12,Valupak Vit D3 1000iu 60s,4,4.56,0.76,0
  29/5/25 ,4.03E+12,VICKS vapodrops menthol  10,8,18.32,3.04,0
  29/5/25 ,6.63E+11,ZEISS LENS WIPES ,4,13.96,2.32,0
  29/5/25 ,5.01E+12,ZIPAMOL PLUS effervescent tablets 8/500mg  32,4,23.96,4,0
  29/5/25 ,5.00E+12,Zovirax Cold Sore Crm Pmp 2g,4,35.96,6,0
  3/5/25 ,5.06E+12,AIRPURE CANDLE JAR RASPBERRY BLISS,1,7.99,1.33,0
  3/5/25 ,5.06E+12,ALMUS erectile dysfunction relief tablets f/c 50mg  8,1,26.99,4.5,0
  3/5/25 ,5.06E+12,ALMUS paracetamol caplets 500mg  16,4,1.96,0.32,0
  3/5/25 ,5.06E+12,ALMUS sleep aid tablets 50mg  20,3,16.47,2.76,0
  3/5/25 ,5.02E+12,Antiseptic Spray 100ml,1,3.99,0.67,0
  3/5/25 ,5.01E+12,Aspirin Disp Tabs 75mg,1,0.85,0.14,0
  3/5/25 ,5.02E+12,ASTD NAIL BRUSHES,1,1.29,0.22,0
  3/5/25 ,5.04E+12,AVOMINE 25MG TAB,1,7.58,1.26,0
  3/5/25 ,3.57E+12,BENADRYL ALLERGY one/a/day tablets 10mg  30,1,9.99,1.67,0
  3/5/25 ,5.01E+12,Benylin Child Night Cough,1,5.59,0.93,0
  3/5/25 ,3.66E+12,BLEPHACLEAN EYELID WIPES 20,1,9.79,0,0
  3/5/25 ,5.01E+12,Canesten Crm 1% 20g,1,7.19,1.2,0
  3/5/25 ,5.03E+12,Cetraben Emoll Crm 50g,1,2.7,0.45,0
  3/5/25 ,5.00E+12,Co Codamol 8/500mg Eff,1,5.99,1,0
  3/5/25 ,5.02E+12,CO/Codamol 32s,4,15.96,2.68,0
  3/5/25 ,5.03E+12,COTTON WOOL BALLS,1,1,0.17,0
  3/5/25 ,5.01E+12,Covonia Original Balsam,1,7,1.17,0
  3/5/25 ,5.01E+12,Cystopurin Granules 6 X 7g Cranberry  3g,1,8.39,1.4,0
  3/5/25 ,5.01E+12,Deep Heat Muscle Roll On 50ml,1,5.29,0.88,0
  3/5/25 ,27122301,DISPENSARY SALE,1,4.85,0.81,0
  3/5/25 ,5.00E+12,Dulcolax Liq 300ml PicO/Liquid  5mg/5ml,1,8.3,1.38,0
  3/5/25 ,5.00E+12,DULCOLAX TWELVE PLUS 5MG 40TAB,1,5.82,0.97,0
  3/5/25 ,4.01E+12,ELASTOPLAST dressings sensitive xl 6cm x 7cm 5,1,4.32,0.72,0
  3/5/25 ,5.06E+12,Epaderm Cream 50g,1,3.49,0.58,0
  3/5/25 ,5.06E+12,EPIMAX,1,4.99,0.83,0
  3/5/25 ,5.01E+12,EURAX cooling itch relief gel 75g,1,5.99,1,0
  3/5/25 ,50173686,Extra Chewing Gum Spearmint,1,0.79,0.13,0
  3/5/25 ,5.00E+12,Femfresh Deo Spray 125ml,1,2.77,0.46,0
  3/5/25 ,5.06E+12,Ferrous Fumarate 210mg Tablets,1,4.14,0.69,0
  3/5/25 ,5.01E+12,FERROUS SULPHATE 200MG,1,2.19,0.37,0
  3/5/25 ,5.02E+12,Fluconazole 150mg Capsule,1,3.99,0.67,0
  3/5/25 ,5.02E+12,FOSTER & GRANT 3.50,1,12,2,0
  3/5/25 ,5.02E+12,GALPHARM treathay tablets f/c 120mg  10,1,3.99,0.67,0
  3/5/25 ,5.02E+12,GALPHARM treathay tablets f/c 120mg  30,1,6.99,1.17,0
  3/5/25 ,5.01E+12,Germoloids Crm 25g,1,4.69,0.78,0
  3/5/25 ,5.02E+12,GLOSAMINE & CHONDROITIN,2,4.38,0.74,0
  3/5/25 ,96043509,Halls Citrus sf,2,1.7,0.28,0
  3/5/25 ,50696925,Halls Original,3,2.55,0.42,0
  3/5/25 ,5.03E+12,Hydrocortisone 1% Cream,1,8.19,1.37,0
  3/5/25 ,5.10E+12,HYDROCORTISONE CREAM 1% 15g,2,16.38,2.74,0
  3/5/25 ,5.06E+12,IBUPROFEN AMD CODEINE,3,25.47,4.26,0
  3/5/25 ,5.06E+12,INFECTED EYE OINTMENT,1,5.99,1,0
  3/5/25 ,5.04E+12,Ispaghula Orange,1,4.15,0.69,0
  3/5/25 ,3.57E+12,JOHNSONS baby cotton buds  100,1,1.25,0.21,0
  3/5/25 ,6.00E+12,KEDLEY KINESIOLOGY TAPE,1,3.85,0.64,0
  3/5/25 ,6.00E+12,KEDLEY KNEE SUPPORT ,1,8.99,1.5,0
  3/5/25 ,5.03E+12,KLEENEX allergy comfort tissues  56,3,6,0.99,0
  3/5/25 ,5.06E+12,Lactulose 3.3g/5ml Oral Solusion,1,6.29,1.05,0
  3/5/25 ,5.06E+12,LORATADINE 10MG,2,7.46,1.24,0
  3/5/25 ,5.03E+12,Lotil Cream 50ml,1,3.6,0.6,0
  3/5/25 ,50620814,Magnesium Paste,1,5.49,0.92,0
  3/5/25 ,8.10E+11,MEDIHONEY,3,26.55,4.44,0
  3/5/25 ,5.06E+12,MELBOURNE SPRING WATER,1,1,0.17,0
  3/5/25 ,7.32E+12,Mepore Dressing 7x8cm,10,3.5,0.6,0
  3/5/25 ,7.32E+12,MEPORE DRESSING 9X20CM/3.6X8IN,2,2,0.34,0
  3/5/25 ,5.04E+12,MIGRAKIND tablets f/c 50mg  2,1,8.95,1.49,0
  3/5/25 ,5.00E+12,Milk Teeth,1,1.55,0.26,0
  3/5/25 ,991,MISC,7,40.98,6.85,0
  3/5/25 ,3.10E+11,Mitchum Roll on,1,1.99,0.33,0
  3/5/25 ,5.01E+12,Movicol Sachets,1,15.46,2.58,0
  3/5/25 ,8.72E+12,Nailner Fungal Nail Infection Brush 5ml Brush,1,19.99,3.33,0
  3/5/25 ,5.00E+12,Nurofen Children S/berry 200ml,1,7.49,1.25,0
  3/5/25 ,5.01E+12,NUROFEN PLUS IBUPROFEN.CODEINE 24TAB,2,19.6,3.26,0
  3/5/25 ,5.06E+12,OLIVE OIL,1,2.69,0.45,0
  3/5/25 ,5.01E+12,OPTICROM ALLERGY 2%,1,5.99,1,0
  3/5/25 ,5.06E+12,Orajel Ex Dental Gel 5.3g,2,12.98,2.16,0
  3/5/25 ,5.02E+12,Paracetamol Caplets 32,2,3,0.5,0
  3/5/25 ,5.06E+12,PARACETAMOL CAPSULES 32S,1,2,0.33,0
  3/5/25 ,5.04E+12,Paramol Ets 24 Tabs,2,16.98,2.84,0
  3/5/25 ,5.02E+12,PERRIGO heartburn & acid reflux control capsules 20mg  7,1,3.99,0.67,0
  3/5/25 ,5.05E+12,Piriton Allergy Tabs 4mg 60 Allergy Tablets  4mg,1,8.49,1.42,0
  3/5/25 ,7.61E+12,RICOLA soothe & clear original herb 75g ,1,1.49,0.25,0
  3/5/25 ,5.02E+12,SAFE&SOUND STER ADHESIVE WATERPROOF,2,2,0.34,0
  3/5/25 ,5.03E+12,SANCTUARY SPA BODY LOTION,1,8,1.33,0
  3/5/25 ,5.01E+12,Senokot Max Strength,1,5.99,1,0
  3/5/25 ,5.01E+12,Simple Linctus Paediactric,1,2.69,0.45,0
  3/5/25 ,5.01E+12,Sinutab Tablets 15s,1,6.49,1.08,0
  3/5/25 ,5.01E+12,SOLPADEINE MAX 24,2,18.14,3.02,0
  3/5/25 ,5.01E+12,SOLPADINE PLUS 24,2,14.54,2.42,0
  3/5/25 ,7.33E+12,Tubigrip 1m Size C,1,4.99,0.83,0
  3/5/25 ,5.06E+12,TURMERIC 1000MG & VIT D,1,3.49,0.58,0
  3/5/25 ,5.02E+12,Valupak Clo Caps 1000mg 30 Capsules 1000mg  1000mg,2,4.12,0.68,0
  3/5/25 ,5.02E+12,Valupak Vit D3 1000iu 60s,3,3.42,0.57,0
  3/5/25 ,5.06E+12,Vizulize Dry Eyes Intensive Drops 10ml,1,4.59,0.77,0
  3/5/25 ,8.03E+12,ZASPRAY eye spray p/f for itchy dry red eyes 10ml,1,13.99,2.33,0
  3/5/25 ,1.04E+18,ZETUVIT 10CMX10CM,10,5,0.8,0
  3/6/25   ,5.01E+12,ACRIFLEX CREAM 30g,4,15.96,2.68,0
  3/6/25   ,5.00E+12,ALLEVIA HIVES tablets 180mg  15,4,35.96,4.8,7.2
  3/6/25   ,5.06E+12,ALMUS sleep aid tablets 50mg  20,4,21.96,3.68,0
  3/6/25   ,8.01E+12,ALWAYS ULTRA DAY & NIGHT,4,11.96,1.6,2.4
  3/6/25   ,5.05E+12,AQUAFRESH toothpaste childrens splash strawberry 50ml,4,6.84,1.16,0
  3/6/25   ,5.04E+12,AQUEOUS CREAM 500ML,4,5.96,1,0
  3/6/25   ,5.04E+12,ASHTON & PARSONS infants powders 0.002ml  30,4,31.96,5.32,0
  3/6/25   ,5.03E+12,ASPIRIN 75MG GR,4,6.76,1.12,0
  3/6/25   ,5.01E+12,Aspirin Disp Tabs 300mg 32s,4,10,1.68,0
  3/6/25   ,5.01E+12,Beconase H/fever Ad100 Spray,4,31.96,5.32,0
  3/6/25   ,3.57E+12,Benylin Mucus Cough And Cold Tabs 16,4,22.36,3.72,0
  3/6/25   ,5.01E+12,BF HAND CREAM,4,4,0.68,0
  3/6/25   ,3.09E+12,Bic Disp Raz Twin Lady 5 Twin Lady,4,7.8,1.32,0
  3/6/25   ,5.06E+12,BLISTEX lip infusions balm soothing 3.7g,4,14.76,1.96,2.96
  3/6/25   ,5.00E+12,BUSCOPAN IBS 20S,4,29.16,4.88,0
  3/6/25   ,5.01E+12,Canesten Cream/pessary Combi,4,79.16,13.2,0
  3/6/25   ,5.01E+12,Canesten Crm 1% 20g,4,28.76,4.8,0
  3/6/25   ,5.01E+12,CANESTEN oral & cream duo 150mg/2% 1/10g,4,72.76,12.12,0
  3/6/25   ,5.01E+12,Care+ Aqueous Calamin Cream 100g,4,13.96,2.32,0
  3/6/25   ,5.02E+12,CASSANDRA hot water bottles ribbed one side,4,23.96,4,0
  3/6/25   ,1.05E+18,CLINIPORE TAPE 5X5,8,15.12,2.56,0
  3/6/25   ,5.06E+12,CO CODAMOL,12,47.88,8.04,0
  3/6/25   ,8.72E+12,COLGATE toothpaste total original care 75ml,4,10,1.68,0
  3/6/25   ,5.05E+12,CORSODYL mouthwash original alcohol free 0.2% 300ml,4,23.4,3.92,0
  3/6/25   ,9.00E+12,Cow/gate Instant Carobel 135g Instant Carobel,4,17.4,0,0
  3/6/25   ,5.01E+12,DEEP RELIEF ANTI/INFLAM GEL,4,50.4,8.4,0
  3/6/25   ,5.00E+12,Dulcolax 5mg Gastro Tabs 20,4,12.56,2.08,0
  3/6/25   ,5.06E+12,EAROL OLIVE OIL SPRAY 10ml,4,25.4,4.24,0
  3/6/25   ,5.06E+12,EMLA 5% CREAM,4,16.2,2.72,0
  3/6/25   ,5.06E+12,EPIMAX oatmeal cream 500g,4,22.16,3.68,0
  3/6/25   ,5.03E+12,FACE FACTS MUD MASK CUCUMBER,4,4,0.68,0
  3/6/25   ,5.02E+12,FACIAL WIPES ULTRA SENSITIVE,4,4,0.68,0
  3/6/25   ,50084470,Fishermans Friend B/curt 25g,8,6.32,1.04,0
  3/6/25   ,50357475,Fishermens Friend Cherry Loz 25g,4,3.16,0.52,0
  3/6/25   ,6.92E+12,FLOWFLEX lateral flow test kits  5,4,36,6,0
  3/6/25   ,5.02E+12,Fluconazole 150mg Capsule,4,15.96,2.68,0
  3/6/25   ,5.02E+12,FOSTER & GRANT 2.00,4,40,6.68,0
  3/6/25   ,5.02E+12,GALPHARM treathay tablets f/c 120mg  30,8,55.92,9.36,0
  3/6/25   ,5.01E+12,GAVISCON ADVANCE liquid aniseed 200mg/1000mg 300ml,4,41.96,7,0
  3/6/25   ,5.01E+12,Germoloids Cream 55g,4,34.76,5.8,0
  3/6/25   ,5.01E+12,Germoloids Crm 25g,4,18.76,3.12,0
  3/6/25   ,5.04E+12,GOLDEN EYE OINT 1%,4,27.56,4.6,0
  3/6/25   ,7.62E+12,Halls Soothers Honey&lemon 10 Honey And Lemon,4,3.4,0.56,0
  3/6/25   ,5.03E+12,Halls Soothers Peach,4,3.4,0.56,0
  3/6/25   ,5.03E+12,Hydrocortisone 1% Cream,4,32.76,5.48,0
  3/6/25   ,5.06E+12,Ibuprofen 400mg 48s,4,19.96,3.32,0
  3/6/25   ,5.06E+12,IBUPROFEN AMD CODEINE,4,33.96,5.68,0
  3/6/25   ,5.03E+12,Imodium Caps 2mg 6 Tabs,4,16.72,2.8,0
  3/6/25   ,5.06E+12,INFECTED EYE OINTMENT,4,23.96,4,0
  3/6/25   ,5.02E+12,INSTANT COLD PACK,8,11.92,2,0
  3/6/25   ,5.02E+12,IRON & VIT C CAPSULES,4,11.96,2,0
  3/6/25   ,5.03E+12,JAKEMANS menthol lozenges honey & lemon 73g,12,11.88,2.04,0
  3/6/25   ,5.03E+12,JAKEMANS menthol lozenges throat & chest 73g,4,3.96,0.68,0
  3/6/25   ,5.03E+12,Jakemans Throat/chest Stick,8,7.92,1.36,0
  3/6/25   ,6.00E+12,KEDLEY ANKLE SUPPORT M,4,23.96,4,0
  3/6/25   ,50375301,Kleenex Tissues,4,2.4,0.4,0
  3/6/25   ,5.06E+12,Lactulose 3.3g/5ml Oral Solusion,8,50.32,8.4,0
  3/6/25   ,5.02E+12,Laxido Orange (keep),4,23.68,3.96,0
  3/6/25   ,5.00E+12,Lempsip Max Sach Lemon 10s,4,20.96,3.48,0
  3/6/25   ,50620814,Magnesium Paste,4,21.96,3.68,0
  3/6/25   ,5.06E+12,MELBOURNE SPRING WATER,8,8,1.36,0
  3/6/25   ,3.57E+12,Migraleve Pink 12 Tabs,4,31.96,5.32,0
  3/6/25   ,991,MISC,20,56,9.32,0
  3/6/25   ,5.00E+12,Night Nurse 160ml,8,71.92,12,0
  3/6/25   ,5.05E+12,Night Nurse Capsules 10,4,28.64,4.76,0
  3/6/25   ,5.00E+12,Nurofen 200mg Tablets 16s,4,10.64,1.76,0
  3/6/25   ,5.01E+12,Olive Oil,4,15.96,2.68,0
  3/6/25   ,5.05E+12,Optrex Allergy Eye Drps 10ml Eye Drops  2%w/v,8,47.92,8,0
  3/6/25   ,50007592,Optrex Refreshing Eye Drops 10ml,4,19.96,3.32,0
  3/6/25   ,5.06E+12,Orajel Ex Dental Gel 5.3g,4,25.96,4.32,0
  3/6/25   ,3.57E+12,OVEX SUSPENSION FAMILY PK 30ml,4,63.96,10.68,0
  3/6/25   ,10181041709,PALMERS BODY OIL,4,27.96,4.68,0
  3/6/25   ,5.06E+12,PARACETAMOL,8,12,2,0
  3/6/25   ,5.02E+12,PARACETAMOL CAPS 500mg 16,20,11,1.84,0
  3/6/25   ,5.06E+12,PARACETAMOL CAPSULES 32S,4,8,1.32,0
  3/6/25   ,5.04E+12,Paramol Ets 24 Tabs,4,33.96,5.68,0
  3/6/25   ,5.05E+12,Piriton Allergy Tabs 4mg 60 Allergy Tablets  4mg,4,33.96,5.68,0
  3/6/25   ,3.44E+12,Quies Earplugs Foam Bright Colours  12,4,24.8,4.12,0
  3/6/25   ,5.02E+12,SAFE&SOUND STER ADHESIVE WATERPROOF,4,4,0.68,0
  3/6/25   ,8.72E+12,SANEX bath foam zero% kids 450ml,4,12.76,2.12,0
  3/6/25   ,5.01E+12,SCHOLL skin care foot cream dry skin 75ml,4,23.96,4,0
  3/6/25   ,5.01E+12,SOLPADEINE MAX SOL 24,8,68,11.36,0
  3/6/25   ,5.01E+12,SOLPADINE PLUS 24,4,29.08,4.84,0
  3/6/25   ,5.01E+12,SOLPADINE PLUSE 24CAP,4,27.56,4.6,0
  3/6/25   ,5.01E+12,Steradent Act Fresh 30 Tabs,4,5.2,0.88,0
  3/6/25   ,5.02E+12,Synthetic Wax Earplugs,4,23.96,4,0
  3/6/25   ,7.32E+12,TENA men pants active fit blue small/medium 9,4,34,0,0
  3/6/25   ,5.06E+12,Ultra Chlora Blkcrt Spry 15ml,4,24.6,4.12,0
  3/6/25   ,5.02E+12,Valupak Chewable Vit C  500mg,4,8.24,1.36,0
  3/6/25   ,5.02E+12,Valupak Effervescent Vit C,4,9.6,1.6,0
  3/6/25   ,42182634,Vaseline Petro Jelly 100ml,4,7.96,1.32,0
  3/6/25   ,8.50E+11,VITAL PROTEINS COLLAGEN PEPTIDES,4,100,16.68,0
  3/6/25   ,5.05E+12,voltarol 12hr gel,4,77.96,13,0
  3/6/25   ,5.03E+12,WISDOM toothbrushes fresh effect sensitive,4,7.96,1.32,0
  3/6/25   ,5.03E+12,WISDOM toothpaste active whitening instant bright 75ml,4,15.96,2.68,0
  3/6/25   ,5.06E+12,X/BRELLA,4,19.96,3.32,0
  3/6/25   ,5.00E+12,Zovirax Cold Sore Crm Pmp 2g,4,35.96,6,0
  3/7/25 ,5.02E+12,Acnecide Topical Aqueous Gel 30g 5% Topical Aqueous Gel  5%,1,9.98,1.66,0
  3/7/25 ,9.34E+12,AEROFILMPLUS waterproof island dressing 9cm x 10cm 3,1,6.35,1.06,0
  3/7/25 ,9.34E+12,AEROPAD low adherent pad 10cm x 10cm 3,1,3.45,0.58,0
  3/7/25 ,5.00E+12,Allevia Fexofenadine,1,10.49,1.75,0
  3/7/25 ,5.06E+12,ALMUS erectile dysfunction relief tablets f/c 50mg  8,1,26.99,4.5,0
  3/7/25 ,4.02E+12,ALWAYS incontinence range discreet pads long plus  16,1,4.89,0,0
  3/7/25 ,5.39E+12,ANTHISAN BITE & STING cream 2% 20g,1,5.49,0.92,0
  3/7/25 ,5.39E+12,ANTHISAN cream 2% 25g,1,6.15,1.03,0
  3/7/25 ,5.06E+12,Antihistamine Tablets 4mg 28s,1,2.99,0.5,0
  3/7/25 ,5.06E+12,ASPIRIN 300MG TABLETS,3,2.07,0.36,0
  3/7/25 ,5.01E+12,Beconase Hayfever Nasal Spray 0.05% 180 Doses,1,10.99,1.83,0
  3/7/25 ,3.57E+12,BENADRYL ALLERGY one/a/day tablets 10mg  30,1,9.99,1.67,0
  3/7/25 ,6.01E+12,BUNION CORRECTOR,1,9.99,1.67,0
  3/7/25 ,5.01E+12,Calpol Sfree Inf Susp 200ml,1,7.59,1.27,0
  3/7/25 ,5.02E+12,Calypso Kids Sun Lotion Spf 50,1,6.99,1.17,0
  3/7/25 ,5.01E+12,Canesten Crm 1% 20g,1,5.19,0.87,0
  3/7/25 ,1.05E+18,CLINIPORE SURGICAL TAPE,1,1.29,0.22,0
  3/7/25 ,1.05E+18,CLINIPORE SURGICAL TAPE 2.5X10M,1,1.89,0.32,0
  3/7/25 ,5.06E+12,CO CODAMOL 8MG/500MG,1,3.99,0.67,0
  3/7/25 ,5.05E+12,CORSODYL mouthwash active gum soft mint 500ml,1,5.5,0.92,0
  3/7/25 ,96199480,COTTON BUDS,1,1,0.17,0
  3/7/25 ,5.01E+12,Cotton Wool Roll,1,1.15,0.19,0
  3/7/25 ,5.02E+12,Dermol 500 Ltn 500ml,1,10.88,1.81,0
  3/7/25 ,5.01E+12,Dettol Anti Bact Soap 2x100g,1,2.25,0.38,0
  3/7/25 ,87111842,Dextro Energy Org & Vitc 47g,3,2.37,0,0
  3/7/25 ,5.06E+12,DISPERSIBLE ASPIRIN 75mg 100 TABS,1,2.55,0.43,0
  3/7/25 ,5.00E+12,DULCOLAX TWELVE PLUS 5MG 40TAB,1,5.82,0.97,0
  3/7/25 ,5.06E+12,EAROL OLIVE OIL SPRAY 10ml,3,19.05,3.18,0
  3/7/25 ,4.01E+12,Elastoplast Water Resis 10s,1,1.95,0.33,0
  3/7/25 ,96190968,EURAX HC CREAM,1,4.99,0.83,0
  3/7/25 ,5.02E+12,EXTRA LARGE  FABRC PLASTER,1,2.49,0.42,0
  3/7/25 ,5.02E+12,GALPHARM treathay tablets f/c 120mg  10,1,3.99,0.67,0
  3/7/25 ,5.01E+12,Germoloids Cream 55g,1,8.69,1.45,0
  3/7/25 ,5.03E+12,Halls Soothers Peach,1,0.85,0.14,0
  3/7/25 ,5.03E+12,HYDROCORTISONE OINTMENT,1,8.19,1.37,0
  3/7/25 ,4.03E+12,Hyloforte Drops 10ml,1,8.99,1.5,0
  3/7/25 ,5.03E+12,JAKEMANS menthol lozenges blackcurrant 73g,1,0.99,0.17,0
  3/7/25 ,6.00E+12,KEDLEY KNEE SUPPORT L,1,6.49,1.08,0
  3/7/25 ,5.03E+12,MALIBU SPF 30 LIP BALM 3PK WATERMELON/MINT/VANILLA,1,2.99,0.5,0
  3/7/25 ,8.10E+11,MEDIHONEY,1,8.85,1.48,0
  3/7/25 ,5.00E+12,MELOLIN 5CMX5CM,1,2.1,0.35,0
  3/7/25 ,5.00E+12,Melolin Dressing Pads 10x10cm,1,4.68,0.78,0
  3/7/25 ,5.00E+12,Melolin Single 10x10,11,6.16,1.03,0
  3/7/25 ,7.32E+12,MEPORE 11X15,10,7,1.17,0
  3/7/25 ,991,MISC,1,1.29,0.22,0
  3/7/25 ,8.72E+12,NAILNER fungal nail infection pen 2/in/1 4ml,1,26.99,4.5,0
  3/7/25 ,9.35E+12,NEWFOUNDLAND HIV self test,1,17.99,3,0
  3/7/25 ,5.05E+12,Night Nurse Capsules 10,1,7.16,1.19,0
  3/7/25 ,5.00E+12,Niquitin Clear Patches,1,17.99,0.86,0
  3/7/25 ,5.02E+12,NUAGE body care range aqueous cream 500ml ,1,1.49,0.25,0
  3/7/25 ,4.06E+12,NUMARK IBUPROFEN 400MG 96TAB,1,10.99,1.83,0
  3/7/25 ,5.01E+12,NUMARK KIDS CHEWABLE M/VIT MINERALS 30,2,5.58,0.94,0
  3/7/25 ,5.00E+12,NUROFEN PLUS TABLETS 32,1,11.29,1.88,0
  3/7/25 ,5.01E+12,NYTOL ONE A NGT 20 TABLETS,1,8.19,1.37,0
  3/7/25 ,50483464,Optrex Infected Eye Drops,1,7.99,1.33,0
  3/7/25 ,5.06E+12,Orajel Mouth Gel 10% Blue 5.3g,1,4.79,0.8,0
  3/7/25 ,5.43E+12,PAPER MINTS,1,1.69,0.28,0
  3/7/25 ,5.02E+12,PARACETAMOL CAPS 500mg 16,4,2.2,0.36,0
  3/7/25 ,5.05E+12,Piriton Allergy Tabs 4mg 60 Allergy Tablets  4mg,2,16.98,2.84,0
  3/7/25 ,5.03E+12,PURE CASTOR OIL 150ML,1,6.99,1.17,0
  3/7/25 ,5.02E+12,SAFE & SOUND first aid bandages & dressings absorbent lint 25g,1,3.24,0.54,0
  3/7/25 ,5.01E+12,Savlon Advan Healing Gel 50g,1,5.5,0.92,0
  3/7/25 ,5.06E+12,SILEX covid self test  1,1,2.49,0.42,0
  3/7/25 ,5.01E+12,SOLPADEINE MAX 24,1,9.07,1.51,0
  3/7/25 ,5.01E+12,SOLPADEINE MAX SOL 24,2,17,2.84,0
  3/7/25 ,5.01E+12,SOLPADINE PLUS 24,1,7.27,1.21,0
  3/7/25 ,5.01E+12,SOLPADINE PLUSE 24CAP,1,6.89,1.15,0
  3/7/25 ,3.57E+12,SUDAFED DECONG TABS 12s,3,14.37,2.4,0
  3/7/25 ,3.57E+12,sudafed sinus max strength cap,1,4.99,0.83,0
  3/7/25 ,5.02E+12,Systane Eye Drops Ultra 10ml Lubricating Eye Drops,1,10.99,1.83,0
  3/7/25 ,7.32E+12,TENA discreet pads extra duo  20,4,19,0,0
  3/7/25 ,5.02E+12,Valupak Vit D3 1000iu 60s,2,2.28,0.38,0
  3/7/25 ,5.02E+12,Valupak Vit E 100iu 30 Caps,1,1.48,0.25,0
  3/7/25 ,5.02E+12,VALUPAK vitamins effervescent tablets one/a/day vitamin B+C  20,1,4.29,0.72,0
  3/7/25 ,42182627,VASELINE PETRO JELLY 50ML,1,1.39,0.23,0
  3/7/25 ,5.04E+12,Vizulize Dry Eye Drops,1,3.89,0.65,0
  30/5/25 ,5.02E+12,ADJUSTABLE FINGER SPLINT,8,39.92,6.64,0
  30/5/25 ,5.00E+12,Allevia Fexofenadine,12,125.88,21,0
  30/5/25 ,5.06E+12,ALMUS hayfever & allergy relief tablets 10mg  30,8,19.92,3.36,0
  30/5/25 ,5.06E+12,ALMUS ibuprofen tablets 200mg  24,4,4,0.68,0
  30/5/25 ,5.06E+12,ALMUS sleep aid tablets 50mg  20,4,21.96,3.68,0
  30/5/25 ,5.06E+12,Amorolfine medicated nail lacquer (GSL) 5% 3ml,4,74.08,12.36,0
  30/5/25 ,6.10E+11,ARTIFICIAL NAIL & TIP REMOVER,4,7,1.16,0
  30/5/25 ,5.03E+12,ASPIRIN 75MG GR,4,6.76,1.12,0
  30/5/25 ,5.02E+12,Bazuka Extra Gel 6g,4,32,5.32,0
  30/5/25 ,5.01E+12,BF HAND CREAM,4,4,0.68,0
  30/5/25 ,1.05E+18,CANESTEN CREAM 2%,4,42.36,7.08,0
  30/5/25 ,5.01E+12,Canestest Scrn Test,4,41.96,7,0
  30/5/25 ,5.01E+12,Carnation Corn Cap Plasters,4,17,2.84,0
  30/5/25 ,5.01E+12,CETRABEN cream 475ml,4,67.96,11.32,0
  30/5/25 ,5.01E+12,Citric Acid,8,18.32,3.04,0
  30/5/25 ,5.06E+12,CO CODAMOL,4,15.96,2.68,0
  30/5/25 ,8.72E+12,COLGATE toothpaste total original care 75ml,4,10,1.68,0
  30/5/25 ,5.01E+12,Daktarin Cream,4,19.96,3.32,0
  30/5/25 ,5.02E+12,DENTAL FLOSS PICKS,4,13.96,2.32,0
  30/5/25 ,50158225,Dettol Antiseptic Lqd 750ml,4,23.04,3.84,0
  30/5/25 ,5.06E+12,EPIMAX isomol gel 500g,4,22.6,3.76,0
  30/5/25 ,4.01E+12,Eplast Tough 12,4,13.56,2.28,0
  30/5/25 ,5.07E+12,FERROUS SULFATE 200MG,4,8.76,1.48,0
  30/5/25 ,6.10E+11,FINGERS & TOES AIL POLISH WITH ACETONE,4,5.96,1,0
  30/5/25 ,5.06E+12,FLARIN soft capsules 200mg  30,4,51.96,8.68,0
  30/5/25 ,5.02E+12,GALPHARM treathay tablets f/c 120mg  10,4,15.96,2.68,0
  30/5/25 ,10001585,Gaviscon 150ml Anis,4,15.96,2.68,0
  30/5/25 ,5.00E+12,GAVISCON LIQ ORG ANISEED 150ml,4,17.96,3,0
  30/5/25 ,7.62E+12,Halls Soothers Honey&lemon 10 Honey And Lemon,4,3.4,0.56,0
  30/5/25 ,5.02E+12,Infacol 85ml,4,31.96,5.32,0
  30/5/25 ,5.03E+12,JAKEMANS menthol lozenges blackcurrant 73g,4,3.96,0.68,0
  30/5/25 ,5.03E+12,KLEENEX original tissues  64,4,5,0.84,0
  30/5/25 ,50620814,Magnesium Paste,4,21.96,2.92,4.4
  30/5/25 ,991,MISC,44,56.76,9.48,0
  30/5/25 ,3.10E+11,MITCHUM TRIPLE ODOR POWDER FRESH,4,14.68,2.44,0
  30/5/25 ,5.02E+12,NEUTRAL CLAW CLIPS ASSORT 3,4,13.96,2.32,0
  30/5/25 ,3.57E+12,NEUTROGENA T/Gel shampoo scalp relief 250ml,4,39.96,6.68,0
  30/5/25 ,5.05E+12,Night Nurse Capsules 10,4,28.64,4.76,0
  30/5/25 ,5.00E+12,NUROFEN PLUS TABLETS 32,4,45.16,7.52,0
  30/5/25 ,5.01E+12,NYTOL ONE A NGT 20 TABLETS,8,65.52,10.96,0
  30/5/25 ,5.05E+12,Optrex Allergy Eye Drps 10ml Eye Drops  2%w/v,4,23.96,4,0
  30/5/25 ,5.01E+12,OPTREX eye wash multi action 300ml,4,31.96,5.32,0
  30/5/25 ,10181032356,PALMERS C/OIL H/CREAM,4,15.96,2.68,0
  30/5/25 ,5.06E+12,PARACETAMOL CAPSULES 32S,4,8,1.32,0
  30/5/25 ,5.04E+12,Paramol Tabs Ets 32,4,39.96,6.68,0
  30/5/25 ,5.06E+12,PHORPAIN GEL 10% 50G,4,25.96,4.32,0
  30/5/25 ,5.05E+12,Pirinase Hayfever Nasal Spray 60dse,4,38,6.32,0
  30/5/25 ,5.00E+12,Piriton Syrup 2mg/5ml 150ml,4,23.96,4,0
  30/5/25 ,5.03E+12,PRETTY COTTON WOOL BALLS,4,4,0.68,0
  30/5/25 ,5.01E+12,Rennie Heartburn Rel Mint 150ml,4,17.56,2.92,0
  30/5/25 ,5.01E+12,Savlon Antisept Crm 30g,12,29.88,5.04,0
  30/5/25 ,5.01E+12,SOLPADEINE MAX 24,12,108.84,18.12,0
  30/5/25 ,5.01E+12,SOLPADINE PLUS 24,8,58.16,9.68,0
  30/5/25 ,5.00E+12,Strepsils Hny&lmn 16S,4,13.96,2.32,0
  30/5/25 ,3.57E+12,Sudafed Block Nose Spray 15ml,4,23.16,3.88,0
  30/5/25 ,5.06E+12,SURESIGN 2 PREGNANCY TEST,4,14,2.32,0
  30/5/25 ,5.02E+12,TROPICAL SHOWER CAP,4,15.96,2.68,0
  30/5/25 ,7.33E+12,Tubigrip 1m Size C,4,19.96,3.32,0
  30/5/25 ,42182634,Vaseline Petro Jelly 100ml,4,7.96,1.32,0
  30/5/25 ,42182627,VASELINE PETRO JELLY 50ML,4,5.56,0.92,0
  30/5/25 ,1.21E+12,VIAGRA 4,4,76.92,12.84,0
  30/5/25 ,5.03E+12,WISDOM TRIPLE PACK ,4,5.96,1,0
  30/6/25   ,5.06E+12,3 IN 1 MAKE UP REMOVAL WIPES,1,1,0.17,0
  30/6/25   ,5.01E+12,ACRIFLEX CREAM 30g,1,3.99,0.67,0
  30/6/25   ,5.00E+12,ALLEVIA 120MG,2,10.64,1.78,0
  30/6/25   ,5.06E+12,ALMUS PARACETAMOL ORAL S 2MPLUS,1,3.59,0.6,0
  30/6/25   ,96032909,Anbesol Teething Gel 10g,1,2.7,0.45,0
  30/6/25   ,5.06E+12,Antihistamine Tablets 4mg 28s,2,5.98,1,0
  30/6/25   ,3.57E+12,Aveeno Skin Relief Hand Cream 75ml,1,7.07,1.18,0
  30/6/25   ,5.00E+12,Bach Rescue Remedy Spray 20ml,1,11.5,1.92,0
  30/6/25   ,5.01E+12,BEAUTY FORMULAS intensive foot cream  100ml,1,1.39,0.23,0
  30/6/25   ,5.01E+12,Beconase H/fever Ad100 Spray,1,7.99,1.33,0
  30/6/25   ,5.02E+12,BELLS OTC medicines analgesics paracetamol caplets 500mg  32,2,3,0.5,0
  30/6/25   ,5.01E+12,Bonjela Soothng Gel 15ml,2,7.98,1.34,0
  30/6/25   ,5.02E+12,Calypso After Sun Aloe Gel,2,7.98,1.34,0
  30/6/25   ,5.02E+12,CALYPSO travel pack sun lotion SPF15 & 20 after sun 100ml 3,1,7.69,1.28,0
  30/6/25   ,7.32E+12,Ccs Foot Care Cream,1,7.99,1.33,0
  30/6/25   ,1.05E+18,CLINIPORE TAPE 2.5CMX5M,1,1.49,0.25,0
  30/6/25   ,50632725,Clove Oil 10ml,1,3.99,0.67,0
  30/6/25   ,5.06E+12,CO CODAMOL 8MG/500MG,3,11.97,2.01,0
  30/6/25   ,4.01E+12,Complan S/berry 57g,2,8.4,0,0
  30/6/25   ,5.00E+12,CUSSONS creations handwash sea samphire & waterlily 500ml,1,1,0.17,0
  30/6/25   ,5.01E+12,CUTICURA ORIG BODY POWDER,1,4.99,0.83,0
  30/6/25   ,5.39E+12,DIORALYTE oral powder sachets citrus 0.53g/3.56g/0.30g/0.47g  6,1,4.99,0.83,0
  30/6/25   ,5.01E+12,Disp Asprin 75mg 100s,2,5.1,0.86,0
  30/6/25   ,5.06E+12,DISPERSIBLE ASPIRIN 75mg 100 TABS,1,2.55,0.43,0
  30/6/25   ,5.00E+12,Dulcoease 100mg 30 Caps,1,6.5,1.08,0
  30/6/25   ,4.01E+12,Elastoplast Water Resis 10s,1,1.95,0.33,0
  30/6/25   ,5.06E+12,EPIMAX,2,9.98,1.66,0
  30/6/25   ,5.01E+12,EURAX cooling itch relief gel 75g,1,5.99,1,0
  30/6/25   ,5.01E+12,EURAX CREAM W CROTAMITON10%,2,9.98,1.66,0
  30/6/25   ,96190968,EURAX HC CREAM,4,19.96,3.32,0
  30/6/25   ,5.02E+12,FACIAL WIPES ,2,2,0.32,0.1
  30/6/25   ,5.01E+12,FACIAL WIPES SOFT APRICOT,1,1,0.17,0
  30/6/25   ,5.01E+12,Femfresh Ult Care Wash 250ml,1,2.99,0.5,0
  30/6/25   ,5.06E+12,Ferrous Fumarate 210mg Tablets,2,8.28,1.38,0
  30/6/25   ,6.92E+12,FLOWFLEX lateral flow test kits  5,2,18,3,0
  30/6/25   ,5.02E+12,Fluconazole 150mg Capsule,1,3.99,0.67,0
  30/6/25   ,5.02E+12,GALPHARM treathay tablets f/c 120mg  10,2,7.98,1.33,0
  30/6/25   ,5.02E+12,GALPHARM treathay tablets f/c 120mg  30,1,6.99,1.17,0
  30/6/25   ,5.01E+12,GERMOLENE ANTISEPT CREAM 30g,1,3.2,0.53,0
  30/6/25   ,7.70E+12,Gillette Foam Classic Sens 200ml,2,3.1,0.52,0
  30/6/25   ,5.03E+12,JAKEMANS menthol sweets throat & chest 41g,1,0.99,0.17,0
  30/6/25   ,3.57E+12,Johnsons Face Care Face Care Makeup Be Extra Sensitive Wipes,1,3.3,0.5,0.33
  30/6/25   ,5.03E+12,KLEENEX balsam regular  64,1,2.25,0.38,0
  30/6/25   ,5.02E+12,Laxido Orange (keep),1,5.92,0.99,0
  30/6/25   ,5.02E+12,LENS CLEANING WIPES,1,2.99,0.5,0
  30/6/25   ,5.00E+12,MELOLIN 5CMX5CM,1,2.1,0.35,0
  30/6/25   ,5.00E+12,Melolin Dressing Pads 10x10cm,1,4.68,0.78,0
  30/6/25   ,5.00E+12,Melolin Single 10x10,5,2.8,0.47,0
  30/6/25   ,7.32E+12,MEPORE DRESSING 9X20CM/3.6X8IN,1,1,0.17,0
  30/6/25   ,991,MISC,3,6.29,1.05,0
  30/6/25   ,3.10E+11,MITCHUM MEN,1,3.42,0.57,0
  30/6/25   ,5.02E+12,MURRAYS clippers toe nail,1,2.59,0.43,0
  30/6/25   ,5.02E+12,Na Garlic Pearls 90s,1,7.95,1.33,0
  30/6/25   ,8.72E+12,Nailner Fungal Nail Infection Brush 5ml Brush,1,19.99,3.33,0
  30/6/25   ,5.05E+12,Night Nurse Capsules 10,1,7.16,1.19,0
  30/6/25   ,4.06E+12,NUMARK IBUPROFEN 400MG 48S,1,7.69,1.28,0
  30/6/25   ,5.00E+12,Nurofen Child Strwbry 100ml,1,4.25,0.71,0
  30/6/25   ,5.00E+12,Nurofen Exp Liq Cap 20 Liquid Capsules  400mg,1,9.99,1.67,0
  30/6/25   ,5.01E+12,NUROFEN PLUS IBUPROFEN.CODEINE 24TAB,2,19.6,3.26,0
  30/6/25   ,5.70E+12,Okeefes Working Hnds 85g,1,8.99,1.5,0
  30/6/25   ,5.00E+12,Olbas Inhaler 695mg,1,3.29,0.55,0
  30/6/25   ,3.57E+12,OVEX SUSPENSION FAMILY PK 30ml,1,15.99,2.67,0
  30/6/25   ,5.06E+12,PARACETAMOL,1,1.5,0.25,0
  30/6/25   ,5.02E+12,PARACETAMOL EFFERVESCENT TABLETS,1,4.1,0.68,0
  30/6/25   ,5.05E+12,Pirinase Hayfever Nasal Spray 60dse,1,9.5,1.58,0
  30/6/25   ,5.06E+12,POCKET TISSUES,1,1.49,0.25,0
  30/6/25   ,5.02E+12,SAFE & SOUND medicine organisers 7 day pill box reminder,1,1.39,0.23,0
  30/6/25   ,5.01E+12,Sinutab Tablets 15s,1,6.49,1.08,0
  30/6/25   ,5.01E+12,SOLPADEINE MAX SOL 24,1,8.5,1.42,0
  30/6/25   ,3.33E+12,Sterimar Nasal Isotonic Spry 50ml,1,4.29,0.72,0
  30/6/25   ,5.01E+12,STUGERON 15 TABS,1,5.29,0.88,0
  30/6/25   ,96073964,TEA TREE OIL,1,2.99,0.5,0
  30/6/25   ,7.32E+12,TENA MEN PROTECTIVE SHIELD,1,4.49,0,0
  30/6/25   ,5.01E+12,Virasoothe Spry Gel 60ml,1,10.49,1.75,0
  30/6/25   ,5.04E+12,WATER RESISTANT PLASTERS 40,1,2.99,0.5,0
  31/5/25 ,5.02E+12,4 IN 1 FACIAL CLEANSING WIPES,8,8,1.36,0
  31/5/25 ,5.01E+12,Actifed MultI/Action Tabs 12s,4,23.16,3.88,0
  31/5/25 ,5.06E+12,ALMUS sleep aid tablets 50mg  20,8,43.92,7.36,0
  31/5/25 ,5.06E+12,ALMUS tickly cough syrup 0.75mg/5ml 200ml,4,15.96,2.68,0
  31/5/25 ,/10826273,ALVITA DIGITAL THERMOMETER,4,15.96,2.68,0
  31/5/25 ,5.01E+12,ANUSOL 23G CREAM,4,17.16,2.88,0
  31/5/25 ,5.01E+12,ANUSOL HC SUPPOSITORIES,4,27.16,4.52,0
  31/5/25 ,5.01E+12,ANUSOL SOOTHING CLENSING WIPES,4,18,3,0
  31/5/25 ,5.01E+12,Anusol Suppositories 12s,4,17.96,3,0
  31/5/25 ,5.04E+12,AQUEOUS CREAM 500ML,4,5.96,1,0
  31/5/25 ,5.02E+12,BELLS OTC medicines analgesics paracetamol caplets 500mg  32,4,6,1,0
  31/5/25 ,5.01E+12,Buttercup Bronchostop Syr 200ml,4,43.96,7.32,0
  31/5/25 ,5.01E+12,Calamine Lotion 200ml,4,13.16,2.2,0
  31/5/25 ,5.02E+12,Calypso After Sun Aloe Gel,4,15.96,2.68,0
  31/5/25 ,5.02E+12,CALYPSO sun protection continuous spray spf30 175ml,4,29.96,5,0
  31/5/25 ,1.05E+18,CANESTEN CREAM 2%,4,42.36,7.08,0
  31/5/25 ,5.01E+12,Canesten Crm 1% 20g,4,28.76,4.8,0
  31/5/25 ,8.00E+12,Clearblue _brand Clearblue Early Detecti Early Detection Visual,4,45.96,7.68,0
  31/5/25 ,4.08E+12,Clearblue Digital Preg Test Sngle,4,49.16,8.2,0
  31/5/25 ,5.06E+12,CO CODAMOL,16,63.84,10.72,0
  31/5/25 ,5.01E+12,Cystopurin Granules 6 X 7g Cranberry  3g,4,33.56,5.6,0
  31/5/25 ,5.01E+12,DEEP FREEZE muscle rescue cold spray 72.5ml,4,23.96,4,0
  31/5/25 ,5.01E+12,Dettol Hand Hygiene Gel,4,7.2,1.2,0
  31/5/25 ,87111842,Dextro Energy Org & Vitc 47g,4,3,0,0
  31/5/25 ,5.00E+12,DURACELL PLUS 9V,8,20.72,3.44,0
  31/5/25 ,5.02E+12,FABRIC PLASTERS,4,9.56,1.6,0
  31/5/25 ,5.02E+12,FACIAL WIPES ULTRA SENSITIVE,4,4,0.68,0
  31/5/25 ,5.01E+12,Ferrous Sulphate 100s 200mg,4,23.96,4,0
  31/5/25 ,6.10E+11,FINGER & TOE NAIL POLISH WITH ACETONE,4,4,0.68,0
  31/5/25 ,6.92E+12,FLOWFLEX lateral flow test kits  5,4,36,6,0
  31/5/25 ,5.02E+12,GALPHARM treathay tablets f/c 120mg  30,4,27.96,4.68,0
  31/5/25 ,5.01E+12,Glyceryl Trinitrate Spray,4,22,3.68,0
  31/5/25 ,7.62E+12,Halls Soothers Honey&lemon 10 Honey And Lemon,4,3.4,0.56,0
  31/5/25 ,5.03E+12,Halls Soothers Peach,4,3.4,0.56,0
  31/5/25 ,3.57E+12,HERBAL CHESTY COUGH,4,26,4.32,0
  31/5/25 ,5.03E+12,Hydrocortisone 1% Cream,4,32.76,5.48,0
  31/5/25 ,5.01E+12,IBUPROFEN 200MG 24S,4,5.96,1,0
  31/5/25 ,5.06E+12,Ibuprofen 400mg 48s,4,19.96,3.32,0
  31/5/25 ,5.06E+12,IBUPROFEN AMD CODEINE,8,67.92,11.36,0
  31/5/25 ,5.01E+12,Ibuprofen Tablets 200mg 24,4,12.76,2.12,0
  31/5/25 ,7.35E+12,IHEARU EAR PLUG ONE SIZE,4,11.96,2,0
  31/5/25 ,5.03E+12,JAKEMANS menthol lozenges honey & lemon 160g,4,7.96,1.32,0
  31/5/25 ,5.03E+12,JAKEMANS menthol lozenges menthol & eucalyptus 73g,4,3.96,0.68,0
  31/5/25 ,5.03E+12,JAKEMANS menthol sweets throat & chest 41g,4,3.96,0.68,0
  31/5/25 ,5.03E+12,KLEENEX balsam extra large compact  40,4,9,1.52,0
  31/5/25 ,4.99E+12,Koolnsoothe Child 4,4,10.8,1.8,0
  31/5/25 ,5.06E+12,Lactulose 500ml,4,35.96,6,0
  31/5/25 ,5.00E+12,Lemsip Max C/fl Dy/nght 16 Capsules,4,21.96,3.68,0
  31/5/25 ,5.01E+12,LISTERINE antiseptic mouthwash coolmint 500ml ,4,18.16,3.04,0
  31/5/25 ,5.02E+12,LOPERAMIDE 2MG,4,15.36,2.56,0
  31/5/25 ,5.06E+12,MELBOURNE SPRING WATER,4,4,0.68,0
  31/5/25 ,3.57E+12,Migraleve Pink 12 Tabs,4,31.96,5.32,0
  31/5/25 ,5.00E+12,Night Nurse 160ml,8,71.92,12,0
  31/5/25 ,5.05E+12,Night Nurse Capsules 10,4,28.64,4.76,0
  31/5/25 ,5.01E+12,NYTOL ONE A NGT 20 TABLETS,8,65.52,10.96,0
  31/5/25 ,5.01E+12,OPTICROM ALLERGY 2%,4,23.96,4,0
  31/5/25 ,3.57E+12,ORALDENE medicated relief for mouth & throat infections 200ml ,4,20,3.32,0
  31/5/25 ,5.02E+12,Otex Ear Drops 5%,4,22.4,3.72,0
  31/5/25 ,7.35E+12,OTOVENT GLUE EAR TREATMENT,4,47.96,6.4,9.6
  31/5/25 ,5.01E+12,Ovex Family Pack 4 Tabs,4,53.16,8.88,0
  31/5/25 ,10181145551,PALMERS COCOA BUTTER SOAP,4,11.96,2,0
  31/5/25 ,10181032806,PALMERS COCONUT OIL BODY LOTION 250ML,4,19.96,3.32,0
  31/5/25 ,5.06E+12,PARACETAMOL,16,24,4,0
  31/5/25 ,5.02E+12,Paracetamol Caplets 32,4,6,1,0
  31/5/25 ,5.04E+12,Paramol Ets 24 Tabs,4,33.96,5.68,0
  31/5/25 ,5.00E+12,Piriteze Allergy Syrup 70ml,4,24.36,4.08,0
  31/5/25 ,5.00E+12,Piriton Syrup 2mg/5ml 150ml,8,47.92,8,0
  31/5/25 ,5.01E+12,Potassium Citrate Mix(care),12,39.48,6.6,0
  31/5/25 ,6.00E+12,POXCLIN COOL MOUSSE,4,43.96,7.32,0
  31/5/25 ,5.04E+12,Scholl Toenail Scissors,4,31.96,5.32,0
  31/5/25 ,5.06E+12,SILEX covid self test  1,4,9.96,1.68,0
  31/5/25 ,5.01E+12,SOLPADEINE MAX 24,8,72.56,12.08,0
  31/5/25 ,5.02E+12,SUDOCREM 60G,4,13.4,2.24,0
  31/5/25 ,5.01E+12,T.c.p. Lqd 100ml,4,23.96,4,0
  31/5/25 ,7.32E+12,Tena Lady Discreet Norm 12,4,11,0,0
  31/5/25 ,5.02E+12,Valupak Vit D3 1000iu 60s,16,18.24,3.04,0
  31/5/25 ,50064861,Vaseline Lip Rosy 20g,4,7.72,1.28,0
  31/5/25 ,1.21E+12,VIAGRA 8 TABLETS ,4,155.96,26,0
  31/5/25 ,5.01E+12,Vicks First Def Nasal Spry 15ml,4,30.6,5.12,0
  31/5/25 ,5.05E+12,VOLTAROL PLASTER,4,33.96,5.68,0
  31/5/25 ,5.10E+12,WATER WIPES,4,11.44,1.92,0
  31/5/25 ,5.01E+12,Windsetlers Gel Caps 24 Gel Caps  100mg,4,25.56,4.28,0
  4/6/25   ,5.01E+12,Acetone Solvent 50ml,4,11.56,1.92,0
  4/6/25   ,9.34E+12,AEROPAD low adherent pad 10cm x 10cm 3,4,13.8,2.32,0
  4/6/25   ,5.00E+12,ALLEVIA 120MG,4,21.28,3.56,0
  4/6/25   ,5.00E+12,Allevia Fexofenadine,4,41.96,7,0
  4/6/25   ,5.06E+12,ALMUS erectile dysfunction relief tablets f/c 50mg  8,4,107.96,18,0
  4/6/25   ,5.06E+12,ALMUS hayfever & allergy relief tablets 10mg  30,4,9.96,1.68,0
  4/6/25   ,5.06E+12,ALMUS mucus cough syrup 100mg/5ml 200ml,4,15.96,2.68,0
  4/6/25   ,5.01E+12,Anusol Cream 43g,4,27.56,4.6,0
  4/6/25   ,5.01E+12,Anusol Ointment 25g,4,17.16,2.88,0
  4/6/25   ,5.01E+12,Beconase H/fever Ad100 Spray,4,31.96,5.32,0
  4/6/25   ,5.01E+12,BENYLIN CHESTY COUGH ORG 150ml,4,31.96,5.32,0
  4/6/25   ,5.02E+12,BRUSH PICKS,4,7.96,1.32,0
  4/6/25   ,5.01E+12,Canesten 500mg Pessary,4,48.76,8.12,0
  4/6/25   ,5.01E+12,Care Decongestant Tabs,4,11.96,2,0
  4/6/25   ,5.01E+12,Carnation Bunion Pads,8,15.92,2.64,0
  4/6/25   ,5.01E+12,Carnation Fng/toe Bnd 4m,4,14.6,2.44,0
  4/6/25   ,5.06E+12,CB 12 spray 15ml ,4,10.36,1.72,0
  4/6/25   ,5.01E+12,CLARITYN kids allergy syrup berry 5mg/5ml 60ml,4,23.16,3.88,0
  4/6/25   ,1.05E+18,CLINIPORE SURGICAL TAPE,4,5.16,0.88,0
  4/6/25   ,1.05E+18,CLINIPORE TAPE 2.5CMX5M,8,11.92,2,0
  4/6/25   ,5.06E+12,CO CODAMOL,16,63.84,10.72,0
  4/6/25   ,5.00E+12,Corsodyl Dly Mw Frsh Mint 500ml,4,18,3,0
  4/6/25   ,5.01E+12,Cotton Wool Roll,8,9.2,1.52,0
  4/6/25   ,5.03E+12,Daktacort Hc Cream 15g,4,30.76,5.12,0
  4/6/25   ,42405962,DEXTRO BLUEBERRY,4,3.16,0.52,0
  4/6/25   ,50184262,Dextro Energy B/currant 47g,8,6.32,0,0
  4/6/25   ,50184491,Dextro Energy Tropical,4,3.16,0,0
  4/6/25   ,5.39E+12,DIORALYTE oral powder sachets citrus 0.53g/3.56g/0.30g/0.47g  6,4,19.96,3.32,0
  4/6/25   ,5.06E+12,Epaderm Cream 50g,4,13.96,2.32,0
  4/6/25   ,5.06E+12,EPIMAX cream 100g ,4,5.96,1,0
  4/6/25   ,4.01E+12,Eplast Fabric Assort Strips 40,4,19.96,3.32,0
  4/6/25   ,5.03E+12,FACE FACTS MUD MASK CUCUMBER,4,4,0.68,0
  4/6/25   ,5.02E+12,FACIAL WIPES ,4,4,0.68,0
  4/6/25   ,4.00E+12,Floravital Liquid,4,45.56,7.6,0
  4/6/25   ,5.02E+12,FOSTER & GRANT 1.50,4,60,10,0
  4/6/25   ,5.02E+12,GALPHARM treathay tablets f/c 120mg  30,4,27.96,4.68,0
  4/6/25   ,5.01E+12,GAVISCON DOUBLE ACTION chewable tablets mixed berries 187.5mg/250mg/106.5mg  48,4,47.96,8,0
  4/6/25   ,50658053,Halls Cherry,4,3.4,0.56,0
  4/6/25   ,96043509,Halls Citrus sf,4,3.4,0.56,0
  4/6/25   ,5.06E+12,IBUPROFEN 400MG TABLETS,4,23.96,4,0
  4/6/25   ,5.06E+12,IBUPROFEN AMD CODEINE,4,33.96,5.68,0
  4/6/25   ,3.57E+12,IMODIUM ORIGINAL 2MG 12S,4,29.16,4.88,0
  4/6/25   ,5.04E+12,Ispaghula Orange,8,33.2,5.52,0
  4/6/25   ,5.03E+12,JAKEMANS menthol lozenges blackcurrant 73g,4,3.96,0.68,0
  4/6/25   ,5.03E+12,JAKEMANS menthol lozenges cherry 73g,4,3.96,0.68,0
  4/6/25   ,5.03E+12,JAKEMANS menthol lozenges peppermint 73g,12,11.88,2.04,0
  4/6/25   ,5.03E+12,JAKEMANS menthol lozenges throat & chest 73g,12,11.88,2,0
  4/6/25   ,3.57E+12,Johnsons Baby Oil 200ml,8,11.92,2,0
  4/6/25   ,5.02E+12,Jointace Gel,4,37.4,6.24,0
  4/6/25   ,5.02E+12,KINETIK BLOOD PRESSURE MONITOR,4,99.96,16.68,0
  4/6/25   ,5.03E+12,KWELLS 12 TABLETS,4,15.96,2.68,0
  4/6/25   ,5.06E+12,Lactulose 3.3g/5ml Oral Solusion,4,25.16,4.2,0
  4/6/25   ,50620814,Magnesium Paste,12,65.88,11.04,0
  4/6/25   ,5.00E+12,MELOLIN 5CMX5CM,16,33.6,5.6,0
  4/6/25   ,5.00E+12,MELOLIN ADHESIVE dressing consumer/OTC pack  10cm x 8cm 5,4,20.36,3.4,0
  4/6/25   ,991,MISC,4,9.96,1.68,0
  4/6/25   ,5.06E+12,MURINE eye drops dry & tired eye drops 0.15% 15ml,4,16.28,2.72,0
  4/6/25   ,5.00E+12,Night Nurse 160ml,4,35.96,6,0
  4/6/25   ,5.00E+12,Nurofen Exp Lqd Caps 16 200mg,4,17.16,2.88,0
  4/6/25   ,5.01E+12,NUROFEN PLUS IBUPROFEN.CODEINE 24TAB,4,39.2,6.52,0
  4/6/25   ,5.00E+12,NUROFEN PLUS TABLETS 32,4,45.16,7.52,0
  4/6/25   ,5.01E+12,OPTICROM ALLERGY 2%,4,23.96,4,0
  4/6/25   ,5.05E+12,Optrex Allergy Eye Drps 10ml Eye Drops  2%w/v,4,23.96,4,0
  4/6/25   ,5.01E+12,Ovex Family Pack 4 Tabs,4,53.16,8.88,0
  4/6/25   ,3.57E+12,OVEX SUSPENSION FAMILY PK 30ml,4,63.96,10.68,0
  4/6/25   ,3.57E+12,Ovex Tablet Single Tablet,16,84.64,14.12,0
  4/6/25   ,10181045806,PALMERS MEN 3IN1 LOTION,4,21,3.52,0
  4/6/25   ,5.00E+12,Piriton Syrup 2mg/5ml 150ml,4,23.96,4,0
  4/6/25   ,5.03E+12,PURE CASTOR OIL 150ML,4,27.96,4.68,0
  4/6/25   ,9.31E+12,QV emollient cream 500g,4,57.96,9.68,0
  4/6/25   ,8.72E+12,SANEX shower gel zero % sensitive 450ml,4,12,2,0
  4/6/25   ,5.00E+12,Scholl Corn Removal Plasters,4,13.96,2.32,0
  4/6/25   ,5.01E+12,Senokot Tabs 7.5mg 20pk,4,14.2,2.36,0
  4/6/25   ,5.05E+12,SENSODYNE ORIGINAL 75ML,4,22,3.68,0
  4/6/25   ,5.01E+12,SOLPADEINE MAX 24,12,108.84,18.12,0
  4/6/25   ,5.01E+12,SOLPADEINE MAX SOL 24,8,68,11.36,0
  4/6/25   ,5.01E+12,SOLPADINE PLUS 24,8,58.16,9.68,0
  4/6/25   ,5.01E+12,Steradent Active Plus 30 Tabs,4,5.2,0.88,0
  4/6/25   ,3.33E+12,Sterimar Nasal Isotonic Spry 50ml,4,17.16,2.88,0
  4/6/25   ,3.57E+12,SUDAFED DECONG TABS 12s,4,19.16,3.2,0
  4/6/25   ,5.06E+12,SUNVIT/D3 vitamin D3 capsules 1000iu  28,8,39.92,6.64,0
  4/6/25   ,4.01E+12,Tabac Orig Deod Stck 75ml Deodorant Stick,4,24.76,4.12,0
  4/6/25   ,5.06E+12,TEA TREE CLENSING WIPES 25,4,4,0.68,0
  4/6/25   ,5.02E+12,TWEEZERS,4,7.56,1.28,0
  4/6/25   ,5.02E+12,UNICORN HAIRBRUSH,4,13.96,2.32,0
  4/6/25   ,5.02E+12,VALUPAK FOLIC ACID 90S,4,4.56,0.76,0
  4/6/25   ,42182634,Vaseline Petro Jelly 100ml,4,7.96,1.32,0
  4/6/25   ,5.10E+12,Vaselne Lip Therapy Org 20g,4,7.72,1.28,0
  4/6/25   ,8.70E+12,VICKS vaporub easy applicator 35g,8,48,8,0
  4/6/25   ,5.05E+12,Voltarol 12hr EmugeL/P 50g,4,47.96,8,0
  4/6/25   ,5.02E+12,WELLWOMAN 70+ tablets   30,4,39.8,6.64,0
  4/6/25   ,42211471,WRIGLEYS EXTRA WHITE CHEWING GUM,4,3.16,0.52,0
  4/6/25   ,5.01E+12,ZIPAMOL PLUS effervescent tablets 8/500mg  32,4,23.96,4,0
  4/7/25 ,5.06E+12,ALMUS CLOTRIMAZOLE 1% 20G,1,3.99,0.67,0
  4/7/25 ,8.43E+12,ALVITA eye care wash & bath 100ml,1,4.49,0.75,0
  4/7/25 ,5.39E+12,ANTHISAN cream 2% 25g,2,12.3,2.05,0
  4/7/25 ,5.01E+12,Anusol Ointment 25g,1,4.29,0.72,0
  4/7/25 ,5.02E+12,BELLS OTC medicines analgesics paracetamol caplets 500mg  32,1,1.5,0.25,0
  4/7/25 ,5.06E+12,CO CODAMOL,1,5.99,0.8,1.2
  4/7/25 ,5.06E+12,CO CODAMOL 8MG/500MG,2,7.98,1.34,0
  4/7/25 ,5.71E+12,Compeed For Bunions,1,8.13,1.36,0
  4/7/25 ,9.00E+12,Cow/gate Instant Carobel 135g Instant Carobel,2,8.7,0,0
  4/7/25 ,5.05E+12,DAY NURSE tablets f/c 500mg/30mg  18,1,8.5,1.42,0
  4/7/25 ,5.39E+12,DIORALYTE oral powder sachets citrus 0.53g/3.56g/0.30g/0.47g  6,1,4.99,0.83,0
  4/7/25 ,5.39E+12,DIORALYTE RELIEF sachets s/f blackcurrant 300mg/350mg/580mg  6,1,5.59,0.93,0
  4/7/25 ,7.35E+12,EAR PLUGS 2P CHILDREN,1,3.99,0.67,0
  4/7/25 ,5.06E+12,EAROL OLIVE OIL SPRAY 10ml,2,12.7,2.12,0
  4/7/25 ,96190968,EURAX HC CREAM,1,4.99,0.83,0
  4/7/25 ,5.02E+12,GALPHARM ibuprofen & paracetamol tablets f/c 200mg/500mg  16,1,2.99,0.5,0
  4/7/25 ,5.00E+12,Gaviscon Advance P/Mint Tabs,1,9.29,1.55,0
  4/7/25 ,5.04E+12,GOLDEN EYE OINT 1%,1,6.89,1.15,0
  4/7/25 ,50658053,Halls Cherry,1,0.85,0.14,0
  4/7/25 ,5.03E+12,Halls Soothers S/Berry,1,0.85,0.14,0
  4/7/25 ,5.02E+12,Ibuleve Max Strength 50g,1,8.79,1.47,0
  4/7/25 ,5.06E+12,IBUPROFEN AMD CODEINE,1,8.49,1.42,0
  4/7/25 ,3.57E+12,Imodium Instants 12s,2,16.48,2.74,0
  4/7/25 ,3.57E+12,Johnsons Baby Oil 200ml,1,1.49,0.25,0
  4/7/25 ,5.06E+12,Lactulose 500ml,1,8.99,1.5,0
  4/7/25 ,7.31E+12,LAMISIL 1% SPRAY,1,6.6,1.1,0
  4/7/25 ,5.01E+12,Lyclear Dermal Crm 30g Dermal Cream  5%,2,23.86,3.98,0
  4/7/25 ,5.00E+12,MELOLIN 5CMX5CM,1,2.1,0.35,0
  4/7/25 ,5.00E+12,MELOLIN ADHESIVE low/adhesive absorbent dressing pads consumer/OTC pack  8.3cm x 6cm 5,1,3.54,0.59,0
  4/7/25 ,5.06E+12,MGO MANUKA HONEY DROPS,1,7.59,1.27,0
  4/7/25 ,991,MISC,1,1.99,0.33,0
  4/7/25 ,5.01E+12,MOVICOL EASE powder for oral solution sachets flavour free 13.125g/46.6mg/178.5mg/350.7mg  20,1,10.89,1.82,0
  4/7/25 ,5.05E+12,Night Nurse Capsules 10,2,14.32,2.38,0
  4/7/25 ,4.06E+12,NUMARK IBUPROFEN 400MG 96TAB,2,21.98,3.66,0
  4/7/25 ,5.00E+12,Nurofen Child Strwbry 100ml,1,4.25,0.71,0
  4/7/25 ,5.00E+12,Nurofen For Children Orange 100ml,1,4.25,0.71,0
  4/7/25 ,5.01E+12,NUROMOL dual action pain relief tablets 200mg/500mg  16,1,4.99,0.83,0
  4/7/25 ,5.01E+12,OPTREX eye wash multi action 100ml,2,10.78,1.8,0
  4/7/25 ,5.05E+12,PANADOL ADVANCE caplets 500mg  32,1,3.49,0.58,0
  4/7/25 ,5.02E+12,PARACETAMOL CAPS 500mg 16,3,1.65,0.27,0
  4/7/25 ,5.06E+12,PARACETAMOL CAPSULES 32S,1,2,0.33,0
  4/7/25 ,5.04E+12,Paramol Tabs Ets 32,2,19.98,3.34,0
  4/7/25 ,7.61E+12,Ricola Drops 45g S/f Lemon Mint Box,1,1.45,0.24,0
  4/7/25 ,5.00E+12,SENSODYNE toothpaste pronamel whitening 75ml,1,4.5,0.75,0
  4/7/25 ,5.06E+12,SILEX covid self test  1,2,4.98,0.84,0
  4/7/25 ,5.01E+12,SOLPADEINE MAX 24,3,27.21,4.53,0
  4/7/25 ,5.01E+12,SOLPADINE PLUS 24,2,14.54,2.42,0
  4/7/25 ,5.01E+12,Strepsils H/l Double Action,1,5.89,0.98,0
  4/7/25 ,3.57E+12,Sudafed Day/night,1,5.56,0.93,0
  4/7/25 ,7.33E+12,Tubigrip Size B,1,4.99,0.83,0
  4/7/25 ,6.00E+12,Wrist Support With Metal Support,1,12.99,2.17,0
  4/7/25 ,5.01E+12,ZIPAMOL PLUS effervescent tablets 8/500mg  32,2,11.98,2,0
  5/6/25   ,5.06E+12,3 IN 1 MAKE UP REMOVAL WIPES,8,8,1.36,0
  5/6/25   ,5.02E+12,ACNECIDE FACE 5%,4,39.96,5.32,8
  5/6/25   ,5.01E+12,Almond Oil,4,7.16,0,1.44
  5/6/25   ,5.06E+12,ALMUS cold sore cream 5% 2g,4,11.96,2,0
  5/6/25   ,5.06E+12,ALMUS period pain reliever tablets g/r 250mg  9,4,21.96,3.68,0
  5/6/25   ,5.06E+12,ALMUS sleep aid tablets 50mg  20,12,65.88,11.04,0
  5/6/25   ,5.39E+12,ANTHISAN BITE & STING cream 2% 20g,4,21.96,3.68,0
  5/6/25   ,5.01E+12,Anusol Ointment 25g,4,17.16,2.88,0
  5/6/25   ,5.01E+12,ANUSOL SOOTHING CLENSING WIPES,8,36,6,0
  5/6/25   ,5.05E+12,AQUAFRESH toothpaste childrens splash strawberry 50ml,4,6.84,1.16,0
  5/6/25   ,5.01E+12,Aspirin Disp Tabs 300mg 32s,4,10,1.68,0
  5/6/25   ,5.06E+12,Baby Cotton Pads,4,4.6,0.76,0
  5/6/25   ,5.00E+12,Bach Rescue Remedy Ngt Drop 10ml,4,33.96,4.52,6.8
  5/6/25   ,5.01E+12,Beconase H/fever Ad100 Spray,4,31.96,5.32,0
  5/6/25   ,5.60E+12,Benzydamine 0.15% Oromucosal Spray,4,27.96,4.68,0
  5/6/25   ,5.01E+12,Calpol Inf S/f 120mg/5ml 100ml,4,18.36,3.08,0
  5/6/25   ,1.05E+18,CANESTEN CREAM 2%,4,42.36,7.08,0
  5/6/25   ,83078007133,CARMEX PEACH & MANGO,4,13.96,2.32,0
  5/6/25   ,5.01E+12,Carnation Fng/toe Bnd 4m,4,14.6,2.44,0
  5/6/25   ,5.06E+12,CO CODAMOL,20,79.8,13.4,0
  5/6/25   ,5.05E+12,CORSODYL mouthwash original alcohol free 0.2% 300ml,4,23.4,3.92,0
  5/6/25   ,5.06E+12,COVID/19 ANTIGEN,4,36,6,0
  5/6/25   ,5.01E+12,Covonia Cough Original,4,7.2,1.2,0
  5/6/25   ,5.03E+12,Daktarin Aktiv Cream,4,33.16,5.52,0
  5/6/25   ,5.01E+12,Daktarin Cream,4,19.96,3.32,0
  5/6/25   ,5.01E+12,Daktarin Crm Dual Act 2% 15g Cream  2%,4,20.36,3.4,0
  5/6/25   ,5.01E+12,DEEP HEAT warming belt  2,4,31.96,5.32,0
  5/6/25   ,5.02E+12,Dermol 200 Shwr Emol 200ml,4,25.56,4.28,0
  5/6/25   ,5.06E+12,Difflam Spray 30ml,4,33.96,5.68,0
  5/6/25   ,60018793,Elastoplast Roll Plaster,4,14.96,2.48,0
  5/6/25   ,5.06E+12,EPIMAX,4,19.96,3.32,0
  5/6/25   ,5.07E+12,FERROUS SULFATE 200MG,4,8.76,1.48,0
  5/6/25   ,50357475,Fishermens Friend Cherry Loz 25g,8,6.32,1.04,0
  5/6/25   ,5.00E+12,Fixodent Foodseal 40g,4,16.28,2.72,0
  5/6/25   ,4.00E+12,FLORADIX TABLETS 84,4,51.8,6.92,10.36
  5/6/25   ,5.00E+12,Fybogel Hi Fibre Lemon 10 Sac,4,15.96,2.68,0
  5/6/25   ,5.01E+12,GAVISCON DOUBLE ACTION liquid mixed berries 325mg/500mg/213mg 150ml,4,23.96,4,0
  5/6/25   ,50658053,Halls Cherry,4,3.4,0.56,0
  5/6/25   ,5.01E+12,Ibuprofen 400mg Tablets,4,11.16,1.88,0
  5/6/25   ,5.06E+12,IBUPROFEN AMD CODEINE,12,101.88,17.04,0
  5/6/25   ,5.02E+12,Iglu Pastilles S/free Past 24s,4,24.48,4.08,0
  5/6/25   ,5.03E+12,Imodium Instants 6,4,21.56,3.6,0
  5/6/25   ,5.02E+12,Infacol Drops 50ml,8,47.92,8,0
  5/6/25   ,5.03E+12,JAKEMANS menthol lozenges throat & chest 73g,4,3.96,0.68,0
  5/6/25   ,5.00E+12,Lemsip Max AlL/IN/One Sach Lemon 8 Sachets,4,23.96,4,0
  5/6/25   ,5.01E+12,LISTERINE mouthwash antiseptic total care 500ml,8,42,7.04,0
  5/6/25   ,5.02E+12,LOPERAMIDE 2MG,8,30.72,5.12,0
  5/6/25   ,6.06E+11,LUGGUARDS EARWAX REMOVAL SYRINGE,4,43.2,5.76,8.64
  5/6/25   ,5.03E+12,MALIBU SPF 30 LIP BALM 3PK WATERMELON/MINT/VANILLA,4,11.96,2,0
  5/6/25   ,8.10E+11,MEDIHONEY,4,35.4,5.92,0
  5/6/25   ,5.01E+12,MENTHODERM menthol in aqueous cream 1% 100g,4,28.8,4.8,0
  5/6/25   ,991,MISC,20,346.32,57.72,0
  5/6/25   ,5.01E+12,MOVICOL tubular stick pads powder sachets 13.125g/46.6mg/178.5mg/350.7mg  20,4,41.4,6.92,0
  5/6/25   ,5.02E+12,NEUTRAL CLAW CLIPS ASSORT 3,4,13.96,2.32,0
  5/6/25   ,4.01E+12,NIVEA body lotion express hydration 250ml,4,18.76,3.12,0
  5/6/25   ,5.01E+12,NYTOL ONE A NGT 20 TABLETS,4,32.76,5.48,0
  5/6/25   ,5.01E+12,Olive Oil,4,15.96,2.12,3.2
  5/6/25   ,50483464,Optrex Infected Eye Drops,4,31.96,5.32,0
  5/6/25   ,5.06E+12,PARACETAMOL,16,24,4,0
  5/6/25   ,5.06E+12,PARACETAMOL CAPSULES 32S,4,8,1.32,0
  5/6/25   ,5.04E+12,Paramol Tabs Ets 32,4,39.96,6.68,0
  5/6/25   ,5.06E+12,PHORPAIN GEL 10% 50G,4,25.96,4.32,0
  5/6/25   ,5.00E+12,Piriton Syrup 2mg/5ml 150ml,4,23.96,4,0
  5/6/25   ,9.31E+12,QV emollient bath oil 250ml,0,0,0,0
  5/6/25   ,5.01E+12,Rennie Deflatine 18 Tablets,4,19.16,3.2,0
  5/6/25   ,5.06E+12,SCALP FORMULA OILY,4,33.16,5.52,0
  5/6/25   ,5.01E+12,Seabond Denture Uppers,4,18.8,3.12,0
  5/6/25   ,4.10E+12,SEBAM3D SHAMPOO,4,21.88,3.64,0
  5/6/25   ,5.03E+12,SKINCALM 1% BITE AND STING CREAM HYDROCORTISONE,4,15.56,2.6,0
  5/6/25   ,5.01E+12,Sodium Bicarbonate 5% Ear Drops,4,15.16,2.52,0
  5/6/25   ,5.01E+12,SOLPADEINE MAX 24,4,36.28,6.04,0
  5/6/25   ,5.01E+12,SOLPADEINE MAX SOL 24,8,68,11.36,0
  5/6/25   ,5.01E+12,SOLPADINE PLUSE 24CAP,4,27.56,4.6,0
  5/6/25   ,5.02E+12,SUDOCREM ANTISEPT CRM 125G antiseptic cream,4,17.4,2.92,0
  5/6/25   ,7.32E+12,Tena L2 Men,8,35.92,0,0
  5/6/25   ,6.01E+12,TUBULAR SUPPORT BANDAGE C,4,19.96,3.32,0
  5/6/25   ,42182658,Vaseline Petro Jelly 250ml,4,11.2,1.88,0
  5/6/25   ,1.21E+12,VIAGRA 4,4,76.92,12.84,0
  5/6/25   ,5.02E+12,WINDEZE 20S GEL,8,39.92,6.64,0
  5/6/25   ,5.00E+12,Zovirax Cold Sore Crm Pmp 2g,4,35.96,6,0
  5/7/25 ,5.02E+12,4 IN 1 FACIAL CLEANSING WIPES,1,1,0.17,0
  5/7/25 ,5.06E+12,ALMUS PARACETAMOL ORAL S 2MPLUS,1,3.59,0.6,0
  5/7/25 ,5.60E+12,Benzydamine 0.15% Oromucosal Spray,1,6.99,1.17,0
  5/7/25 ,5.01E+12,BF HAND CREAM,2,2,0.34,0
  5/7/25 ,5.01E+12,Broncho Stop Liq 240ml,1,11.5,1.92,0
  5/7/25 ,5.01E+12,Canesten Oasis For Cystitis Relief Cystitis Relief,1,6.89,1.15,0
  5/7/25 ,5.01E+12,Care+ Aqueous Calamin Cream 100g,2,6.98,1.16,0
  5/7/25 ,4.06E+12,CLAIROL tone+gloss 611/75 light ash brown 135ml,1,6.99,1.17,0
  5/7/25 ,5.06E+12,CO CODAMOL 8MG/500MG,6,23.94,4.02,0
  5/7/25 ,5.00E+12,Corsodyl Dly Mw Frsh Mint 500ml,1,4.5,0.75,0
  5/7/25 ,5.06E+12,Difflam Spray 30ml,1,8.49,1.42,0
  5/7/25 ,5.06E+12,EVOLVE eyelid wipes p/f 2.25ml 20,1,7.36,1.23,0
  5/7/25 ,5.06E+12,FERROTAB tablets 200mg  28,1,2.19,0.37,0
  5/7/25 ,5.00E+12,Gaviscon Dble Action Tablets Mint 24,1,5.49,0.92,0
  5/7/25 ,5.06E+12,IBUPROFEN AMD CODEINE,2,16.98,2.84,0
  5/7/25 ,5.02E+12,Ibuprofen Gel 10% 30g,1,3.49,0.58,0
  5/7/25 ,5.06E+12,Ibuprofen oral suspension s/f 100mg/5ml 100ml ,1,4.99,0.83,0
  5/7/25 ,5.03E+12,Imodium Caps 2mg 6 Tabs,1,4.18,0.7,0
  5/7/25 ,6.00E+12,KEDLEY TENNIS ELBOW,1,7.99,1.33,0
  5/7/25 ,5.06E+12,LORATADINE 10MG,1,3.73,0.62,0
  5/7/25 ,5.02E+12,LUNOX sleep aid tablets 50mg  20,1,5.49,0.92,0
  5/7/25 ,87108132,MENTOS,1,0.65,0.11,0
  5/7/25 ,5.01E+12,Migraleve Complete 24 Tabs,1,13.49,2.25,0
  5/7/25 ,991,MISC,2,11.28,1.89,0
  5/7/25 ,5.01E+12,MOVICOL EASE powder for oral solution sachets flavour free 13.125g/46.6mg/178.5mg/350.7mg  20,1,10.89,1.82,0
  5/7/25 ,5.01E+12,NUROFEN PLUS IBUPROFEN.CODEINE 24TAB,1,9.8,1.63,0
  5/7/25 ,5.00E+12,NUROFEN PLUS TABLETS 32,2,22.58,3.76,0
  5/7/25 ,5.06E+12,Orajel Mouth Gel 10% Blue 5.3g,1,4.79,0.8,0
  5/7/25 ,4.21E+12,ORAL/B toothbrush manual precision clean DB5 battery white,1,16,2.67,0
  5/7/25 ,5.06E+12,PARACETAMOL,2,3,0.5,0
  5/7/25 ,5.06E+12,PARACETAMOL CAPSULES 32S,3,6,0.99,0
  5/7/25 ,5.01E+12,SOLPADEINE MAX 24,1,9.07,1.51,0
  5/7/25 ,5.01E+12,SOLPADINE PLUS 24,1,7.27,1.21,0
  5/7/25 ,5.01E+12,SOLPADINE PLUSE 24CAP,1,6.89,1.15,0
  5/7/25 ,5.06E+12,SURESIGN URINARY TRACT INFECTION TEST STRIPS,1,5.49,0.92,0
  5/7/25 ,7.32E+12,Tena Pants Medium x9,1,9,0,0
  5/7/25 ,6.94E+12,URINARY TRACT INFECTIONS 1 TEST,1,2,0.33,0
  6/5/25 ,9.34E+12,AEROPAD low adherent pad 5cm x 5cm 5,1,2.5,0.42,0
  6/5/25 ,9.34E+12,AEROPLAST butterfly wound closures 10mm x 45mm 10,3,4.74,0.79,0
  6/5/25 ,5.06E+12,ALMUS cold sore cream 5% 2g,2,5.98,1,0
  6/5/25 ,5.06E+12,ALMUS erectile dysfunction relief tablets f/c 50mg  8,1,26.99,4.5,0
  6/5/25 ,5.06E+12,ALMUS hayfever & allergy relief tablets 10mg  30,1,2.49,0.42,0
  6/5/25 ,5.06E+12,ALMUS paracetamol caplets 500mg  16,1,0.49,0.08,0
  6/5/25 ,5.06E+12,ALMUS sleep aid tablets 50mg  20,3,16.47,2.76,0
  6/5/25 ,5.06E+12,ALVITA diagnostic thermometers flexible digital MT509,1,3.99,0.67,0
  6/5/25 ,5.04E+12,AVOMINE 25MG TAB,1,7.58,1.26,0
  6/5/25 ,5.01E+12,BEAUTY FORMULAS feminine intimate wipes   20,1,1,0.17,0
  6/5/25 ,5.01E+12,BEAUTY FORMULAS intensive foot cream  100ml,1,1.39,0.23,0
  6/5/25 ,5.01E+12,BEPANTHEN NAPPY OINT 100g,1,9.19,1.53,0
  6/5/25 ,5.00E+12,Bonjela Junior Gel 15g,1,3.99,0.67,0
  6/5/25 ,5.01E+12,Calpol Six Plus Sf 100ml,1,5.49,0.92,0
  6/5/25 ,5.01E+12,Calpol Six Plus Sfree 200ml,2,17.98,3,0
  6/5/25 ,5.01E+12,CANESTEN 2% CREAM 20g,1,10.59,1.77,0
  6/5/25 ,5.01E+12,Canesten Cream/pessary Combi,1,19.79,3.3,0
  6/5/25 ,5.03E+12,CHLORAMPHENICOL 1% ANTIBIOTIC EYE OINTMENT,1,10.35,1.73,0
  6/5/25 ,5.02E+12,CLEAREAR olive oil ear drops 10ml,1,3.99,0.67,0
  6/5/25 ,1.05E+18,CLINIPORE SURGICAL TAPE,2,2.58,0.34,0.52
  6/5/25 ,1.05E+18,CLINIPORE TAPE 5X5,1,1.89,0.32,0
  6/5/25 ,5.02E+12,CO/Codamol 32s,5,19.95,3.35,0
  6/5/25 ,7.21E+11,COLEKAL D3,1,3.09,0.52,0
  6/5/25 ,5.05E+12,CORSODYL daily toothpaste original 75ml,1,4,0.67,0
  6/5/25 ,5.05E+12,CORSODYL mouthwash original alcohol free 0.2% 300ml,1,5.85,0.98,0
  6/5/25 ,5.01E+12,Covonia Throat Spray 30ml,1,9,1.5,0
  6/5/25 ,5.02E+12,CYMEX cream 0.5% w/w/0.1% w/w/9%/1% 5g,1,2.99,0.5,0
  6/5/25 ,5.03E+12,Daktacort Hc Cream 15g,2,15.38,2.56,0
  6/5/25 ,5.01E+12,Deep Heat Heat Rub 100g Heat Rub,1,5.45,0.91,0
  6/5/25 ,5.39E+12,DIORALYTE oral powder sachets blackcurrant 0.53g/3.56g/0.30g/0.47g  6,1,4.99,0.83,0
  6/5/25 ,4.01E+12,EUCERIN dry skin with lactate replenshing face cream 5% 50ml,2,27.5,4.58,0
  6/5/25 ,5.03E+12,FACE FACTS MUD MASK CUCUMBER,1,1,0.17,0
  6/5/25 ,6.92E+12,FLOWFLEX lateral flow test kits  5,2,18,3,0
  6/5/25 ,5.02E+12,Fluconazole 150mg Capsule,1,3.99,0.67,0
  6/5/25 ,5.02E+12,GALPHARM treathay tablets f/c 120mg  10,2,7.98,1.34,0
  6/5/25 ,50696925,Halls Original,1,0.85,0.14,0
  6/5/25 ,7.62E+12,Halls Soothers Honey&lemon 10 Honey And Lemon,1,0.85,0.14,0
  6/5/25 ,5.02E+12,HYDROCORTISONE CREAM 1%,1,8.19,1.37,0
  6/5/25 ,4.03E+12,Hylo Tear Eye Drops,1,15.3,2.55,0
  6/5/25 ,5.06E+12,Ibuprofen 16s,1,0.95,0.16,0
  6/5/25 ,5.01E+12,Ibuprofen 400mg Tablets,2,5.58,0.94,0
  6/5/25 ,3.57E+12,IMODIUM DUAL ACTION 12 TABS,1,14.2,2.37,0
  6/5/25 ,6.00E+12,KEDLEY BACK SUPPORT ,1,14.99,2.5,0
  6/5/25 ,6.00E+12,KEDLEY KNEE SUPPORT M,1,6.49,1.08,0
  6/5/25 ,6.01E+12,KEDLEY PLANTAR FASCIA SLEEVES MEDIUM,2,29.98,5,0
  6/5/25 ,50375301,Kleenex Tissues,2,1.2,0.2,0
  6/5/25 ,7.21E+11,Kliar Vax Ear Drops,1,3.97,0.66,0
  6/5/25 ,5.06E+12,Lactulose 500ml,2,17.98,3,0
  6/5/25 ,7.31E+12,LAMISIL 1% CREAM,1,6.6,1.1,0
  6/5/25 ,5.00E+12,LEMSIP MAX COLD/FLU CAPS 16s,1,4.49,0.75,0
  6/5/25 ,5.00E+12,Lemsip Max Cold/flu Sach 5 Blackcurrant,1,3.89,0.65,0
  6/5/25 ,5.01E+12,LISTERINE antiseptic mouthwash coolmint 500ml ,1,4.54,0.76,0
  6/5/25 ,50620814,Magnesium Paste,1,5.49,0.92,0
  6/5/25 ,17854113305,MAKE A SPLASH BATH BOMB,1,2.5,0.42,0
  6/5/25 ,8.10E+11,MEDIHONEY,1,8.85,1.48,0
  6/5/25 ,5.00E+12,MELOLIN 5CMX5CM,1,2.1,0.35,0
  6/5/25 ,7.32E+12,Mepore Dressing 7x8cm,3,1.05,0.18,0
  6/5/25 ,991,MISC,2,/10.96,/1.83,0
  6/5/25 ,5.02E+12,MOTION SICKNESS BANDS,1,6,1,0
  6/5/25 ,7.06E+11,Neilmed Sinus Rinse Starter ki,1,10.99,0,0
  6/5/25 ,4.01E+12,NIVEA body lotion express hydration 250ml,1,4.69,0.78,0
  6/5/25 ,4.01E+12,NIVEA CREME,1,4.99,0.83,0
  6/5/25 ,5.02E+12,NUAGE body care range aqueous cream 500ml ,1,1.49,0.25,0
  6/5/25 ,5.00E+12,Nurofen Exp Liq Cap 10 Liquid Capsules  400mg,1,5.99,1,0
  6/5/25 ,5.01E+12,NUROFEN PLUS IBUPROFEN.CODEINE 24TAB,4,39.2,6.52,0
  6/5/25 ,945,œ1 Lines,2,2,0.34,0
  6/5/25 ,5.00E+12,Olbas Inhaler 695mg,1,3.29,0.55,0
  6/5/25 ,3.57E+12,OVEX SUSPENSION FAMILY PK 30ml,1,15.99,2.67,0
  6/5/25 ,10181044397,PALMERS HAND CREAM,1,2.5,0.42,0
  6/5/25 ,5.05E+12,PANADOL ADVANCE caplets 500mg  32,1,3.49,0.58,0
  6/5/25 ,5.02E+12,Paracetamol Caplets 32,10,15,2.5,0
  6/5/25 ,5.02E+12,PARACETAMOL CAPS 500mg 16,9,4.95,0.82,0
  6/5/25 ,5.04E+12,Paramol Ets 24 Tabs,1,8.49,1.42,0
  6/5/25 ,5.02E+12,Peptac Liquid,1,5.92,0.99,0
  6/5/25 ,5.06E+12,PHORPAIN GEL 10% 50G,1,6.49,1.08,0
  6/5/25 ,5.00E+12,Pirinase Hayfever Nasal Spray 0.05% 60dose,1,9.5,1.58,0
  6/5/25 ,5.05E+12,Piriton Allergy Tabs 4mg 60 Allergy Tablets  4mg,1,8.49,1.42,0
  6/5/25 ,5.01E+12,PRICES SCENTED CANDLE CLUSTER JAR OPEN WINDOW,1,4.99,0.83,0
  6/5/25 ,7.61E+12,Ricola Drops 45g S/f Elderflower Box,2,2.9,0.48,0
  6/5/25 ,5.02E+12,SAFE & SOUND first aid bandages & dressings absorbent lint 25g,1,3.24,0.54,0
  6/5/25 ,5.01E+12,Senokot Tabs 7.5mg 20pk,1,3.55,0.59,0
  6/5/25 ,5.01E+12,SOLPADEINE MAX 24,1,9.07,1.51,0
  6/5/25 ,5.01E+12,SOLPADINE PLUS 24,3,21.81,3.63,0
  6/5/25 ,8.71E+12,STERISTRIP,1,15,2.5,0
  6/5/25 ,5.03E+12,STRAWBERRY LIP BALM,1,1.99,0.33,0
  6/5/25 ,5.06E+12,SURESIGN,1,2.49,0.42,0
  6/5/25 ,5.01E+12,T.c.p. Lqd 100ml,1,5.99,1,0
  6/5/25 ,7.32E+12,TENA discreet pads extra duo  20,1,4.75,0,0
  6/5/25 ,7.32E+12,TENA men pants active fit blue small/medium 9,1,8.5,0,0
  6/5/25 ,5.02E+12,TWEEZERS,1,1.89,0.32,0
  6/5/25 ,5.06E+12,Ultra Chlora Cherry Spy 15ml,1,6.15,1.03,0
  6/5/25 ,5.04E+12,VAMOUSSE head lice treatment mousse 160ml,1,14.99,2.5,0
  6/5/25 ,42182634,Vaseline Petro Jelly 100ml,1,1.99,0.33,0
  6/5/25 ,8.50E+11,VITAL PROTEINS COLLAGEN PEPTIDES,1,25,4.17,0
  6/5/25 ,5.39E+12,VIVIO JUNIOR MULTIVITAMIN TONIC,1,9.61,1.6,0
  6/5/25 ,5.05E+12,Voltarol 12hr EmugeL/P 50g,1,11.99,2,0
  6/5/25 ,3.06E+12,VOLVIC,1,1,0.17,0
  6/5/25 ,5.03E+12,WISDOM toothbrushes fresh effect sensitive,1,1.99,0.33,0
  6/5/25 ,5.06E+12,YOUR FIBRE,1,7.2,1.2,0
  6/6/25   ,5.06E+12,ALMUS erectile dysfunction relief tablets f/c 50mg  8,4,107.96,18,0
  6/6/25   ,5.06E+12,ALMUS senna tablets 7.5mg  60,4,17.96,3,0
  6/6/25   ,5.06E+12,ALMUS sleep aid tablets 50mg  20,4,21.96,3.68,0
  6/6/25   ,5.00E+12,Anadin Extra 32,4,18,3,0
  6/6/25   ,5.01E+12,Bonjela Soothng Gel 15ml,4,15.96,2.68,0
  6/6/25   ,5.06E+12,CO CODAMOL,12,47.88,8.04,0
  6/6/25   ,5.71E+12,Compeed Medium Blister Plasters,4,23.92,4,0
  6/6/25   ,5.03E+12,COTTON WOOL BALLS,4,4,0.68,0
  6/6/25   ,5.01E+12,Cotton Wool Roll,20,23,3.84,0
  6/6/25   ,5.01E+12,CUCUMBER & AVOCADO,4,4,0.68,0
  6/6/25   ,42405962,DEXTRO BLUEBERRY,4,3.16,0.52,0
  6/6/25   ,50184262,Dextro Energy B/currant 47g,4,3.16,0,0
  6/6/25   ,87111842,Dextro Energy Org & Vitc 47g,4,3,0,0
  6/6/25   ,5.06E+12,EPIMAX isomol gel 500g,4,22.6,3.76,0
  6/6/25   ,5.01E+12,FACIAL WIPES SOFT APRICOT,8,8,1.36,0
  6/6/25   ,5.00E+12,Femfresh Powder 200g,4,16.36,2.72,0
  6/6/25   ,5.02E+12,Fluconazole 150mg Capsule,4,15.96,2.68,0
  6/6/25   ,5.02E+12,GALPHARM ibuprofen rapid tablets 342mg  16,4,11.96,2,0
  6/6/25   ,5.02E+12,GALPHARM treathay tablets f/c 120mg  10,4,15.96,2.68,0
  6/6/25   ,5.02E+12,GRADUAL TANNING LOTION,4,13.96,2.32,0
  6/6/25   ,5.06E+12,IBUPROFEN 400MG,4,19.96,3.32,0
  6/6/25   ,5.06E+12,IBUPROFEN 400MG TABLETS,4,23.96,4,0
  6/6/25   ,5.06E+12,IBUPROFEN AMD CODEINE,4,33.96,5.68,0
  6/6/25   ,5.06E+12,Lactulose 3.3g/5ml Oral Solusion,4,25.16,4.2,0
  6/6/25   ,8.91E+12,Levonorgestrel tablet 1.5mg  1,4,80,13.32,0
  6/6/25   ,991,MISC,24,383.28,63.88,0
  6/6/25   ,21022401,NHS Pre/Payment Certificate,4,128.2,21.36,0
  6/6/25   ,5.00E+12,Night Nurse 160ml,4,35.96,6,0
  6/6/25   ,5.00E+12,NUROFEN PLUS TABLETS 32,16,180.64,30.08,0
  6/6/25   ,5.01E+12,NUROMOL dual action pain relief tablets 200mg/500mg  12,8,31.92,5.36,0
  6/6/25   ,5.01E+12,Optrex Chloramphenicol Oint,4,27.96,4.68,0
  6/6/25   ,5.06E+12,Orajel Ex Dental Gel 5.3g,8,51.92,8.64,0
  6/6/25   ,3.57E+12,OVEX SUSPENSION FAMILY PK 30ml,4,63.96,10.68,0
  6/6/25   ,10181044397,PALMERS HAND CREAM,4,10,1.68,0
  6/6/25   ,5.05E+12,PANADOL ADVANCE caplets 500mg  32,4,13.96,2.32,0
  6/6/25   ,5.06E+12,Paracetamol Caps 500mg 32,8,16,2.64,0
  6/6/25   ,5.06E+12,PARACETAMOL CAPSULES 32S,4,8,1.32,0
  6/6/25   ,5.04E+12,Paramol Ets 24 Tabs,4,33.96,5.68,0
  6/6/25   ,5.02E+12,PERRIGO heartburn & acid reflux control capsules 20mg  7,8,31.92,5.36,0
  6/6/25   ,5.02E+12,PREGNACARE CONCEPTION him & her tablets  60,4,83,13.84,0
  6/6/25   ,3.44E+12,Quies Wax Earplugs 8 Pairs,4,23.6,3.92,0
  6/6/25   ,5.01E+12,Rennie Deflatine,4,31.16,5.2,0
  6/6/25   ,5.02E+12,SAFE & SOUND medicine organisers 7 day pill box reminder,8,11.12,1.84,0
  6/6/25   ,5.05E+12,SENSODYNE toothpaste repair & protect whitening 75ml,4,23,3.84,0
  6/6/25   ,5.01E+12,SOLPADEINE MAX 24,8,72.56,12.08,0
  6/6/25   ,5.01E+12,SOLPADINE PLUS 24,4,29.08,4.84,0
  6/6/25   ,7.32E+12,TENA lady extra plus instadry absorbent pads duo  16,4,19,0,0
  6/6/25   ,5.01E+12,Vagisil Med Crm 30g,4,22.24,3.72,0
  6/6/25   ,5.02E+12,Valupak Effervescent Vit C,4,9.6,1.6,0
  6/6/25   ,5.01E+12,ZIPAMOL PLUS effervescent tablets 8/500mg  32,4,23.96,4,0
  7/5/25 ,4.02E+12,ACCU/CHEK PERFORMA TEST STRIPS,1,17.2,2.87,0
  7/5/25 ,5.06E+12,ALMUS cold sore cream 5% 2g,1,2.99,0.5,0
  7/5/25 ,5.06E+12,ALMUS erectile dysfunction relief tablets f/c 50mg  8,1,26.99,4.5,0
  7/5/25 ,5.06E+12,ALMUS hayfever & allergy relief tablets 10mg  30,2,4.98,0.84,0
  7/5/25 ,5.06E+12,ALMUS paracetamol caplets 500mg  16,7,3.43,0.56,0
  7/5/25 ,4.02E+12,ALWAYS CLASSIC,2,3.18,0.54,0
  7/5/25 ,96183458,Anbesol Liquid 15ml,1,5.65,0.94,0
  7/5/25 ,5.04E+12,ASHTON & PARSONS TEETHING GEL,1,5.75,0.96,0
  7/5/25 ,5.02E+12,Assorted Knuckle Plasters,2,4.18,0.7,0
  7/5/25 ,5.06E+12,BAG FOR LIFE,2,4.98,0.84,0
  7/5/25 ,5.01E+12,Beconase H/fever Ad100 Spray,2,15.98,2.66,0
  7/5/25 ,5.00E+12,Biotene Gel 50g,1,9.49,1.58,0
  7/5/25 ,3.57E+12,Calcough Infant Syrup sf,2,9.78,1.64,0
  7/5/25 ,5.01E+12,CALPOL 2M+ 100ML,2,9.18,1.54,0
  7/5/25 ,5.01E+12,Calpol Inf S/f 120mg/5ml 100ml,1,4.59,0.77,0
  7/5/25 ,5.01E+12,Canesten Crm 1% 20g,2,14.38,2.4,0
  7/5/25 ,4.02E+12,Celluvisc Dry Eye .5% 30x0.4ml Dry Eye Preparation  0.5%,2,17.28,2.88,0
  7/5/25 ,5.06E+12,CO CODAMOL,4,15.96,2.68,0
  7/5/25 ,5.02E+12,CO/Codamol 32s,1,3.99,0.67,0
  7/5/25 ,45879002304,COD LIVER OIL ,2,14,2.34,0
  7/5/25 ,5.01E+12,Covonia Chesty Cgh Sf 150ml,2,13.98,2.34,0
  7/5/25 ,5.01E+12,COVONIA oral liquid all/in/one chesty cough cold & flu relief 3.0mg/200mg/1000mg/12.18mg 160ml,2,14,2.34,0
  7/5/25 ,87111842,Dextro Energy Org & Vitc 47g,2,1.5,0,0
  7/5/25 ,76111570,Dextro Lemon,2,1.58,0.26,0
  7/5/25 ,5.39E+12,DIORALYTE oral powder sachets blackcurrant 0.53g/3.56g/0.30g/0.47g  6,2,9.98,1.66,0
  7/5/25 ,27122301,DISPENSARY SALE,2,11.77,1.96,0
  7/5/25 ,5.05E+12,DUREX contraceptive sheaths thin feel  12,1,10.99,0.52,0
  7/5/25 ,5.06E+12,Epaderm Cream 50g,2,6.98,1.16,0
  7/5/25 ,5.06E+12,EPIMAX ointment 125g,1,3.69,0.62,0
  7/5/25 ,4.01E+12,FABRIC 1M BY 6CM,2,8.98,1.5,0
  7/5/25 ,8.81E+12,FINE TEST LITE,1,11.3,1.88,0
  7/5/25 ,5.02E+12,FOSTER & GRANT 1.00,2,30,5,0
  7/5/25 ,5.02E+12,GALPHARM treathay tablets f/c 120mg  10,4,15.96,2.68,0
  7/5/25 ,74312002571,GENTLE IRON COMPLEX 100 CAPSULES,2,9.9,1.66,0
  7/5/25 ,50658053,Halls Cherry,2,1.7,0.28,0
  7/5/25 ,96043509,Halls Citrus sf,6,5.1,0.84,0
  7/5/25 ,3.57E+12,IMODIUM ORIGINAL 2MG 12S,1,7.29,1.22,0
  7/5/25 ,5.03E+12,JAKEMANS menthol lozenges menthol & eucalyptus 73g,1,1.99,0.33,0
  7/5/25 ,5.03E+12,JAKEMANS menthol sweets throat & chest 41g,1,0.99,0.17,0
  7/5/25 ,5.03E+12,KLEENEX balsam extra large compact  40,1,2.25,0.38,0
  7/5/25 ,5.06E+12,LANSINOH disposable nursing pads  60,1,6.29,1.05,0
  7/5/25 ,5.00E+12,Lemsip Max Cold/flu Sach 5 Blackcurrant,2,7.78,1.3,0
  7/5/25 ,5.02E+12,LOPERAMIDE 2MG,2,7.68,1.28,0
  7/5/25 ,5.06E+12,LORATADINE 10MG,2,7.46,1.24,0
  7/5/25 ,50620814,Magnesium Paste,3,16.47,2.76,0
  7/5/25 ,5.00E+12,MELOLIN 5CMX5CM,2,4.2,0.7,0
  7/5/25 ,991,MISC,4,17.29,2.89,0
  7/5/25 ,5.02E+12,Na Fish Oil 1000mg 90s,1,9.99,1.67,0
  7/5/25 ,5.02E+12,NATURES AID vitamins tablets effervescent daily multivitamin  20,1,5.95,0.99,0
  7/5/25 ,5.00E+12,Night Nurse 160ml,2,17.98,3,0
  7/5/25 ,5.05E+12,Night Nurse Capsules 10,2,14.32,2.38,0
  7/5/25 ,5.01E+12,NUMARK first aid plasters assorted fabric  24,1,1.59,0.27,0
  7/5/25 ,5.01E+12,NUROFEN PLUS IBUPROFEN.CODEINE 24TAB,5,49,8.15,0
  7/5/25 ,5.01E+12,NYTOL ONE A NGT 20 TABLETS,2,16.38,2.74,0
  7/5/25 ,5.01E+12,Nytol Orginal 25mg 20s,1,5.99,1,0
  7/5/25 ,5.05E+12,OTRIVINE nasal spray with khone spray congestion relief 0.1% 10ml,2,12,2,0
  7/5/25 ,5.02E+12,Paracetamol Caplets 32,6,9,1.5,0
  7/5/25 ,5.02E+12,PERRIGO heartburn & acid reflux control capsules 20mg  7,1,3.99,0.67,0
  7/5/25 ,5.00E+12,Piriton Syrup 2mg/5ml 150ml,1,5.99,1,0
  7/5/25 ,8.71E+12,RADOX BATH FEEL RELAXED,2,7.38,1.24,0
  7/5/25 ,5.02E+12,Safe & Sound Medicine Organisers 7 Day Pill Box +extra Am And pm,2,16.98,2.84,0
  7/5/25 ,5.02E+12,Salactol Paint 15ml,2,5.48,0.92,0
  7/5/25 ,4.10E+12,SEBAM3D SHAMPOO,2,10.94,1.82,0
  7/5/25 ,5.04E+12,SKIN CLOSURE STRIPS,2,5.98,1,0
  7/5/25 ,5.01E+12,SNUFFLE BABE VAPOUR RUB,1,3.99,0.67,0
  7/5/25 ,5.01E+12,SNUFFLEBABE saline spray 15ml,4,17,2.84,0
  7/5/25 ,5.01E+12,SOLPADEINE MAX 24,1,9.07,1.51,0
  7/5/25 ,5.01E+12,SOLPADINE PLUS 24,2,14.54,2.42,0
  7/5/25 ,5.00E+12,Strepsil Sore Throat&cgh 24,1,5.89,0.98,0
  7/5/25 ,3.57E+12,SUDAFED DECONG TABS 12s,2,9.58,1.6,0
  7/5/25 ,3.57E+12,sudafed sinus max strength cap,2,9.98,1.66,0
  7/5/25 ,5.02E+12,VALUPAK MULTIVIT 50 one/a/day tablets,2,2.96,0.5,0
  7/5/25 ,5.04E+12,VAMOUSSE head lice treatment mousse 160ml,2,29.98,5,0
  7/5/25 ,42182634,Vaseline Petro Jelly 100ml,2,3.98,0.66,0
  7/5/25 ,42182627,VASELINE PETRO JELLY 50ML,1,1.39,0.23,0
  7/5/25 ,5.02E+12,Vinyl Gloves,2,8.38,1.4,0
  7/5/25 ,5.02E+12,Vitamin C 1000mg,2,9.9,1.66,0
  7/5/25 ,5.05E+12,Voltarol 12hr EmugeL/P 50g,1,11.99,2,0
  7/5/25 ,5.01E+12,Windsetlers Gel Caps 24 Gel Caps  100mg,2,12.78,2.14,0
  7/5/25 ,5.03E+12,Wisdom Step By Step T/brush,1,1.5,0.25,0
  7/5/25 ,5.03E+12,WISDOM toothbrushes regular medium  3,4,5.96,1,0
  7/6/25   ,5.01E+12,Actifed MultI/Action Tabs 12s,8,46.32,7.76,0
  7/6/25   ,5.06E+12,ALMUS simple linctus cough relief oral solution 125mg/5ml 200ml,4,11.56,1.92,0
  7/6/25   ,5.06E+12,Antihistamine Tablets 4mg 28s,4,11.96,2,0
  7/6/25   ,5.02E+12,BAMBOO FACECLOTHS,4,15.96,2.68,0
  7/6/25   ,5.02E+12,Bazuka Treatment Gel 4% W/w/12% W/w 6g,4,28,4.68,0
  7/6/25   ,5.01E+12,Beauty Form Lens Cleans Wipes 20 Lens Cleansing Wipes,4,4,0.68,0
  7/6/25   ,3.09E+12,Bic 1 Sens 5pk,4,3.56,0.6,0
  7/6/25   ,5.01E+12,Carnation Toe Protector 2 Toe Protector,4,13.56,2.28,0
  7/6/25   ,5.01E+12,CLARITYN tablets 10mg  10,4,19,3.16,0
  7/6/25   ,5.02E+12,Colpermin Ibs Capsules 20,4,31.96,5.32,0
  7/6/25   ,5.01E+12,Covonia Cough Original,8,14.4,2.4,0
  7/6/25   ,50184262,Dextro Energy B/currant 47g,4,3.16,0,0
  7/6/25   ,50184491,Dextro Energy Tropical,4,3.16,0,0
  7/6/25   ,76111570,Dextro Lemon,8,6.32,1.04,0
  7/6/25   ,5.39E+12,DIORALYTE RELIEF sachets s/f raspberry 300mg/350mg/580mg  6,4,22.36,3.72,0
  7/6/25   ,27122301,DISPENSARY SALE,8,3.8,0.64,0
  7/6/25   ,50173686,Extra Chewing Gum Spearmint,0,0,0,0
  7/6/25   ,5.06E+12,Ferrous Fumarate 210mg Tablets,4,16.56,2.76,0
  7/6/25   ,5.00E+12,Fixodent Foodseal 40g,4,16.28,2.72,0
  7/6/25   ,5.02E+12,FLANNELS,4,9.96,1.68,0
  7/6/25   ,5.03E+12,Halls Soothers Peach,4,3.4,0.56,0
  7/6/25   ,5.03E+12,Halls Soothers S/Berry,4,3.4,0.56,0
  7/6/25   ,5.41E+12,HEAD & SHOULDERS shampoo smooth & silky 250ml,4,15.96,2.68,0
  7/6/25   ,5.03E+12,Hydrocortisone 1% Cream,4,32.76,5.48,0
  7/6/25   ,5.06E+12,IBUPROFEN 400MG,4,19.96,3.32,0
  7/6/25   ,5.06E+12,IBUPROFEN 400MG TABLETS,4,23.96,4,0
  7/6/25   ,6.01E+12,KEDLEY PLANTAR FASCIA SLEEVES MEDIUM,4,59.96,10,0
  7/6/25   ,5.02E+12,Kids Travel Bands,4,14.6,2.44,0
  7/6/25   ,5.06E+12,MIGRAINE RELIEF BUCCAL,4,27.96,4.68,0
  7/6/25   ,8.01E+12,MOSCHINO Cheap & Chic eau de toilette vapo 50ml ,4,115.92,19.32,0
  7/6/25   ,5.02E+12,MURRAYS clippers toe nail,4,10.36,1.72,0
  7/6/25   ,5.05E+12,Night Nurse Capsules 10,4,28.64,4.76,0
  7/6/25   ,5.00E+12,Numark Melolin Pfa Dressing 20x10,20,19,3.2,0
  7/6/25   ,5.01E+12,NUROFEN PLUS IBUPROFEN.CODEINE 24TAB,8,78.4,13.04,0
  7/6/25   ,5.00E+12,NUROFEN PLUS TABLETS 32,4,45.16,7.52,0
  7/6/25   ,5.01E+12,Olive Oil,4,15.96,2.68,0
  7/6/25   ,5.02E+12,Otex Express Combi Pack,4,36,6,0
  7/6/25   ,5.06E+12,PARACETAMOL,4,6,1,0
  7/6/25   ,5.02E+12,PARACETAMOL CAPS 500mg 16,4,2.2,0.36,0
  7/6/25   ,5.02E+12,PEPTAC LIQUID antacid liquid peppermint 80mg/5ml/250mg/5ml/133.5mg/5ml 500ml,4,23.68,3.96,0
  7/6/25   ,5.06E+12,PHORPAIN GEL 10% 50G,4,25.96,4.32,0
  7/6/25   ,5.01E+12,Rennie Deflatine 18 Tablets,4,19.16,3.2,0
  7/6/25   ,5.02E+12,SAFE&SOUND STER ADHESIVE WATERPROOF,36,36,6.12,0
  7/6/25   ,5.01E+12,Senokot Tabs 7.5mg 20pk,4,14.2,2.36,0
  7/6/25   ,5.06E+12,SILEX covid self test  1,4,9.96,1.68,0
  7/6/25   ,5.01E+12,SOLPADEINE MAX SOL 24,4,34,5.68,0
  7/6/25   ,5.01E+12,SOLPADINE PLUS 24,4,29.08,4.84,0
  7/6/25   ,5.06E+12,SURESIGN URINARY TRACT INFECTION TEST STRIPS,4,21.96,3.68,0
  7/6/25   ,5.00E+12,Sweetex Tabs 300s,4,8.76,1.48,0
  7/6/25   ,7.32E+12,TEPE interdental brushes orange 0.45mm 6,4,17.2,2.88,0
  7/6/25   ,5.03E+12,UNISEX MAGIC GLOVES ,4,6,1,0
  7/6/25   ,5.02E+12,Valupak Vit D3 1000iu 60s,4,4.56,0.76,0
  7/6/25   ,5.03E+12,WISDOM mouthwash chlorhexidine digluconate 0.2% mint contains alcohol 300ml,4,9.96,1.68,0
  7/6/25   ,5.01E+12,Woodwards Gripe Water 150ml,4,15.96,2.68,0
  7/6/25   ,1.04E+18,ZETUVIT 20CMX20CM,16,16,2.72,0
  7/7/25 ,9.34E+12,AEROFILMPLUS waterproof island dressing 4cm x 5cm 3,1,3.99,0.67,0
  7/7/25 ,5.06E+12,ALMUS CLOTRIMAZOLE 1% 20G,1,3.99,0.67,0
  7/7/25 ,5.06E+12,ALVITA PREGNANCY TEST TWIN,1,3.99,0.67,0
  7/7/25 ,5.06E+12,ALVITA surgical dressings crepe bandage cotton BP 7.5cm x 4.5m,1,5.32,0.89,0
  7/7/25 ,5.39E+12,ANTHISAN BITE & STING cream 2% 20g,2,10.98,1.84,0
  7/7/25 ,5.01E+12,Beconase H/fever Ad100 Spray,1,7.99,1.33,0
  7/7/25 ,5.02E+12,BELLS OTC medicines analgesics paracetamol caplets 500mg  32,4,6,1,0
  7/7/25 ,3.57E+12,BENYLIN dry cough & tickly 300ml,1,9.99,1.67,0
  7/7/25 ,3.57E+12,Benylin Mucus Relief Ngt 150ml,1,9.09,1.52,0
  7/7/25 ,5.01E+12,BEROCCA gummies multi action  60,1,13.99,2.33,0
  7/7/25 ,5.01E+12,BROLENE eye drops 0.1% w/v 10ml,1,6.49,1.08,0
  7/7/25 ,3.57E+12,CALPROFEN suspension 100mg/5ml 100ml,1,4.59,0.77,0
  7/7/25 ,5.01E+12,CANESTEN ORAL capsule 150mg  1,1,13.39,2.23,0
  7/7/25 ,5.01E+12,Cerumol 100% Olive Oil Ear Drops,1,4.99,0.83,0
  7/7/25 ,5.06E+12,CL/EAR pain relief  ear drops 0.5% 7g,1,8.99,1.5,0
  7/7/25 ,5.06E+12,CO CODAMOL,2,11.98,2,0
  7/7/25 ,5.06E+12,CO CODAMOL 8MG/500MG,2,7.98,1.34,0
  7/7/25 ,5.02E+12,Colpermin Ibs Capsules 20,1,7.99,1.33,0
  7/7/25 ,3.66E+12,COMPEED blister plasters high heel  5,1,7.07,1.18,0
  7/7/25 ,5.71E+12,Compeed Medium Blister Plasters,1,5.98,1,0
  7/7/25 ,5.00E+12,Corsodyl Dly Mw Cool Mint 500ml,1,4.5,0.75,0
  7/7/25 ,5.01E+12,CREPE BANDAGE,1,3.29,0.55,0
  7/7/25 ,5.01E+12,CUTICURA body powder mildly medicated 150g,1,2.75,0.46,0
  7/7/25 ,5.03E+12,Daktacort Hc Cream 15g,1,7.69,1.28,0
  7/7/25 ,5.01E+12,Daktarin Crm Dual Act 2% 15g Cream  2%,1,5.09,0.85,0
  7/7/25 ,5.01E+12,DEEP FREEZE cold gel 100g,1,5.49,0.92,0
  7/7/25 ,5.39E+12,DIORALYTE oral powder sachets natural 0.53g/3.56g/0.30g/0.47g  6,1,4.99,0.83,0
  7/7/25 ,4.01E+12,Eplast Tough 12,1,3.39,0.57,0
  7/7/25 ,96190968,EURAX HC CREAM,1,4.99,0.83,0
  7/7/25 ,5.01E+12,FACIAL WIPES SOFT APRICOT,1,1,0.17,0
  7/7/25 ,7.04E+11,FADEOUT SKNCARE,1,16.99,2.83,0
  7/7/25 ,5.01E+12,FEMFRESH body fresheners range soothing wash 250ml,1,3.29,0.55,0
  7/7/25 ,5.00E+12,Gaviscon Tabs Peppermint 24,1,4.49,0.75,0
  7/7/25 ,5.01E+12,GERMOLENE ANTISEPT CREAM 30g,1,3.2,0.53,0
  7/7/25 ,5.01E+12,Germoloids O/mint 25ml,1,5.29,0.88,0
  7/7/25 ,5.04E+12,GOLDEN EYE OINT 1%,2,13.78,2.3,0
  7/7/25 ,4.03E+12,Hyloforte Drops 10ml,1,8.99,1.5,0
  7/7/25 ,5.01E+12,IBUPROFEN 200MG 24S,1,1.49,0.25,0
  7/7/25 ,5.06E+12,IBUPROFEN 400MG,1,4.99,0.83,0
  7/7/25 ,5.02E+12,Ibuprofen Gel 10% 30g,1,3.49,0.58,0
  7/7/25 ,6.00E+12,KEDLEY HAND SUPPORT,1,4.99,0.83,0
  7/7/25 ,5.02E+12,LOPERAMIDE 2MG,1,3.84,0.51,0.77
  7/7/25 ,5.06E+12,LORATADINE 10MG,1,3.73,0.62,0
  7/7/25 ,5.02E+12,LUNOX sleep aid tablets 50mg  20,2,10.98,1.84,0
  7/7/25 ,8.10E+11,MEDIHONEY,2,17.7,2.95,0
  7/7/25 ,5.00E+12,MELOLIN 5CMX5CM,1,2.1,0.35,0
  7/7/25 ,5.02E+12,Menopace Tabs,1,16.45,2.74,0
  7/7/25 ,7.32E+12,MEPORE 11X15,7,4.9,0.82,0
  7/7/25 ,5.02E+12,NAIL CLIPPER CURVED,1,2.99,0.5,0
  7/7/25 ,5.02E+12,NATURES AID vitamins tablets vitamin C t/r + citrus bioflavonoids  120,1,9.95,1.66,0
  7/7/25 ,5.00E+12,Night Nurse 160ml,1,8.99,1.5,0
  7/7/25 ,5.01E+12,Night Time Sleep Aid 25mg 20 Tabs,2,7.78,1.3,0
  7/7/25 ,5.01E+12,NUROFEN PLUS IBUPROFEN.CODEINE 24TAB,1,9.8,1.63,0
  7/7/25 ,5.00E+12,NUROFEN PLUS TABLETS 32,2,22.58,3.76,0
  7/7/25 ,5.01E+12,NUROMOL dual action pain relief tablets 200mg/500mg  16,1,4.99,0.83,0
  7/7/25 ,5.01E+12,NYTOL ONE A NGT 20 TABLETS,3,24.57,4.11,0
  7/7/25 ,50483464,Optrex Infected Eye Drops,1,7.99,1.33,0
  7/7/25 ,5.06E+12,Orajel Mouth Gel 10% Blue 5.3g,1,4.79,0.8,0
  7/7/25 ,10181032806,PALMERS COCONUT OIL BODY LOTION 250ML,1,4.99,0.83,0
  7/7/25 ,5.06E+12,PARACETAMOL,3,4.5,0.75,0
  7/7/25 ,5.02E+12,PARACETAMOL CAPS 500mg 16,3,1.65,0.27,0
  7/7/25 ,5.06E+12,PARACETAMOL CAPSULES 32S,1,2,0.33,0
  7/7/25 ,5.04E+12,Paramol Ets 24 Tabs,1,8.49,1.42,0
  7/7/25 ,5.04E+12,Paramol Tabs Ets 32,1,9.99,1.67,0
  7/7/25 ,5.01E+12,Phenergan Elixir 100ml,1,5.62,0.94,0
  7/7/25 ,5.05E+12,Piriton Allergy Tabs 4mg 60 Allergy Tablets  4mg,1,8.49,1.42,0
  7/7/25 ,5.02E+12,SAFE & SOUND medicine organisers table top weekly pill box,1,14.15,2.36,0
  7/7/25 ,8.72E+12,SIMPLE face kind to skin cleansing wipes  25,1,2,0.33,0
  7/7/25 ,5.04E+12,SKIN CLOSURE STRIPS,1,2.99,0.5,0
  7/7/25 ,5.02E+12,Small Toe Nail Pliers,1,9.45,1.58,0
  7/7/25 ,5.01E+12,Solpadeine Headache Soluble,1,2.99,0.5,0
  7/7/25 ,5.01E+12,SOLPADEINE MAX 24,1,9.07,1.51,0
  7/7/25 ,5.01E+12,SOLPADINE PLUS 24,1,7.27,1.21,0
  7/7/25 ,5.01E+12,SOLPADINE PLUSE 24CAP,1,6.89,1.15,0
  7/7/25 ,5.00E+12,Strepsils Org 16s,1,3.49,0.58,0
  7/7/25 ,5.01E+12,STUGERON 15 TABS,1,5.29,0.88,0
  7/7/25 ,5.06E+12,SURESIGN PREGNANCY TEST,1,2.29,0.38,0
  7/7/25 ,7.32E+12,Tena L2 Men,1,4.49,0,0
  7/7/25 ,5.02E+12,Tweezers With Assorted Ends,1,1.89,0.32,0
  7/7/25 ,5.02E+12,Valupak Zinc 10mg 60,1,1.14,0.19,0
  7/7/25 ,42182627,VASELINE PETRO JELLY 50ML,1,1.39,0.23,0
  7/7/25 ,8.01E+12,VICKS inhaler 0.5ml,1,2.6,0.43,0
  7/7/25 ,5.03E+12,WISDOM interdental products clean between minty floss harps  30,1,1.59,0.27,0
  8/5/25 ,5.01E+12,Actifed MultI/Action Tabs 12s,4,23.16,3.86,0
  8/5/25 ,5.00E+12,ALLEVIA 120MG,2,10.64,1.78,0
  8/5/25 ,5.06E+12,ALMUS erectile dysfunction relief tablets f/c 50mg  4,2,29.98,5,0
  8/5/25 ,5.06E+12,ALMUS hayfever & allergy relief tablets 10mg  30,2,4.98,0.84,0
  8/5/25 ,5.06E+12,ALMUS sleep aid tablets 50mg  20,2,10.98,1.84,0
  8/5/25 ,5.06E+12,ALMUS tickly cough syrup 0.75mg/5ml 200ml,2,7.98,1.34,0
  8/5/25 ,4.01E+12,ALPECIN shampoo double effect 200ml,2,23.8,3.96,0
  8/5/25 ,5.04E+12,ALVITA surgical dispensing aids pill cutter,2,5.98,1,0
  8/5/25 ,5.06E+12,ALVITACOTTON PADS,2,2.98,0.5,0
  8/5/25 ,4.02E+12,Always Sensitive Norm 16s,2,3.1,0,0.62
  8/5/25 ,96183458,Anbesol Liquid 15ml,2,11.3,1.88,0
  8/5/25 ,5.06E+12,ASPIRIN 75MG,2,1.2,0.2,0
  8/5/25 ,4.02E+12,Aviva,0,0,0,0
  8/5/25 ,5.02E+12,Bazuka Gel Extra Strength,2,14.8,2.46,0
  8/5/25 ,7.31E+11,BIOFREEZE SPRAY,2,21.58,3.6,0
  8/5/25 ,5.00E+12,Buscopan Ibs Relief 40tabs,2,16.68,2.78,0
  8/5/25 ,5.01E+12,Carnation Corn Cap Plasters,2,8.5,1.42,0
  8/5/25 ,5.03E+12,Cetraben Cream 500g,2,22.96,3.82,0
  8/5/25 ,4.08E+12,Clearblue Digital Preg Test Sngle,2,24.58,4.1,0
  8/5/25 ,1.05E+18,CLINIPORE SURGICAL TAPE,4,5.16,0.88,0
  8/5/25 ,5.06E+12,CO CODAMOL,2,7.98,1.34,0
  8/5/25 ,5.03E+12,COCONUT LIP BALM,2,3.98,0.66,0
  8/5/25 ,5.06E+12,COTTONBUDS,2,2.58,0.44,0
  8/5/25 ,9.00E+12,Cow/gate Instant Carobel 135g Instant Carobel,4,17.4,0,0
  8/5/25 ,5.01E+12,Dentinox Colic Drps +syr 100ml With Syringe  21mg/2.5ml,2,7,1.16,0
  8/5/25 ,5.02E+12,Dermol 500 Ltn 500ml,2,21.76,3.62,0
  8/5/25 ,5.01E+12,Dettol Anti Bact Soap 2x100g,2,4.5,0.76,0
  8/5/25 ,50184262,Dextro Energy B/currant 47g,2,1.5,0,0
  8/5/25 ,5.00E+12,Disprin Tabs 32 Tablets  300mg,2,5.98,1,0
  8/5/25 ,7.35E+12,E45 lotion spray daily 200ml,2,12.98,2.16,0
  8/5/25 ,5.06E+12,EPIMAX cream 100g ,2,2.98,0.5,0
  8/5/25 ,5.02E+12,FACIAL WIPES ,6,6,1,0
  8/5/25 ,5.00E+12,Femfresh Deo Spray 125ml,2,5.54,0.92,0
  8/5/25 ,5.01E+12,Femfresh Wipes 25s,2,5.98,1,0
  8/5/25 ,50084470,Fishermans Friend B/curt 25g,2,1.58,0.26,0
  8/5/25 ,5.02E+12,Fluconazole 150mg Capsule,2,7.98,1.34,0
  8/5/25 ,5.02E+12,Galpharm Cold Sore Crm 2g Cold Sore Cream  5% W/w,2,5.98,1,0
  8/5/25 ,5.01E+12,GLYCEROL 4G SUPP,2,7.98,1.34,0
  8/5/25 ,5.06E+12,HALIBORANGE omega/3 & multivitamin softies  30,2,12,2,0
  8/5/25 ,5.03E+12,Halls Soothers Peach,4,3.4,0.56,0
  8/5/25 ,5.02E+12,HYDROCORTISONE CREAM 1%,2,16.38,2.74,0
  8/5/25 ,4.03E+12,Hyloforte Drops 10ml,2,17.98,2.4,3.6
  8/5/25 ,5.06E+12,IBUPROFEN 400MG TABLETS,2,11.98,2,0
  8/5/25 ,5.06E+12,IBUPROFEN AMD CODEINE,4,33.96,5.68,0
  8/5/25 ,5.02E+12,Iglu Pastilles S/free Past 24s,2,12.24,2.04,0
  8/5/25 ,5.06E+12,INFARED EAR THERMOMETER,2,49.8,8.3,0
  8/5/25 ,6.00E+12,KEDLEY FABRIC ARM POUCH M/L,2,13.98,2.34,0
  8/5/25 ,6.00E+12,KEDLEY HAND SUPPORT,2,9.98,1.66,0
  8/5/25 ,5.03E+12,KLEENEX balsam regular  64,2,4.5,0.76,0
  8/5/25 ,7.31E+12,LAMISIL 1% CREAM,2,13.2,2.2,0
  8/5/25 ,5.00E+12,Lemsip Max C/fl Dy/nght 16 Capsules,2,10.98,1.84,0
  8/5/25 ,5.06E+12,LORATADINE 10MG,4,14.92,2.48,0
  8/5/25 ,5.06E+12,Loratadine 5mg/5ml Syrup,2,5.1,0.86,0
  8/5/25 ,5.01E+12,MAC sore throat lozenges honey & lemon flavour  12,2,2.84,0.48,0
  8/5/25 ,8.10E+11,MEDIHONEY DERMA CREAM,2,21.8,3.64,0
  8/5/25 ,5.06E+12,Migraitan 50mg Tablets Tablets,2,16.18,2.7,0
  8/5/25 ,5.01E+12,MOVICOL PLAIN tubular stick pads powder sachet 13.1250g/0.0502g/0.3508g/0.1786g  30,2,30.92,5.16,0
  8/5/25 ,21022401,NHS Pre/Payment Certificate,2,64.1,10.68,0
  8/5/25 ,5.00E+12,Night Nurse 160ml,2,17.98,3,0
  8/5/25 ,5.01E+12,NUROFEN FOR CHILDREN oral suspension strawberry flavour 7/12 years 200mg/5ml 100ml ,4,28.4,4.72,0
  8/5/25 ,5.01E+12,NUROFEN PLUS IBUPROFEN.CODEINE 24TAB,6,58.8,9.78,0
  8/5/25 ,5.01E+12,OPTICLEAR LENS WIPES,2,2,0.34,0
  8/5/25 ,50483464,Optrex Infected Eye Drops,2,15.98,2.66,0
  8/5/25 ,5.06E+12,Orajel Dental Gel10% 5.3g,2,9.58,1.6,0
  8/5/25 ,5.01E+12,Ovex Family Pack 4 Tabs,2,26.58,4.44,0
  8/5/25 ,5.05E+12,PANADOL PERIOD PAIN tablets 65mg/500mg  16,2,6.98,1.16,0
  8/5/25 ,5.02E+12,Paracetamol Caplets 32,4,6,1,0
  8/5/25 ,5.04E+12,Paramol Ets 24 Tabs,4,33.96,5.68,0
  8/5/25 ,5.06E+12,PEPPA PIG PLASTERS,2,3.18,0.54,0
  8/5/25 ,5.05E+12,Piriton Allergy Tabs 4mg 60 Allergy Tablets  4mg,2,16.98,2.84,0
  8/5/25 ,5.00E+12,Piriton Syrup 2mg/5ml 150ml,4,23.96,4,0
  8/5/25 ,5.06E+12,PROBE COVERS,2,3.18,0.54,0
  8/5/25 ,5.00E+12,ROBITUSSIN CHESTY CGH 250ml,2,16.98,2.84,0
  8/5/25 ,5.05E+12,SENSODYNE toothpaste rapid relief white 75ml,2,10,1.66,0
  8/5/25 ,5.03E+12,SHOWER OIL,2,19,3.16,0
  8/5/25 ,5.01E+12,SOLPADEINE MAX 24,4,36.28,6.04,0
  8/5/25 ,5.03E+12,SPA BODY SCRUB 200ML,2,15,2.5,0
  8/5/25 ,3.33E+12,Sterimar Congest Rlf Spy 50ml,2,9.98,1.66,0
  8/5/25 ,5.06E+12,TEA TREE CLENSING WIPES 25,6,6,1,0
  8/5/25 ,7.32E+12,Tena Pants Super Med,2,26.5,0,0
  8/5/25 ,8.72E+12,Vaseline Cocoa Butter Jelly,2,3.86,0.64,0
  8/5/25 ,5.10E+12,Vaselne Lip Therapy Org 20g,4,7.72,1.28,0
  8/5/25 ,5.05E+12,Voltarol 12hr EmugeL/P 50g,2,23.98,4,0
  8/5/25 ,5.05E+12,voltarol 12hr gel,2,38.98,6.5,0
  8/5/25 ,5.01E+12,ZIPAMOL PLUS effervescent tablets 8/500mg  32,2,11.98,2,0
  8/7/25 ,5.06E+12,ALMUS cold sore cream 5% 2g,2,5.98,1,0
  8/7/25 ,5.06E+12,ALMUS paracetamol caplets 500mg  16,3,1.65,0.27,0
  8/7/25 ,5.39E+12,ANTHISAN BITE & STING cream 2% 20g,1,5.49,0.92,0
  8/7/25 ,5.39E+12,ANTHISAN cream 2% 25g,1,6.15,1.03,0
  8/7/25 ,5.00E+12,Bach Rescue Remedy Spray 20ml,1,11.5,1.92,0
  8/7/25 ,5.01E+12,BEAUTY FORMULAS intensive foot cream  100ml,1,1.39,0.23,0
  8/7/25 ,5.01E+12,BF HAIR REMOVAL CREAM SENSITIVE,1,1.79,0.3,0
  8/7/25 ,5.00E+12,Bonjela Junior Gel 15g,1,3.99,0.67,0
  8/7/25 ,5.02E+12,Calypso 50 High 150ml,1,8.99,1.5,0
  8/7/25 ,5.02E+12,Cetirizine 10mg 30 Tablets,1,3.99,0.67,0
  8/7/25 ,5.00E+12,Clearasil Ult Gel Wsh 150ml,1,6.99,1.17,0
  8/7/25 ,5.06E+12,CO CODAMOL,1,5.99,1,0
  8/7/25 ,5.06E+12,CO CODAMOL 8MG/500MG,3,11.97,2.01,0
  8/7/25 ,5.06E+12,Difflam Spray 30ml,1,8.49,1.42,0
  8/7/25 ,27122301,DISPENSARY SALE,1,10,1.67,0
  8/7/25 ,7.33E+12,EPADERM JUNIOR CREAM,1,7.29,1.22,0
  8/7/25 ,5.06E+12,EPIMAX cream 100g ,1,1.49,0.25,0
  8/7/25 ,5.06E+12,EPIMAX EXCETRA CREAM,1,3.34,0.56,0
  8/7/25 ,5.06E+12,EPIMAX isomol gel 500g,1,5.65,0.94,0
  8/7/25 ,5.00E+12,Femfresh Deo Spray 125ml,1,2.77,0.46,0
  8/7/25 ,5.00E+12,Femfresh Powder 200g,1,4.09,0.68,0
  8/7/25 ,5.01E+12,Femfresh Ult Care Wash 250ml,1,2.99,0.5,0
  8/7/25 ,5.01E+12,Femfresh Wipes 25s,1,2.99,0.5,0
  8/7/25 ,8.81E+12,FINE TEST LITE,1,11.3,1.88,0
  8/7/25 ,6.92E+12,FLOWFLEX lateral flow test kits  5,1,9,1.5,0
  8/7/25 ,5.01E+12,GAVISCON liquid mint 80mg/5ml/250mg/5ml/133.5mg/5ml 250ml,1,7.59,1.27,0
  8/7/25 ,5.03E+12,Halls Soothers Peach,1,0.85,0.14,0
  8/7/25 ,5.03E+12,Halls Soothers S/Berry,2,1.7,0.28,0
  8/7/25 ,7.35E+12,HC45 HYDROCORTISONE CREAM,1,5.99,1,0
  8/7/25 ,5.03E+12,JAKEMANS menthol sweets throat & chest 41g,1,0.99,0.17,0
  8/7/25 ,6.00E+12,KEDLEY ANKLE SUPPORT ,1,7.99,1.33,0
  8/7/25 ,6.00E+12,KEDLEY HOT & COLD PACK,1,9.99,1.67,0
  8/7/25 ,5.06E+12,Lactulose 500ml,1,8.99,1.5,0
  8/7/25 ,5.02E+12,MERIDIANA bath mats white 69cm X 38cm,1,8.39,1.4,0
  8/7/25 ,3.57E+12,Migraleve Complete 12 Tabs,1,8.69,1.45,0
  8/7/25 ,5.02E+12,MINI HANDBAG BARREL BRUSH,1,1.99,0.33,0
  8/7/25 ,991,MISC,1,9.99,1.67,0
  8/7/25 ,5.02E+12,Na Cranberry 5000mg 30s,2,11.9,1.98,0
  8/7/25 ,5.01E+12,NUROFEN PLUS IBUPROFEN.CODEINE 24TAB,2,19.6,3.26,0
  8/7/25 ,5.05E+12,OPTREX eye drops hayfever relief 2% 10ml,1,6.49,1.08,0
  8/7/25 ,50483464,Optrex Infected Eye Drops,1,7.99,1.33,0
  8/7/25 ,5.06E+12,Orajel Mouth Gel 10% Blue 5.3g,1,4.79,0.64,0.96
  8/7/25 ,3.57E+12,ORALDENE medicated relief for mouth & throat infections 200ml ,1,5,0.83,0
  8/7/25 ,8.00E+12,Pampers Sensitive Baby Wipes 52s,1,1.2,0.2,0
  8/7/25 ,5.02E+12,PARACETAMOL CAPLETS 16S,1,0.85,0.14,0
  8/7/25 ,5.02E+12,PARACETAMOL CAPS 500mg 16,1,0.55,0.09,0
  8/7/25 ,5.06E+12,PARACETAMOL CAPSULES 32S,2,4,0.66,0
  8/7/25 ,5.02E+12,PARACETAMOL EFFERVESCENT TABLETS,1,4.1,0.68,0
  8/7/25 ,5.04E+12,Paramol Tabs Ets 32,3,29.97,5.01,0
  8/7/25 ,5.06E+12,POCKET TISSUES,1,1.49,0.25,0
  8/7/25 ,5.02E+12,Rainbow Detangler Slim Brush,1,2.99,0.5,0
  8/7/25 ,5.02E+12,SAFE & SOUND medicine organisers jumbo pill box detachable,1,5.25,0.88,0
  8/7/25 ,5.02E+12,Safe & Sound Pop Open 7 Day Pop Open 7 Day Pill Box,1,5.29,0.88,0
  8/7/25 ,5.01E+12,SEVEN SEAS pure cod liver oil range liquid 150ml,1,5.5,0.92,0
  8/7/25 ,5.01E+12,Sodium Bicarbonate 5% Ear Drops,1,3.79,0.63,0
  8/7/25 ,5.01E+12,SOLPADEINE MAX SOL 24,1,8.5,1.42,0
  8/7/25 ,5.06E+12,SURESIGN,1,2.49,0.42,0
  8/7/25 ,8.00E+12,Tampax Compak Super Plus,1,3.19,0,0
  8/7/25 ,42182627,VASELINE PETRO JELLY 50ML,1,1.39,0.23,0
  8/7/25 ,8.71E+12,Vaselne Aloe Bdy Lot 200ml,1,3.65,0.61,0
  8/7/25 ,5.03E+12,Wisdom Clean Between Brushes 20 Interdental Brushes,1,2.99,0.5,0
  8/7/25 ,5.03E+12,WISDOM toothpaste active whitening charcoal 100ml,1,2.99,0.5,0
  9/5/25 ,5.06E+12,ALMUS hayfever & allergy relief tablets 10mg  30,2,4.98,0.84,0
  9/5/25 ,5.06E+12,ALMUS paracetamol caplets 500mg  16,2,0.98,0.16,0
  9/5/25 ,5.06E+12,ALMUS sleep aid tablets 50mg  20,8,43.92,7.36,0
  9/5/25 ,4.02E+12,ALWAYS CLASSIC,2,3.18,0.54,0
  9/5/25 ,8.01E+12,ALWAYS ULTRA sanitary towels day & night with wing size 3 18,2,7.98,0,0
  9/5/25 ,5.39E+12,ANTHISAN cream 2% 25g,2,12.3,2.06,0
  9/5/25 ,5.06E+12,ASPIRIN 75MG,2,1.2,0.2,0
  9/5/25 ,5.01E+12,Aspirin Disp Tabs 300mg 32s,2,5,0.84,0
  9/5/25 ,5.01E+12,Aspirin Disp Tabs 75mg,2,1.7,0.28,0
  9/5/25 ,5.01E+12,BEAUTY FORMULAS intensive foot cream  100ml,2,2.78,0.46,0
  9/5/25 ,3.57E+12,Benylin Mucus Relief Ngt 150ml,2,18.18,3.04,0
  9/5/25 ,5.01E+12,Broncho Stop Liq 240ml,2,23,3.84,0
  9/5/25 ,5.00E+12,Buscopan Ibs Relief 40tabs,2,16.68,2.78,0
  9/5/25 ,5.01E+12,Calpol 120mg/5ml Original,2,15.18,2.54,0
  9/5/25 ,5.01E+12,Calpol Six Plus Sfree 200ml,4,35.96,6,0
  9/5/25 ,5.01E+12,CANESTEN 2% CREAM 20g,2,21.18,3.54,0
  9/5/25 ,1.05E+18,CLINIGRIP ELASTICATED TUBULAR BANDAGE B 0.5M,2,2.8,0.46,0
  9/5/25 ,5.06E+12,CO CODAMOL,2,11.98,2,0
  9/5/25 ,5.06E+12,CO CODAMOL,6,23.94,4.02,0
  9/5/25 ,5.00E+12,Corsodyl Dly Mw Cool Mint 500ml,2,9,1.5,0
  9/5/25 ,5.01E+12,CUTICURA bar soap mildly medicated for dry skin 100g,2,4.58,0.76,0
  9/5/25 ,5.01E+12,CUTICURA body powder mildly medicated 150g,2,5.5,0.92,0
  9/5/25 ,27122301,DISPENSARY SALE,2,6,1,0
  9/5/25 ,7.35E+12,E45 ITCH RELIEF CREAM,4,27.96,4.68,0
  9/5/25 ,5.06E+12,EMLA 5% CREAM,2,8.1,1.36,0
  9/5/25 ,5.06E+12,EPIMAX cream 100g ,2,2.98,0.5,0
  9/5/25 ,5.06E+12,EPIMAX EXCETRA CREAM,2,6.68,1.12,0
  9/5/25 ,5.06E+12,EPIMAX ISOMOL GEL,2,7.4,1.24,0
  9/5/25 ,5.00E+12,EUMOVATE ECZ&DER CRM 15g,2,19.96,3.32,0
  9/5/25 ,96190968,EURAX HC CREAM,2,9.98,1.66,0
  9/5/25 ,5.01E+12,FACIAL WIPES SOFT APRICOT,2,2,0.34,0
  9/5/25 ,5.02E+12,Fluconazole 150mg Capsule,6,23.94,4,0
  9/5/25 ,5.02E+12,GALPHARM treathay tablets f/c 120mg  30,6,41.94,7.02,0
  9/5/25 ,5.00E+12,Gaviscon Dble Action Tablets Mint 24,2,10.98,1.84,0
  9/5/25 ,5.00E+12,Gaviscon Double Act Liq 300ml Peppermint,2,17.98,3,0
  9/5/25 ,5.00E+12,Gaviscon Lqd Pepp/mint 150ml,2,8.98,1.5,0
  9/5/25 ,5.03E+12,Halls Soothers Peach,2,1.7,0.28,0
  9/5/25 ,7.35E+12,HC45 HYDROCORTISONE CREAM,2,11.98,2,0
  9/5/25 ,4.03E+12,Hyloforte Drops 10ml,2,17.98,3,0
  9/5/25 ,5.06E+12,IBUPROFEN 100MG/5ML ORAL SUSPENSION,2,13.28,2.22,0
  9/5/25 ,5.06E+12,IBUPROFEN AMD CODEINE,2,16.98,2.84,0
  9/5/25 ,5.03E+12,JAKEMANS menthol lozenges blackcurrant 73g,2,2.18,0.36,0
  9/5/25 ,5.03E+12,JAKEMANS menthol lozenges cherry 73g,2,2.18,0.36,0
  9/5/25 ,5.03E+12,JAKEMANS menthol lozenges peppermint 73g,4,7.96,1.32,0
  9/5/25 ,5.06E+12,Lactulose 500ml,2,17.98,3,0
  9/5/25 ,5.06E+12,LORATADINE 10MG,2,7.46,1.24,0
  9/5/25 ,5.06E+12,Loratadine 5mg/5ml Syrup,2,5.1,0.86,0
  9/5/25 ,5.01E+12,MAC sore throat lozenges honey & lemon flavour  12,2,2.84,0.48,0
  9/5/25 ,5.00E+12,MELOLIN ADHESIVE low/adhesive absorbent dressing pads consumer/OTC pack  8.3cm x 6cm 5,2,7.08,1.18,0
  9/5/25 ,991,MISC,4,19.54,3.26,0
  9/5/25 ,5.00E+12,Night Nurse 160ml,2,17.98,3,0
  9/5/25 ,5.01E+12,NUROFEN PLUS IBUPROFEN.CODEINE 24TAB,2,19.6,3.26,0
  9/5/25 ,5.00E+12,Nurofen Tabs 200mg 24 Tabs,2,7.98,1.34,0
  9/5/25 ,5.06E+12,NUTRIO BURST ULTRA VITAMIN D3 1000IU,2,15.98,2.66,0
  9/5/25 ,5.01E+12,NYTOL ONE A NGT 20 TABLETS,2,16.38,2.74,0
  9/5/25 ,50007592,Optrex Refreshing Eye Drops 10ml,2,9.98,1.66,0
  9/5/25 ,5.06E+12,Orajel Mouth Gel 10% Blue 5.3g,2,9.58,1.6,0
  9/5/25 ,3.57E+12,OVEX SUSPENSION FAMILY PK 30ml,2,31.98,5.34,0
  9/5/25 ,8.00E+12,PALMOLIVE liquid hand soap antibacterial 300ml,2,2.78,0.46,0
  9/5/25 ,8.00E+12,Pampers Sensitive Baby Wipes 52s,2,2.4,0.4,0
  9/5/25 ,5.00E+12,Panadol Actifast Sol 24,2,9.9,1.66,0
  9/5/25 ,5.00E+12,Paracetamol Soluble 500mg Tabs,2,8.98,1.5,0
  9/5/25 ,5.04E+12,Paramol Ets 24 Tabs,2,16.98,2.84,0
  9/5/25 ,5.05E+12,Piriton Allergy Tabs 4mg 60 Allergy Tablets  4mg,2,16.98,2.84,0
  9/5/25 ,5.00E+12,Piriton Syrup 2mg/5ml 150ml,4,23.96,4,0
  9/5/25 ,5.03E+12,PYROCALM CONTROL 20MG 14TAB,2,22.98,3.84,0
  9/5/25 ,5.01E+12,Rennie Sugar Free Tablets,2,6.58,1.1,0
  9/5/25 ,5.01E+12,Rennie Tabs 24 Peppermint,2,6.18,1.04,0
  9/5/25 ,5.06E+12,RICE AND ROSEWATER CONDITIONER,2,2,0.34,0
  9/5/25 ,7.61E+12,Ricola Drops 45g S/f Lemon Mint Box,2,2.9,0.48,0
  9/5/25 ,5.00E+12,ROBITUSSIN CHESTY CGH 250ml,2,16.98,2.84,0
  9/5/25 ,5.02E+12,SAFE & SOUND medicine organisers 7 day pill box reminder,2,2.78,0.46,0
  9/5/25 ,5.01E+12,SAVLON 15G,2,3.58,0.6,0
  9/5/25 ,5.01E+12,SIMPLE LINCTUS PAEDIATRIC S/F,2,5.38,0.9,0
  9/5/25 ,5.01E+12,SOLPADEINE MAX 24,8,72.56,12.08,0
  9/5/25 ,5.01E+12,SOLPADINE PLUS 24,4,29.08,4.84,0
  9/5/25 ,5.01E+12,SOLPADINE PLUSE 24CAP,2,13.78,2.3,0
  9/5/25 ,3.33E+12,Sterimar Baby,2,9.98,1.66,0
  9/5/25 ,5.01E+12,Sterimar Isotonic Nasal Spry 100ml,2,13.58,2.26,0
  9/5/25 ,5.01E+12,STERIMAR nasal spray hayfever 50ml ,2,9.98,1.66,0
  9/5/25 ,3.57E+12,SUDAFED DECONG TABS 12s,2,9.58,1.6,0
  9/5/25 ,7.32E+12,TENA unisex pants maxi medium 10,4,67.8,0,0
  9/5/25 ,5.03E+12,THE BODY DOCTOR eyelid wipes 0.9%,2,7.98,1.34,0
  9/5/25 ,5.06E+12,Ultra Chlora Blkcrt Spry 15ml,2,12.3,2.06,0
  9/5/25 ,8.71E+12,Vaseline CoCoa Radiant,2,10.3,1.72,0
  9/5/25 ,42182634,Vaseline Petro Jelly 100ml,2,3.98,0.66,0
  9/5/25 ,42182627,VASELINE PETRO JELLY 50ML,2,2.78,0.46,0
  9/5/25 ,5.02E+12,VELVET EYE MASK,2,4.98,0.84,0
  9/5/25 ,5.01E+12,VOLTAROL EMULGEL P 50g,2,16.58,2.76,0
  9/6/25  ,5.06E+12,AACULOSE eye drops 0.5% 10ml,4,7.12,1.2,0
  9/6/25  ,5.01E+12,Abidec Drops 25ml,4,23.96,4,0
  9/6/25  ,5.03E+12,ALOE VERA LIP BALM,4,7.96,1.32,0
  9/6/25  ,4.02E+12,ALWAYS CLASSIC,8,12.72,2.16,0
  9/6/25  ,4.02E+12,Always Sensitive Norm 16s,4,6.2,0,0
  9/6/25  ,5.04E+12,ASHTON & PARSONS TEETHING GEL,4,23,3.84,0
  9/6/25  ,5.01E+12,Beconase Hayfever Nasal Spray 0.05% 180 Doses,4,43.96,7.32,0
  9/6/25  ,5.01E+12,BF HAND CREAM,12,12,2.04,0
  9/6/25  ,5.01E+12,Buttercup Syrup Orginal 150ml,4,23.96,4,0
  9/6/25  ,5.01E+12,CALPOL 2M+ 100ML,8,36.72,6.16,0
  9/6/25  ,3.57E+12,CALPOL MELTS 6PLUS,4,22.72,3.8,0
  9/6/25  ,5.01E+12,Calpol Six Plus Sfree 200ml,4,35.96,6,0
  9/6/25  ,5.01E+12,CLARITYN kids allergy syrup berry 5mg/5ml 60ml,4,23.16,3.88,0
  9/6/25  ,1.05E+18,CLINIPORE TAPE 2.5CMX5M,4,5.96,1,0
  9/6/25  ,1.05E+18,CLINIPORE TAPE 5X5,4,7.56,1.28,0
  9/6/25  ,5.03E+12,Daktacort Hc Cream 15g,12,92.28,15.36,0
  9/6/25  ,5.01E+12,Daktarin Cream,4,19.96,3.32,0
  9/6/25  ,5.01E+12,Deep Heat Bk Patch x2,4,22.6,3.76,0
  9/6/25  ,50184262,Dextro Energy B/currant 47g,4,3.16,0,0
  9/6/25  ,50184491,Dextro Energy Tropical,12,9.48,0,0
  9/6/25  ,76111570,Dextro Lemon,8,6.32,1.04,0
  9/6/25  ,5.06E+12,Difflam Spray 30ml,4,33.96,5.68,0
  9/6/25  ,5.06E+12,EAROL OLIVE OIL SPRAY 10ml,4,25.4,4.24,0
  9/6/25  ,5.06E+12,ELLAONE tablet 30mg  1,4,139.8,6.64,0
  9/6/25  ,5.06E+12,EMLA 5% CREAM,4,16.2,2.72,0
  9/6/25  ,96190968,EURAX HC CREAM,4,19.96,3.32,0
  9/6/25  ,6.92E+12,FLOWFLEX lateral flow test kits  5,4,36,6,0
  9/6/25  ,5.02E+12,GALPHARM treathay tablets f/c 120mg  30,4,27.96,4.68,0
  9/6/25  ,5.01E+12,GAVISCON DOUBLE ACTION liquid aniseed 325mg/500mg/213mg 600ml,4,67.96,11.32,0
  9/6/25  ,4.03E+12,GEL TEARS 0.2%,8,26.16,4.36,0
  9/6/25  ,5.06E+12,HALIBORANGE omega/3 & multivitamin softies  30,4,24,4,0
  9/6/25  ,5.03E+12,Hydrocortisone 1% Cream,4,32.76,5.48,0
  9/6/25  ,5.01E+12,Ibuprofen 400mg Tablets,4,11.16,1.88,0
  9/6/25  ,5.06E+12,IBUPROFEN AMD CODEINE,8,67.92,11.36,0
  9/6/25  ,5.06E+12,Ibuprofen Tablets 200mg 24,4,8.2,1.36,0
  9/6/25  ,3.57E+12,Imodium Instants 12s,4,32.96,5.48,0
  9/6/25  ,5.02E+12,KINETIK BLOOD PRESSURE MONITOR,4,99.96,16.68,0
  9/6/25  ,4.99E+12,Koolnsoothe Child 4,4,10.8,1.8,0
  9/6/25  ,5.00E+12,Lemsip Max C/fl Dy/nght 16 Capsules,4,21.96,3.68,0
  9/6/25  ,5.00E+12,Lemsip Max Cold/flu Sach 10 Blackcurrant,4,20.76,3.48,0
  9/6/25  ,5.00E+12,Melolin Dressing Pads 10x10cm,4,18.72,3.12,0
  9/6/25  ,991,MISC,4,5.16,0.88,0
  9/6/25  ,5.00E+12,Night Nurse 160ml,4,35.96,6,0
  9/6/25  ,5.05E+12,Night Nurse Capsules 10,4,28.64,4.76,0
  9/6/25  ,5.01E+12,NYTOL ONE A NGT 20 TABLETS,4,32.76,5.48,0
  9/6/25  ,5.00E+12,OLBAS oil 30ml,4,31.96,5.32,0
  9/6/25  ,50483488,OPTREX BLOODSHOT EYE DROPS 10ml,8,39.92,6.64,0
  9/6/25  ,5.00E+12,OPTREX eye spray actimist 2in1 itchy watery 10ml,4,63.96,10.68,0
  9/6/25  ,5.06E+12,Orajel Mouth Gel 10% Blue 5.3g,4,19.16,3.2,0
  9/6/25  ,5.05E+12,OTRIVINE nasal spray with khone spray congestion relief 0.1% 10ml,4,24,4,0
  9/6/25  ,5.00E+12,Panadol Extra Sol Tabs 24,16,87.84,14.68,0
  9/6/25  ,5.06E+12,PARACETAMOL,28,42,7,0
  9/6/25  ,5.02E+12,PARACETAMOL CAPS 500mg 16,4,2.2,0.36,0
  9/6/25  ,5.00E+12,Piriton Syrup 2mg/5ml 150ml,4,23.96,4,0
  9/6/25  ,5.01E+12,Rennie Orange Chewable 24,4,12.36,2.08,0
  9/6/25  ,5.02E+12,SAFE&SOUND STER ADHESIVE WATERPROOF,12,12,2,0
  9/6/25  ,5.02E+12,Safe+sound Antiseptic Wips X10,4,6.76,1.12,0
  9/6/25  ,5.01E+12,Senokot Liq 150ml,4,27.96,4.68,0
  9/6/25  ,5.01E+12,Sodium Bicarbonate 5% Ear Drops,4,15.16,2.52,0
  9/6/25  ,5.01E+12,SOLPADEINE MAX 24,8,72.56,12.08,0
  9/6/25  ,5.01E+12,SOLPADINE PLUS 24,4,29.08,4.84,0
  9/6/25  ,5.01E+12,SOLPADINE PLUSE 24CAP,8,55.12,9.2,0
  9/6/25  ,5.01E+12,STUGERON 15 TABS,4,21.16,3.52,0
  9/6/25  ,3.57E+12,SUDAFED sinus ease nasal spray 0.14ml 15ml,4,24.2,4.04,0
  9/6/25  ,5.06E+12,SURESIGN vitamin D deficiency test  1,4,51.96,8.68,0
  9/6/25  ,1.05E+18,SURGICAL TAPE,4,5.96,1,0
  9/6/25  ,5.01E+12,T.c.p. Lqd 100ml,4,23.96,4,0
  9/6/25  ,5.02E+12,ULTRA minerals tablets magnesium 375mg  60,4,23.8,3.96,0
  9/6/25  ,5.02E+12,Valupak Vit D3 1000iu 60s,4,4.56,0.76,0
  9/6/25  ,5.00E+12,Vicks Vapour Rub 100g,4,21.16,3.52,0
  9/6/25  ,3.06E+12,VOLVIC,4,4,0.68,0
  9/6/25  ,5.02E+12,WINDEZE 20S GEL,4,19.96,3.32,0
  9/6/25  ,1.04E+18,ZETUVIT 20CMX20CM,4,4,0.68,0
  9/7/25 ,5.01E+12,Acetone Solvent 50ml,2,5.78,0.96,0
  9/7/25 ,5.00E+12,ALLEVIA 120MG,1,5.32,0.89,0
  9/7/25 ,5.06E+12,ALMUS cold sore cream 5% 2g,1,2.99,0.5,0
  9/7/25 ,5.06E+12,ALMUS ibuprofen tablets 200mg  16,1,0.59,0.1,0
  9/7/25 ,5.06E+12,ALMUS mucus cough syrup 100mg/5ml 200ml,1,3.99,0.67,0
  9/7/25 ,5.06E+12,ALMUS tickly cough syrup 0.75mg/5ml 200ml,1,3.99,0.67,0
  9/7/25 ,5.06E+12,ALVITA PREGNANCY TEST TWIN,1,3.99,0.67,0
  9/7/25 ,5.39E+12,ANTHISAN BITE & STING cream 2% 20g,2,10.98,1.84,0
  9/7/25 ,5.01E+12,Aspirin Disp Tabs 75mg,2,1.7,0.28,0
  9/7/25 ,5.01E+12,Beauty Form Lens Cleans Wipes 20 Lens Cleansing Wipes,2,2,0.34,0
  9/7/25 ,5.01E+12,Beconase Hayfever Nasal Spray 0.05% 180 Doses,2,21.98,3.66,0
  9/7/25 ,5.02E+12,BELLS OTC medicines analgesics paracetamol caplets 500mg  32,2,3,0.5,0
  9/7/25 ,5.01E+12,Calpol Six Plus Sf 100ml,1,5.49,0.92,0
  9/7/25 ,5.02E+12,CALYPSO sun protection continuous spray spf30 175ml,1,7.49,1.25,0
  9/7/25 ,5.01E+12,Canesten Oasis For Cystitis Relief Cystitis Relief,1,6.89,1.15,0
  9/7/25 ,5.01E+12,Canestest Scrn Test,1,10.49,1.75,0
  9/7/25 ,5.01E+12,Care+ Aqueous Calamin Cream 100g,1,3.49,0.58,0
  9/7/25 ,5.01E+12,Carnation Fng/toe Bnd 4m,1,3.65,0.61,0
  9/7/25 ,1.05E+18,CLINIPORE TAPE 2.5CMX5M,1,1.49,0.25,0
  9/7/25 ,5.06E+12,CO CODAMOL,3,17.97,3,0
  9/7/25 ,5.01E+12,CUCUMBER & AVOCADO,1,1,0.17,0
  9/7/25 ,42405962,DEXTRO BLUEBERRY,1,0.79,0.13,0
  9/7/25 ,76111587,Dextro Energy Classic 47g,1,0.79,0,0
  9/7/25 ,50184491,Dextro Energy Tropical,1,0.79,0,0
  9/7/25 ,5.06E+12,Difflam Spray 30ml,1,8.49,1.42,0
  9/7/25 ,5.00E+12,Femfresh Deo Spray 125ml,1,2.77,0.46,0
  9/7/25 ,5.05E+12,FERROUS SULPH TABS 200MG 100,1,4.59,0.77,0
  9/7/25 ,8.01E+12,FIXODENT NEUTRAL,1,2.99,0.5,0
  9/7/25 ,5.02E+12,GALPHARM ibuprofen & paracetamol tablets f/c 200mg/500mg  16,2,5.98,1,0
  9/7/25 ,5.04E+12,GOLDEN EYE OINT 1%,2,13.78,2.3,0
  9/7/25 ,5.06E+12,HALIBORANGE omega/3 & multivitamin softies  30,1,6,1,0
  9/7/25 ,50696925,Halls Original,2,1.7,0.28,0
  9/7/25 ,4.03E+12,Hycosan Plus Eye Drops 7.5ml Eye Drops,1,11.18,1.86,0
  9/7/25 ,5.39E+12,HYDROGEN PEROXIDE 6%,1,3.99,0.53,0.8
  9/7/25 ,5.06E+12,IBUPROFEN 400MG,3,14.97,2.49,0
  9/7/25 ,5.03E+12,JAKEMANS menthol lozenges peppermint 73g,3,2.97,0.51,0
  9/7/25 ,5.00E+12,MELOLIN 5CMX5CM,1,2.1,0.35,0
  9/7/25 ,5.05E+12,Night Nurse Capsules 10,1,7.16,1.19,0
  9/7/25 ,4.06E+12,NUMARK IBUPROFEN 400MG 24S,1,4.99,0.83,0
  9/7/25 ,5.00E+12,Nurofen Child Strwbry 100ml,1,4.25,0.71,0
  9/7/25 ,5.01E+12,NUROMOL dual action pain relief tablets 200mg/500mg  12,1,3.99,0.67,0
  9/7/25 ,5.01E+12,NYTOL ONE A NGT 20 TABLETS,1,8.19,1.37,0
  9/7/25 ,5.00E+12,OLBAS oil for children 12ml,1,5.15,0.86,0
  9/7/25 ,5.05E+12,OPTREX eye drops hayfever relief 2% 10ml,1,6.49,1.08,0
  9/7/25 ,5.06E+12,Orajel Ex Dental Gel 5.3g,1,6.49,1.08,0
  9/7/25 ,5.05E+12,PANADOL PERIOD PAIN tablets 65mg/500mg  16,1,3.49,0.58,0
  9/7/25 ,5.02E+12,PARACETAMOL CAPLETS 16S,1,0.85,0.14,0
  9/7/25 ,5.04E+12,Paramol Tabs Ets 32,1,9.99,1.67,0
  9/7/25 ,5.01E+12,Simple Linctus S/f 200ml,1,2.69,0.45,0
  9/7/25 ,5.01E+12,SNUFFLE BABE VAPOUR RUB,1,3.99,0.67,0
  9/7/25 ,5.01E+12,SOLPADEINE MAX 24,1,9.07,1.51,0
  9/7/25 ,5.01E+12,SOLPADEINE MAX SOL 24,1,8.5,1.42,0
  9/7/25 ,5.02E+12,Sudocrem Antisept Cream 250g,1,9.99,1.67,0
  9/7/25 ,5.06E+12,SURESIGN,1,2.49,0.42,0
  9/7/25 ,5.02E+12,Valupak Multivit/iron Tabs 50 Tablets,1,1.48,0.25,0
  9/7/25 ,8.71E+12,Vaseline Lip Rosy 20g,1,1.93,0.32,0
  9/7/25 ,5.02E+12,WELLKID liquid calcium 150ml ,1,4.95,0.83,0
  9/7/25 ,42070719,WRIGLEYS EXTRA COOL BREEZE,1,0.79,0.13,0
  9/7/25 ,,WRIST SPLINT,1,12.99,2.17,0
